{"loss": [0.42620986700057983, 0.26460251212120056, 0.23685654997825623, 0.2293938249349594, 0.22308187186717987, 0.21479317545890808, 0.2024950534105301, 0.19160065054893494, 0.18387632071971893, 0.17671366035938263, 0.17084525525569916, 0.16297918558120728, 0.15593791007995605, 0.14559613168239594, 0.13408057391643524, 0.12282602488994598, 0.11356865614652634, 0.1041516438126564, 0.09501268714666367, 0.08452288806438446, 0.07695566862821579, 0.0707109123468399, 0.06650711596012115, 0.06096264719963074, 0.05677745118737221, 0.05403797701001167, 0.051448408514261246, 0.047927383333444595, 0.04676652327179909, 0.044601209461688995, 0.042774513363838196, 0.04149638116359711, 0.03955186903476715, 0.03890476003289223, 0.03736407682299614, 0.03651640936732292, 0.03518401086330414, 0.034286413341760635, 0.033783234655857086, 0.03352276608347893, 0.03240368142724037, 0.0315689742565155, 0.031231723725795746, 0.030801504850387573, 0.029818009585142136, 0.029620138928294182, 0.028994573280215263, 0.028535813093185425, 0.028613364323973656, 0.02874685637652874, 0.02775316871702671, 0.028017522767186165, 0.027126051485538483, 0.026646681129932404, 0.026425793766975403, 0.02583148702979088, 0.026162467896938324, 0.025479495525360107, 0.025347711518406868, 0.024733930826187134, 0.025153595954179764, 0.02474116161465645, 0.02429964207112789, 0.024157684296369553, 0.023876849561929703, 0.0236769188195467, 0.023366274312138557, 0.02324402518570423, 0.022978810593485832, 0.02297198958694935, 0.02273004874587059, 0.022759893909096718, 0.022457972168922424, 0.022230055183172226, 0.02201942726969719, 0.02179010398685932, 0.021696044132113457, 0.021544918417930603, 0.021192796528339386, 0.021182937547564507, 0.021211544051766396, 0.020817890763282776, 0.02093767374753952, 0.020585797727108, 0.020535258576273918, 0.0206161979585886, 0.020359067246317863, 0.020441807806491852, 0.02053932286798954, 0.020185131579637527, 0.020077239722013474, 0.020136188715696335, 0.019913718104362488, 0.019991187378764153, 0.019590917974710464, 0.019710855558514595, 0.01971730962395668, 0.019533079117536545, 0.019367380067706108, 0.019322574138641357], "mae": [0.0373842716217041, 0.02887844480574131, 0.026946846395730972, 0.02647741697728634, 0.026029709726572037, 0.025523295626044273, 0.02473166026175022, 0.02399591915309429, 0.023378830403089523, 0.022954251617193222, 0.0224684476852417, 0.02190745808184147, 0.021398993209004402, 0.020639542490243912, 0.019756456837058067, 0.0188298299908638, 0.018145188689231873, 0.017246270552277565, 0.016487224027514458, 0.015527737326920033, 0.014812939800322056, 0.01416212972253561, 0.013783186674118042, 0.013162456452846527, 0.012698512524366379, 0.01247901376336813, 0.012208469212055206, 0.01176314614713192, 0.011660244315862656, 0.011363832280039787, 0.011119955219328403, 0.010967964306473732, 0.010684954933822155, 0.010650532320141792, 0.010459056124091148, 0.010327144525945187, 0.010131126269698143, 0.010006486438214779, 0.009968887083232403, 0.009963657706975937, 0.009784133173525333, 0.00963269267231226, 0.009626530110836029, 0.009565125219523907, 0.009362648241221905, 0.009370333515107632, 0.009266206063330173, 0.0091783432289958, 0.009242651984095573, 0.009280403144657612, 0.009086474776268005, 0.009181011468172073, 0.008982398547232151, 0.008896655403077602, 0.008907901123166084, 0.008766133338212967, 0.008874204941093922, 0.008715624921023846, 0.008718090131878853, 0.00859121698886156, 0.008677631616592407, 0.00861372146755457, 0.008580612950026989, 0.008531174622476101, 0.008482120931148529, 0.008456193841993809, 0.008380143903195858, 0.008352018892765045, 0.00831780955195427, 0.008319989778101444, 0.008290430530905724, 0.008267054334282875, 0.00824052095413208, 0.008166342973709106, 0.008144068531692028, 0.008104011416435242, 0.008082015439867973, 0.008062412030994892, 0.007981892675161362, 0.007963268086314201, 0.007993294857442379, 0.007917418144643307, 0.007934657856822014, 0.007854741998016834, 0.0078694187104702, 0.007881653495132923, 0.007814131677150726, 0.007857824675738811, 0.007874100469052792, 0.007790181785821915, 0.007759677246212959, 0.007768291048705578, 0.007728466764092445, 0.007757277227938175, 0.007677643094211817, 0.007667663972824812, 0.007689611054956913, 0.007669345010071993, 0.007628412917256355, 0.0076172309927642345], "mse": [0.002311333315446973, 0.0014268038794398308, 0.0012792579364031553, 0.0012375921942293644, 0.0012025544419884682, 0.001154096913523972, 0.0010910520795732737, 0.001031526830047369, 0.000988252111710608, 0.0009528613300062716, 0.0009187659015879035, 0.0008768196566961706, 0.000838212261442095, 0.0007827295339666307, 0.0007188785821199417, 0.0006594257429242134, 0.0006107015069574118, 0.0005575734539888799, 0.0005069638136774302, 0.00045321285142563283, 0.0004132246831431985, 0.0003792663919739425, 0.0003552889684215188, 0.00032590332557447255, 0.0003034262335859239, 0.0002894133504014462, 0.0002745067176874727, 0.0002570310898590833, 0.0002494441287126392, 0.00023842064547352493, 0.000228653138037771, 0.00022109154087956995, 0.0002108941989718005, 0.00020706119539681822, 0.0001998053048737347, 0.00019497328321449459, 0.00018721587548498064, 0.0001823420316213742, 0.00017982846475206316, 0.00017870240844786167, 0.00017288893286604434, 0.00016813933325465769, 0.0001667328178882599, 0.00016408613009843975, 0.0001585093850735575, 0.00015800617984496057, 0.0001547007414046675, 0.00015204290684778243, 0.0001526096893940121, 0.0001534565381007269, 0.00014770864800084382, 0.00014949607430025935, 0.00014426931738853455, 0.00014202974853105843, 0.00014105899026617408, 0.00013796296843793243, 0.0001394218998029828, 0.0001356767606921494, 0.00013495363236870617, 0.00013197177031543106, 0.00013364320329856128, 0.00013162128743715584, 0.00012993745622225106, 0.0001285500475205481, 0.00012719859660137445, 0.0001263985614059493, 0.0001244886952918023, 0.00012372004857752472, 0.00012257788330316544, 0.00012213583977427334, 0.00012127269292250276, 0.00012112333934055641, 0.0001197187666548416, 0.00011814082245109603, 0.00011717630695784464, 0.00011617590644164011, 0.0001154825949924998, 0.00011488080053823069, 0.00011300818005111068, 0.0001125399285228923, 0.00011296393495285884, 0.00011109020124422386, 0.00011124279262730852, 0.00010964382090605795, 0.00010964036482619122, 0.00010979460057569668, 0.00010843268682947382, 0.00010873140854528174, 0.00010927278344752267, 0.00010748055501608178, 0.0001068444544216618, 0.00010708035551942885, 0.00010586168355075642, 0.00010644874419085681, 0.00010473731526872143, 0.00010469910921528935, 0.00010466364619787782, 0.00010408828529762104, 0.00010336806008126587, 0.00010299561836291105],