{"loss": [0.26578593254089355, 0.08537646383047104, 0.041864655911922455, 0.028788408264517784, 0.023516669869422913, 0.020339179784059525, 0.018149321898818016, 0.015465273521840572, 0.013786710798740387, 0.012472514063119888, 0.0121155995875597, 0.012170893140137196, 0.011972200125455856, 0.010270928964018822, 0.011005411855876446, 0.00942754466086626, 0.010884135030210018, 0.009266765788197517, 0.009720300324261189, 0.008646686561405659, 0.009134110063314438, 0.008357950486242771, 0.007959776557981968, 0.00833651702851057, 0.00770975835621357, 0.008668124675750732, 0.007508150301873684, 0.008223455399274826, 0.007666124030947685, 0.007074169814586639, 0.007946986705064774, 0.0077049341052770615, 0.007399826776236296, 0.007671334780752659, 0.006901820655912161, 0.0073939780704677105, 0.006904809735715389, 0.007161987479776144, 0.007110344246029854, 0.0078056370839476585, 0.0069936709478497505], "mae": [0.02836472913622856, 0.015616316348314285, 0.010939694941043854, 0.009048126637935638, 0.008130930364131927, 0.007561895996332169, 0.0070959823206067085, 0.006534146144986153, 0.006184567231684923, 0.005883757025003433, 0.005808154586702585, 0.005762024316936731, 0.005761516746133566, 0.005335411988198757, 0.005491937045007944, 0.005102291237562895, 0.005434578750282526, 0.005060461815446615, 0.005161905195564032, 0.00492721376940608, 0.004964856430888176, 0.004834811203181744, 0.004708829801529646, 0.004813717678189278, 0.004648863337934017, 0.004887975286692381, 0.004597112536430359, 0.004736968316137791, 0.004633020609617233, 0.004462996032088995, 0.004693249706178904, 0.00455426424741745, 0.004513483960181475, 0.004555440507829189, 0.004368748050183058, 0.004516150336712599, 0.004403597675263882, 0.004467613063752651, 0.004460162948817015, 0.004658518824726343, 0.004416072741150856], "mse": [0.0014371804427355528, 0.0004581988032441586, 0.00022318190895020962, 0.00015394866932183504, 0.00012537938891910017, 0.0001083512106561102, 9.708476136438549e-05, 8.228257502196357e-05, 7.382343028439209e-05, 6.64058024995029e-05, 6.476719863712788e-05, 6.461415614467114e-05, 6.378268881235272e-05, 5.456227154354565e-05, 5.861191311851144e-05, 5.033917477703653e-05, 5.789739589090459e-05, 4.9620677600614727e-05, 5.162607703823596e-05, 4.6145876694936305e-05, 4.8538600822212175e-05, 4.484432429308072e-05, 4.2364852561149746e-05, 4.448484105523676e-05, 4.121534584555775e-05, 4.632587661035359e-05, 3.9893013308756053e-05, 4.3738218664657325e-05, 4.0719118260312825e-05, 3.781136547331698e-05, 4.236081076669507e-05, 4.113676550332457e-05, 3.94051312468946e-05, 4.0933271520771086e-05, 3.6724581150338054e-05, 3.9310940337600186e-05, 3.6863290006294847e-05, 3.819392804871313e-05, 3.810977068496868e-05, 4.174220885033719e-05, 3.74917290173471e-05], "val_loss": [0.15692397952079773, 0.045217275619506836, 0.03510036692023277, 0.02228892408311367, 0.02283559739589691, 0.015399288386106491, 0.014940098859369755, 0.012930981814861298, 0.017057104036211967, 0.015988953411579132, 0.010299772024154663, 0.011782080866396427, 0.014511787332594395, 0.008730287663638592, 0.011056402698159218, 0.006946923211216927, 0.009750009514391422, 0.010176584124565125, 0.008688253350555897, 0.006104753818362951, 0.007517274934798479, 0.007718721404671669, 0.0062375846318900585, 0.011692168191075325, 0.008183416910469532, 0.00599294900894165, 0.00820424035191536, 0.006880853790789843, 0.008989733643829823, 0.008975879289209843, 0.010233431123197079, 0.006624044384807348, 0.006044589914381504, 0.006834409199655056, 0.006321755237877369, 0.010058210231363773, 0.006306362338364124, 0.00933146383613348, 0.006769114173948765, 0.00820987019687891, 0.006584351882338524], "val_mae": [0.021799959242343903, 0.01112035010010004, 0.010248798877000809, 0.007918616756796837, 0.008270702324807644, 0.006567584350705147, 0.006681954488158226, 0.006175294052809477, 0.007287136744707823, 0.006604520138353109, 0.00554378516972065, 0.005856371019035578, 0.006646956317126751, 0.00512812752276659, 0.005952327977865934, 0.004466220736503601, 0.005201452411711216, 0.005158834625035524, 0.005027479026466608, 0.004091552924364805, 0.004515054635703564, 0.004980569239705801, 0.004091083537787199, 0.006427823565900326, 0.0053071822039783, 0.0040811519138514996, 0.004660779610276222, 0.004462125711143017, 0.0049151284620165825, 0.005201263353228569, 0.005017232149839401, 0.004260145593434572, 0.004336973652243614, 0.0043752132914960384, 0.004461223259568214, 0.005073251202702522, 0.004244504030793905, 0.005093405954539776, 0.0042275493033230305, 0.0047106812708079815, 0.004197478760033846], "val_mse": [0.0008417595527134836, 0.00024324153491761535, 0.00018836208619177341, 0.00012019872519886121, 0.00012210890417918563, 8.30378703540191e-05, 7.983999967109412e-05, 6.91000313963741e-05, 9.14794800337404e-05, 8.622684254078194e-05, 5.5091368267312646e-05, 6.295003549894318e-05, 7.778133294777945e-05, 4.6862416638759896e-05, 5.914382927585393e-05, 3.7274225178407505e-05, 5.208812217460945e-05, 5.4321379138855264e-05, 4.65546763734892e-05, 3.2787742384243757e-05, 4.041883585159667e-05, 4.124217957723886e-05, 3.35357035510242e-05, 6.234402826521546e-05, 4.375094795250334e-05, 3.205125904059969e-05, 4.381343751447275e-05, 3.695612758747302e-05, 4.8195492126978934e-05, 4.7969191655283794e-05, 5.469569077831693e-05, 3.562815982149914e-05, 3.239540455979295e-05, 3.680771988001652e-05, 3.389041739865206e-05, 5.388564750319347e-05, 3.3805015846155584e-05, 5.045652505941689e-05, 3.65351079381071e-05, 4.4251213694224134e-05, 3.520268728607334e-05]}