{"loss": [0.24811463057994843, 0.07360465824604034, 0.03742120787501335, 0.02904602885246277, 0.023817338049411774, 0.022278647869825363, 0.01985909976065159, 0.01878734491765499, 0.018824037164449692, 0.017881806939840317, 0.01740325428545475, 0.016542403027415276, 0.016551772132515907, 0.01698460429906845, 0.015577421523630619, 0.015439500100910664, 0.01575559191405773, 0.014938419684767723, 0.0155094675719738, 0.014360155910253525, 0.014582064002752304, 0.013898137956857681, 0.014800204895436764, 0.014358846470713615, 0.013784823939204216, 0.014136966317892075, 0.014100390486419201, 0.013692612759768963, 0.013555193319916725, 0.013503619469702244, 0.013526029884815216, 0.013456666842103004, 0.013287209905683994, 0.013157470151782036, 0.01323744934052229, 0.013185756281018257, 0.012675904668867588, 0.01310478150844574, 0.013138367794454098, 0.012571468949317932, 0.012838919647037983, 0.012664787471294403, 0.012514403089880943, 0.01251754816621542, 0.012456966564059258, 0.01220807246863842, 0.01237015426158905, 0.012408409267663956, 0.01214158721268177, 0.012245983816683292, 0.01235321443527937, 0.011928990483283997, 0.01192545983940363, 0.01175185851752758, 0.011993108317255974, 0.01203658152371645, 0.011744345538318157, 0.011905317194759846, 0.011617625132203102, 0.011641650460660458, 0.011618980206549168, 0.011564290151000023, 0.011757727712392807, 0.01151468139141798, 0.011498183012008667, 0.011439775116741657, 0.011362619698047638, 0.011526812799274921, 0.011366697959601879, 0.011336691677570343], "mae": [0.027476496994495392, 0.014605428092181683, 0.01039546262472868, 0.00917532667517662, 0.008312982507050037, 0.008019507862627506, 0.007605948019772768, 0.007412342820316553, 0.007379960268735886, 0.007225705776363611, 0.007107696961611509, 0.006977801211178303, 0.006928013637661934, 0.007048846688121557, 0.006756030023097992, 0.006706856191158295, 0.0067707570269703865, 0.0065963841043412685, 0.006698393728584051, 0.00650416687130928, 0.006530939135700464, 0.006370848976075649, 0.0065809451043605804, 0.00649622967466712, 0.006350753363221884, 0.006426360923796892, 0.006388003937900066, 0.00631199823692441, 0.006299723871052265, 0.006272631231695414, 0.0062916395254433155, 0.0062426235526800156, 0.006224995478987694, 0.006200140807777643, 0.0062095108442008495, 0.006216336973011494, 0.00608470942825079, 0.006172636523842812, 0.006191431079059839, 0.006048861891031265, 0.006130197551101446, 0.006066267844289541, 0.006047835107892752, 0.006037503480911255, 0.006029178854078054, 0.0059617324732244015, 0.006003677379339933, 0.006013828329741955, 0.005957859568297863, 0.00595853803679347, 0.005998976994305849, 0.005906755570322275, 0.0059116194024682045, 0.005843736231327057, 0.005908614490181208, 0.005933517590165138, 0.005840258207172155, 0.005890753585845232, 0.005821809638291597, 0.0058257183991372585, 0.005810588598251343, 0.005781267303973436, 0.005837047006934881, 0.005818774923682213, 0.005774634890258312, 0.005778154823929071, 0.005746000912040472, 0.005802618805319071, 0.005739650689065456, 0.005746779497712851], "mse": [0.001345076714642346, 0.0003952779807150364, 0.00019998814968857914, 0.0001558177318656817, 0.0001271153159905225, 0.00011899578385055065, 0.00010626814037095755, 0.00010045842645922676, 0.00010037404717877507, 9.519349259790033e-05, 9.275209595216438e-05, 8.852032624417916e-05, 8.824878750601783e-05, 9.071521344594657e-05, 8.328972035087645e-05, 8.22340662125498e-05, 8.38901469251141e-05, 7.978896610438824e-05, 8.272100967587903e-05, 7.693749648751691e-05, 7.7798955317121e-05, 7.423714123433456e-05, 7.884741353336722e-05, 7.700112473685294e-05, 7.360991003224626e-05, 7.544980326201767e-05, 7.498529157601297e-05, 7.31446998543106e-05, 7.232992356875911e-05, 7.222725980682299e-05, 7.228223694255576e-05, 7.175200153142214e-05, 7.101240771589801e-05, 7.021856436040252e-05, 7.047763210721314e-05, 7.062864460749552e-05, 6.757352821296081e-05, 6.985431537032127e-05, 7.021231431281194e-05, 6.71121888444759e-05, 6.863349699415267e-05, 6.764967838535085e-05, 6.692544411635026e-05, 6.680622755084187e-05, 6.656494952039793e-05, 6.529733946081251e-05, 6.61593658151105e-05, 6.607915565837175e-05, 6.495330308098346e-05, 6.52692251605913e-05, 6.587993266293779e-05, 6.38029960100539e-05, 6.37078846921213e-05, 6.256336928345263e-05, 6.400104030035436e-05, 6.428091728594154e-05, 6.267054413910955e-05, 6.355813820846379e-05, 6.210218271007761e-05, 6.239573122002184e-05, 6.200925417942926e-05, 6.155390292406082e-05, 6.294201739365235e-05, 6.163722719065845e-05, 6.124033097876236e-05, 6.110566027928144e-05, 6.0738009779015556e-05, 6.160690827528015e-05, 6.065329216653481e-05, 6.054860932636075e-05], "val_loss": [0.11764949560165405, 0.053785309195518494, 0.03597256541252136, 0.027479398995637894, 0.018784992396831512, 0.020904336124658585, 0.015786856412887573, 0.0220441035926342, 0.016237758100032806, 0.02044936828315258, 0.01631500944495201, 0.01542352419346571, 0.01585528440773487, 0.0159210953861475, 0.013982637785375118, 0.0173588115721941, 0.01351106446236372, 0.014746938832104206, 0.016172077506780624, 0.013831089250743389, 0.01644829288125038, 0.013564934022724628, 0.01349573489278555, 0.014309737831354141, 0.013987668789923191, 0.013366051018238068, 0.012770413421094418, 0.012818848714232445, 0.014724211767315865, 0.01222482044249773, 0.013302762061357498, 0.012346969917416573, 0.017807383090257645, 0.013234257698059082, 0.012437795288860798, 0.012155991978943348, 0.01315194834023714, 0.013816739432513714, 0.013585733249783516, 0.01250116340816021, 0.013055591844022274, 0.01212515588849783, 0.013065369799733162, 0.011534658260643482, 0.016010405495762825, 0.012908587232232094, 0.014255511574447155, 0.01259420532733202, 0.011984223499894142, 0.011692708358168602, 0.012502184137701988, 0.014071415178477764, 0.013201440684497356, 0.013089247979223728, 0.011164503172039986, 0.01336261723190546, 0.011267566122114658, 0.012375264428555965, 0.014132087118923664, 0.01419009268283844, 0.013762415386736393, 0.012342389672994614, 0.012032310478389263, 0.012423397041857243, 0.012876992113888264, 0.012162473052740097, 0.013751481659710407, 0.013710382394492626, 0.01432611234486103, 0.011654116213321686], "val_mae": [0.01900612562894821, 0.012133036740124226, 0.01055853720754385, 0.009256298653781414, 0.0070533533580601215, 0.007566882763057947, 0.006509713362902403, 0.008009219542145729, 0.007133085746318102, 0.007247926201671362, 0.007016535848379135, 0.006633926182985306, 0.006633365526795387, 0.006960634607821703, 0.006177250295877457, 0.006890386343002319, 0.006250670645385981, 0.006523825693875551, 0.006410263478755951, 0.006069149821996689, 0.006812876556068659, 0.006073200609534979, 0.006208771839737892, 0.006148073822259903, 0.006177326198667288, 0.006073606666177511, 0.006020433269441128, 0.006017702631652355, 0.006313991732895374, 0.005736149847507477, 0.006279243156313896, 0.006016964558511972, 0.007095431908965111, 0.006085291970521212, 0.005844632163643837, 0.005724529270082712, 0.006080214865505695, 0.00650638435035944, 0.00638581532984972, 0.0061343940906226635, 0.00600133603438735, 0.005694868043065071, 0.00604371028020978, 0.005624485667794943, 0.006747918203473091, 0.006134531460702419, 0.006121465936303139, 0.006235618144273758, 0.005811042618006468, 0.005650410894304514, 0.005843798629939556, 0.006470436230301857, 0.006275676190853119, 0.005928273778408766, 0.005534128285944462, 0.0060650440864264965, 0.005675049964338541, 0.005872500129044056, 0.006357725244015455, 0.006525742821395397, 0.0065657347440719604, 0.005893548019230366, 0.005712513346225023, 0.005967923440039158, 0.006312929093837738, 0.00582483597099781, 0.006234929896891117, 0.0064122057519853115, 0.00664255116134882, 0.005653427913784981],