{"sampleRate": 44100, "context": 88, "trainNvalSize": 75000, "lstmUnits": 64, "learningRate": 0.001, "epochs": 100, "patience": 15, "batchSize": 64, "shuffle": true, "randomState": 25, "trainTime": 397.49733209609985, "gain": "Mid", "testESR": 0.02839728072285652}