{"loss": [0.4273199737071991, 0.2261730283498764, 0.19313101470470428, 0.18010345101356506, 0.17605315148830414, 0.16635528206825256, 0.16366516053676605, 0.16119667887687683, 0.1555223912000656, 0.15417172014713287, 0.15344582498073578, 0.15110498666763306, 0.15051908791065216, 0.14933599531650543, 0.1467757672071457, 0.14688296616077423, 0.1451110988855362, 0.14275015890598297, 0.14351588487625122, 0.14186017215251923, 0.14129853248596191, 0.14033466577529907, 0.13864368200302124, 0.13777820765972137, 0.13917000591754913, 0.13761064410209656, 0.13690824806690216, 0.13645042479038239, 0.13560757040977478, 0.4344853162765503, 0.5423434376716614, 0.5080021023750305, 0.5151410698890686, 0.49524807929992676, 0.520142138004303, 0.5518703460693359, 1.0196943283081055, 0.6844009757041931, 0.6422014236450195, 0.6056779623031616, 1.0403262376785278, 1.0228632688522339, 1.0316767692565918, 1.0632266998291016], "mae": [0.03934120386838913, 0.028522152453660965, 0.02624032087624073, 0.025415072217583656, 0.02491270750761032, 0.02432301826775074, 0.024060698226094246, 0.023813322186470032, 0.023363977670669556, 0.023265618830919266, 0.023172413930296898, 0.0230234544724226, 0.022972309961915016, 0.022853530943393707, 0.02261223830282688, 0.022642023861408234, 0.022585390135645866, 0.022329842671751976, 0.022345906123518944, 0.02227596752345562, 0.022144783288240433, 0.022104833275079727, 0.021946538239717484, 0.021946072578430176, 0.021960875019431114, 0.021867968142032623, 0.021773256361484528, 0.02178552933037281, 0.02168923057615757, 0.03658643364906311, 0.044143397361040115, 0.041971541941165924, 0.04225702956318855, 0.04124023765325546, 0.04297562316060066, 0.044498641043901443, 0.05700480565428734, 0.05084608867764473, 0.04928259551525116, 0.04748515039682388, 0.05829651653766632, 0.0645490288734436, 0.06510281562805176, 0.06654905527830124], "mse": [0.0029027771670371294, 0.0015368616441264749, 0.001307455007918179, 0.001223946106620133, 0.001189984381198883, 0.0011290661059319973, 0.0011093765497207642, 0.0010923207737505436, 0.0010525062680244446, 0.0010424695210531354, 0.0010355525882914662, 0.0010202171979472041, 0.0010186051949858665, 0.0010119127109646797, 0.0009918272262439132, 0.0009923636680468917, 0.0009819036349654198, 0.0009671624866314232, 0.0009702111128717661, 0.0009588187676854432, 0.0009549074457027018, 0.00095066410722211, 0.0009366740705445409, 0.0009320878889411688, 0.0009369562612846494, 0.000932327180635184, 0.0009240658837370574, 0.0009196375031024218, 0.0009147461969405413, 0.002975539304316044, 0.003715865546837449, 0.003478546626865864, 0.003527306020259857, 0.003389975754544139, 0.0035554184578359127, 0.0037709225434809923, 0.006983994971960783, 0.004689536523073912, 0.004406225401908159, 0.0041517470963299274, 0.007181819528341293, 0.00705182459205389, 0.00711203645914793, 0.0073132929392158985], "val_loss": [0.2689962685108185, 0.22631418704986572, 0.1661689132452011, 0.1774400770664215, 0.16606992483139038, 0.17830736935138702, 0.16346828639507294, 0.15051303803920746, 0.16528290510177612, 0.15011084079742432, 0.15689657628536224, 0.15289124846458435, 0.1424635350704193, 0.14528989791870117, 0.13849809765815735, 0.15511535108089447, 0.14742326736450195, 0.1486964374780655, 0.14547041058540344, 0.13327401876449585, 0.13880421221256256, 0.13681069016456604, 0.13658834993839264, 0.12771330773830414, 0.13689647614955902, 0.1481296420097351, 0.13218723237514496, 0.13787628710269928, 0.12737531960010529, 0.5218273401260376, 0.5611730813980103, 0.48883888125419617, 0.48752886056900024, 0.48580071330070496, 0.5210769176483154, 0.5510907173156738, 1.8789840936660767, 0.6354851126670837, 0.6097047328948975, 0.5875599980354309, 1.0647199153900146, 1.0396785736083984, 1.0579060316085815, 1.0047144889831543], "val_mae": [0.031297046691179276, 0.027399994432926178, 0.025796731933951378, 0.024215852841734886, 0.023886602371931076, 0.02453426644206047, 0.02490055002272129, 0.022830968722701073, 0.02409580536186695, 0.023579388856887817, 0.022462232038378716, 0.022369254380464554, 0.02224874496459961, 0.021962368860840797, 0.02181910164654255, 0.024026110768318176, 0.022990375757217407, 0.023056980222463608, 0.02264232560992241, 0.02191304974257946, 0.023759549483656883, 0.02250800095498562, 0.02239145338535309, 0.02133663184940815, 0.02275785803794861, 0.025159958750009537, 0.021118657663464546, 0.022700626403093338, 0.020878130570054054, 0.043712858110666275, 0.04493961110711098, 0.0416710302233696, 0.04139798879623413, 0.04046677425503731, 0.0430544838309288, 0.0451512485742569, 0.09135284274816513, 0.04941026493906975, 0.04828017204999924, 0.04649860039353371, 0.06626024097204208, 0.06736786663532257, 0.06896784156560898, 0.0655444860458374], "val_mse": [0.001872108317911625, 0.0015604391228407621, 0.0011495283106341958, 0.0012279832735657692, 0.0011544963344931602, 0.001227961154654622, 0.0011324210790917277, 0.0010373439872637391, 0.001147072878666222, 0.0010319376597180963, 0.001082827802747488, 0.0010582995600998402, 0.0009844823507592082, 0.0010051436256617308, 0.0009584074723534286, 0.001075436593964696, 0.0010210960172116756, 0.0010256657842546701, 0.001003297045826912, 0.0009198671323247254, 0.0009544228669255972, 0.000944671977777034, 0.0009435847168788314, 0.0008825451950542629, 0.000945047358982265, 0.0010191902983933687, 0.0009139541070908308, 0.0009515575948171318, 0.0008809223654679954, 0.0036331431474536657, 0.0038933756295591593, 0.0034131472930312157, 0.0033947513438761234, 0.0033813274931162596, 0.0036243372596800327, 0.003827953478321433, 0.013042174279689789, 0.004414084367454052, 0.004239704459905624, 0.00410438934341073, 0.007444425486028194, 0.007278690580278635, 0.007398525252938271, 0.007052401080727577]}