{"loss": [0.44781574606895447, 0.2965974509716034, 0.25781285762786865, 0.23226749897003174, 0.2019471526145935, 0.17202118039131165, 0.1477896273136139, 0.13391603529453278, 0.12130947411060333, 0.10972078144550323, 0.09737852215766907, 0.086626335978508, 0.0779743418097496, 0.07086584717035294, 0.06447608023881912, 0.058724623173475266, 0.053194645792245865, 0.049399275332689285, 0.04546968638896942, 0.042490944266319275, 0.040014512836933136, 0.03754502162337303, 0.035517919808626175, 0.03454415872693062, 0.032910630106925964, 0.03175392746925354, 0.030786961317062378, 0.02984059415757656, 0.029182882979512215, 0.028124244883656502, 0.027642985805869102, 0.026880737394094467, 0.026334505528211594, 0.025639597326517105, 0.02503710426390171, 0.024817926809191704, 0.0246694628149271, 0.024255618453025818, 0.02387826144695282, 0.023403991013765335, 0.023395033553242683, 0.022988155484199524, 0.0228042621165514, 0.023045925423502922, 0.022345982491970062, 0.022152472287416458, 0.02215980365872383, 0.021827340126037598, 0.02161945402622223, 0.021515339612960815, 0.021369798108935356, 0.021134786307811737, 0.021199412643909454, 0.020977191627025604, 0.02102743834257126, 0.02065766416490078, 0.020705105736851692, 0.02042544074356556, 0.020221294835209846, 0.020188696682453156, 0.020125286653637886, 0.02009083889424801, 0.019710402935743332, 0.019747616723179817, 0.01972835324704647, 0.019382942467927933, 0.019514229148626328, 0.019177448004484177, 0.019066445529460907, 0.019300587475299835, 0.019082745537161827, 0.01897372305393219, 0.018843455240130424, 0.018687700852751732, 0.01878705434501171, 0.018718114122748375, 0.018603751435875893, 0.01841762661933899, 0.0183467585593462, 0.01850898563861847, 0.0183399710804224, 0.018191365525126457, 0.01831844449043274, 0.01824483461678028, 0.018005823716521263, 0.018178516998887062, 0.017964771017432213, 0.017997922375798225, 0.017990626394748688, 0.017840728163719177, 0.01776306703686714, 0.017713693901896477, 0.017953526228666306, 0.017812615260481834, 0.017510399222373962, 0.017601128667593002, 0.017641641199588776, 0.017644323408603668, 0.017390627413988113, 0.0174942035228014], "mae": [0.04160849004983902, 0.03342358022928238, 0.030897054821252823, 0.02911117486655712, 0.026890255510807037, 0.024506701156497, 0.022493453696370125, 0.02128780633211136, 0.02019658125936985, 0.01915215142071247, 0.018025316298007965, 0.01700088381767273, 0.016117949038743973, 0.01536340732127428, 0.014638314954936504, 0.013957447372376919, 0.013297813944518566, 0.012813340872526169, 0.012303948402404785, 0.011895562522113323, 0.011547899805009365, 0.011200277134776115, 0.010880114510655403, 0.010764329694211483, 0.010506734251976013, 0.010314918123185635, 0.010183865204453468, 0.01002791989594698, 0.009913111105561256, 0.009741229936480522, 0.009640493430197239, 0.009526449255645275, 0.009448731318116188, 0.009310449473559856, 0.009203998371958733, 0.009170494973659515, 0.009133448824286461, 0.009056019596755505, 0.008978226222097874, 0.008886316791176796, 0.00889626145362854, 0.008814247325062752, 0.008777112700045109, 0.008804645389318466, 0.00867120549082756, 0.008647334761917591, 0.008624116890132427, 0.008568080142140388, 0.008508424274623394, 0.008487572893500328, 0.008485555648803711, 0.008420608006417751, 0.008428876288235188, 0.008395345881581306, 0.008401725441217422, 0.008334098383784294, 0.008346505463123322, 0.008270755410194397, 0.008230499923229218, 0.008221023716032505, 0.008197096176445484, 0.008184695616364479, 0.008118058554828167, 0.008127443492412567, 0.00813590083271265, 0.008047085255384445, 0.008104704320430756, 0.008003272116184235, 0.007986307144165039, 0.008051244542002678, 0.007989546284079552, 0.007966255769133568, 0.007938047870993614, 0.007890689186751842, 0.007941853255033493, 0.007915625348687172, 0.007887203246355057, 0.007840264588594437, 0.00785757601261139, 0.007878217846155167, 0.007834164425730705, 0.007796465419232845, 0.007816645316779613, 0.00780117604881525, 0.007763401605188847, 0.0077985054813325405, 0.007734208833426237, 0.007747786119580269, 0.0077654398046433926, 0.0077268751338124275, 0.007700676564127207, 0.007691591512411833, 0.007736376952379942, 0.007724441587924957, 0.007658511400222778, 0.007673334330320358, 0.007681392133235931, 0.007672397419810295, 0.007595377042889595, 0.007638410199433565], "mse": [0.0027128616347908974, 0.0017931914189830422, 0.0015574482968077064, 0.0013990794541314244, 0.00121949496679008, 0.001035063760355115, 0.0008889427990652621, 0.0008062378037720919, 0.0007278919219970703, 0.0006566573865711689, 0.000585195142775774, 0.0005218324949964881, 0.00046872851089574397, 0.0004256275133229792, 0.0003873409004881978, 0.00035183251020498574, 0.00031948997639119625, 0.0002953553630504757, 0.0002722355420701206, 0.00025431980611756444, 0.00023895580670796335, 0.00022482818167191, 0.00021226877288427204, 0.00020620196301024407, 0.0001968136493815109, 0.00018966583593282849, 0.00018404175352770835, 0.00017802862566895783, 0.0001739222789183259, 0.0001682694855844602, 0.0001650514459470287, 0.00016089082055259496, 0.00015736625937279314, 0.0001534218608867377, 0.00014975795056670904, 0.00014827972336206585, 0.00014723633648827672, 0.00014508288586512208, 0.00014263154298532754, 0.00013995614426676184, 0.00013993964239489287, 0.00013751338701695204, 0.0001365624921163544, 0.00013751724327448756, 0.00013337057316675782, 0.00013264974404592067, 0.00013214166392572224, 0.00013050153211224824, 0.00012891279766336083, 0.00012812037311960012, 0.00012771984620485455, 0.0001263635786017403, 0.00012610596604645252, 0.0001251712819794193, 0.0001255216629942879, 0.0001233610528288409, 0.00012375600636005402, 0.00012175866140751168, 0.00012062363384757191, 0.00012050515942974016, 0.00012012675870209932, 0.00011966718011535704, 0.000117705792945344, 0.00011783332593040541, 0.00011761881614802405, 0.00011558366531971842, 0.00011648810323094949, 0.00011452459148131311, 0.00011386456026230007, 0.00011498541425680742, 0.00011388079292373732, 0.00011303970677545294, 0.00011248983355471864, 0.00011141845607198775, 0.00011205022019566968, 0.00011186709889443591, 0.00011115235975012183, 0.00010970411676680669, 0.00010986967390635982, 0.00011054346396122128, 0.00010941963410004973, 0.00010855674190679565, 0.00010881814523600042, 0.00010881087655434385, 0.00010789447696879506, 0.00010850053513422608, 0.0001070856160367839, 0.00010746350744739175, 0.00010749463399406523, 0.00010654317156877369, 0.00010606749856378883, 0.00010563839168753475, 0.00010725811443990096, 0.00010632025805534795, 0.00010485998791409656, 0.00010522292723180726, 0.00010560865484876558, 0.00010519778879825026, 0.00010376762656960636, 0.00010444948566146195],