{"loss": [0.15296554565429688, 0.2405139058828354, 0.0303918719291687, 0.020884526893496513, 0.01701664924621582, 0.017686031758785248, 0.016679460182785988, 0.014803684316575527, 0.014048379845917225, 0.013721797615289688, 0.013551180250942707, 0.011909615248441696, 0.011758622713387012, 0.014071095734834671, 0.012419682927429676, 0.010476148687303066, 0.011276881210505962, 0.0108108501881361, 0.010272586718201637, 0.01074143871665001, 0.01024833507835865, 0.00980992242693901, 0.009898862801492214, 0.02215002290904522, 0.014387707225978374, 0.01068547647446394, 0.011164842173457146, 0.010687866248190403, 0.010014835745096207, 0.009568830020725727, 0.00984558928757906, 0.010439296253025532, 0.009792542085051537, 0.009274894371628761, 0.00929168239235878, 0.009275346994400024, 0.009662259370088577, 0.009152325801551342, 0.009156730957329273, 0.009139842353761196, 0.009225547313690186, 0.009282078593969345, 0.00913036148995161, 0.00922369584441185, 0.009118608199059963, 0.008734292350709438, 0.23255576193332672, 0.20385034382343292], "mae": [0.014230593107640743, 0.016634933650493622, 0.007037363015115261, 0.005863719154149294, 0.00527781480923295, 0.005323582794517279, 0.005101880989968777, 0.00490163778886199, 0.004801793489605188, 0.004823486786335707, 0.004739002790302038, 0.004463510122150183, 0.0043441541492938995, 0.0046987999230623245, 0.004485330544412136, 0.004161418881267309, 0.004306828137487173, 0.004216309171169996, 0.004114661831408739, 0.004199618939310312, 0.004119129851460457, 0.003994775470346212, 0.0040563493967056274, 0.005504205822944641, 0.004768382292240858, 0.004176117014139891, 0.004298141226172447, 0.004092904273420572, 0.004107590764760971, 0.0039708586409688, 0.0040531763806939125, 0.004143764264881611, 0.004030246287584305, 0.003880650270730257, 0.003894904162734747, 0.003902760799974203, 0.003990363795310259, 0.003870513988658786, 0.0038538705557584763, 0.0038767103105783463, 0.0038787093944847584, 0.003894579829648137, 0.0038461899384856224, 0.003847455605864525, 0.003884259145706892, 0.003769227070733905, 0.013079775497317314, 0.01767016015946865], "mse": [0.0005163168534636497, 0.000803651288151741, 0.00010052427387563512, 6.934258271940053e-05, 5.61409215151798e-05, 5.761085412814282e-05, 5.467849405249581e-05, 4.858546526520513e-05, 4.5594515540869907e-05, 4.554527549771592e-05, 4.44821453129407e-05, 3.9520818972960114e-05, 3.91470457543619e-05, 4.639904000214301e-05, 4.0888004150474444e-05, 3.467268470558338e-05, 3.714978811331093e-05, 3.566085433703847e-05, 3.390036363271065e-05, 3.525047213770449e-05, 3.3731474104570225e-05, 3.2332227419828996e-05, 3.2823558285599574e-05, 7.383424963336438e-05, 4.794468986801803e-05, 3.521961116348393e-05, 3.683260365505703e-05, 3.507109431666322e-05, 3.309486783109605e-05, 3.1458625016966835e-05, 3.2516938517801464e-05, 3.4615586628206074e-05, 3.238304998376407e-05, 3.062075120396912e-05, 3.0638071621069685e-05, 3.0617356969742104e-05, 3.173424556734972e-05, 3.0182132832123898e-05, 3.016053233295679e-05, 3.0274171876953915e-05, 3.0296363547677174e-05, 3.0573748517781496e-05, 2.996322109538596e-05, 3.0438523026532494e-05, 3.0010223781573586e-05, 2.891692020057235e-05, 0.0007436657906509936, 0.000679308723192662], "val_loss": [0.06148775666952133, 0.03882283717393875, 0.02230374701321125, 0.02220936119556427, 0.012530979700386524, 0.011444932781159878, 0.010137088596820831, 0.012947448529303074, 0.01806446723639965, 0.0152110131457448, 0.012432344257831573, 0.013615252450108528, 0.011870424263179302, 0.011195006780326366, 0.01115384791046381, 0.010157175362110138, 0.010421236045658588, 0.01672251708805561, 0.011583412066102028, 0.009268390014767647, 0.00990092009305954, 0.009428869932889938, 0.010825534351170063, 0.01514036301523447, 0.010495576076209545, 0.009559081867337227, 0.016541490331292152, 0.011630197055637836, 0.010461410507559776, 0.008436609990894794, 0.01654723286628723, 0.009168601594865322, 0.007985938340425491, 0.009095652028918266, 0.015119705349206924, 0.009590841829776764, 0.014792285859584808, 0.009073802269995213, 0.00979476049542427, 0.009144453331828117, 0.008413814008235931, 0.008137389086186886, 0.00940632726997137, 0.010562444105744362, 0.009660066105425358, 0.008465534076094627, 0.22066743671894073, 0.20174506306648254], "val_mae": [0.00981606263667345, 0.007084803655743599, 0.005924195051193237, 0.006339411251246929, 0.0046107834205031395, 0.004062717314809561, 0.0038346131332218647, 0.004944678861647844, 0.006142320577055216, 0.0054239071905612946, 0.004323930479586124, 0.004278944339603186, 0.004592121113091707, 0.004153545014560223, 0.004625867120921612, 0.0037707730662077665, 0.0040329196490347385, 0.0059674889780581, 0.004557341802865267, 0.003882703371345997, 0.004100560210645199, 0.003606543643400073, 0.004048333503305912, 0.004616698250174522, 0.004154541529715061, 0.0037491535767912865, 0.00456561055034399, 0.004751669708639383, 0.004132078494876623, 0.0034799391869455576, 0.005984768737107515, 0.0035993363708257675, 0.0033233051653951406, 0.0037668792065232992, 0.005971790291368961, 0.003833426395431161, 0.0052279941737651825, 0.0037620069924741983, 0.003847453510388732, 0.003634375287219882, 0.0034376555122435093, 0.003502295585349202, 0.004125609528273344, 0.004465676378458738, 0.004318200517445803, 0.0034174921456724405, 0.017931347712874413, 0.01766289584338665], "val_mse": [0.00020203617168590426, 0.0001273207599297166, 7.364131306530908e-05, 7.26729558664374e-05, 4.1251627408200875e-05, 3.7645429983967915e-05, 3.323496275697835e-05, 4.267840267857537e-05, 5.9584079281194136e-05, 4.9513979320181534e-05, 4.0848648495739326e-05, 4.5332730223890394e-05, 3.8954174669925123e-05, 3.6630550312111154e-05, 3.654529427876696e-05, 3.355919034220278e-05, 3.4409124054946005e-05, 5.4413441830547526e-05, 3.788726098719053e-05, 3.047462632821407e-05, 3.248023858759552e-05, 3.102137998212129e-05, 3.564273356460035e-05, 5.0112234021071345e-05, 3.443386231083423e-05, 3.1198687793221325e-05, 5.429222437669523e-05, 3.808496330748312e-05, 3.433067104197107e-05, 2.763399425020907e-05, 5.386158954934217e-05, 3.027045568160247e-05, 2.6264595362590626e-05, 2.9805822123307735e-05, 4.913319571642205e-05, 3.143592402921058e-05, 4.833807543036528e-05, 2.9690623705391772e-05, 3.203583764843643e-05, 2.998077980009839e-05, 2.7622916604741476e-05, 2.672105620149523e-05, 3.1095336453290656e-05, 3.4647258871700615e-05, 3.1865605706116185e-05, 2.7737256459658965e-05, 0.0007327704224735498, 0.0006672015297226608]}