{"sampleRate": 44100, "chunkSize": 44, "trainNvalSize": 74862, "lstmUnits": 64, "learningRate": 0.01, "epochs": 100, "patience": 15, "batchSize": 64, "shuffle": true, "randomState": 25, "trainTime": 384.65142607688904, "gain": "Low", "testing": 0.02241249568760395}