{"loss": [0.2298421859741211, 0.05351464822888374, 0.03975958004593849, 0.04014958068728447, 0.033599626272916794, 0.030060533434152603, 0.028768405318260193, 0.02579433098435402, 0.025249486789107323, 0.024237429723143578, 0.022454001009464264, 0.022292593494057655, 0.02152109332382679, 0.021094121038913727, 0.02137460745871067, 0.02037700079381466, 0.020514724776148796, 0.019226761534810066, 0.11042629927396774, 0.04475443810224533, 0.029715463519096375, 0.026134643703699112, 0.024270011112093925, 0.02559918724000454, 0.026973208412528038, 0.022264979779720306, 0.020929379388689995, 0.02143561653792858, 0.019729970023036003, 0.019887378439307213, 0.01989319734275341, 0.01918339543044567, 0.01892668567597866, 0.018596766516566277, 0.01902654394507408, 0.018270082771778107, 0.03613990917801857, 0.021667758002877235, 0.019867127761244774, 0.019453296437859535, 0.018555400893092155, 0.018177775666117668, 0.018003910779953003, 0.017695806920528412, 0.01815497875213623, 0.017780108377337456, 0.018144531175494194, 0.01774437725543976, 0.017523225396871567, 0.017419537529349327, 0.017571818083524704, 0.0175032801926136, 0.017467809841036797, 0.017214404419064522, 0.01734081283211708, 0.017173096537590027, 0.017109587788581848, 0.016948066651821136, 0.0172345582395792, 0.016858883202075958, 0.01710650883615017, 0.01689445786178112, 0.017003720626235008, 0.017158301547169685, 0.01676708087325096, 0.01665176823735237, 0.016634684056043625, 0.016597801819443703, 0.016702380031347275, 0.016542531549930573, 0.016587484627962112, 0.016526825726032257, 0.016575254499912262, 0.016385216265916824, 0.016199365258216858, 0.016918674111366272, 0.34886500239372253, 0.5083608627319336, 0.40589639544487, 0.41590869426727295, 0.5818898677825928, 1.019191861152649, 0.8288869857788086, 0.7214623689651489, 0.6890775561332703, 0.6624234914779663, 0.6241046786308289, 0.5870906710624695, 0.5358108282089233, 0.4684232473373413], "mae": [0.025073517113924026, 0.01333918422460556, 0.011521006003022194, 0.011521192267537117, 0.010567285120487213, 0.010057426057755947, 0.009793384000658989, 0.009320802986621857, 0.009241313673555851, 0.009011407382786274, 0.008722396567463875, 0.008725537918508053, 0.00854214932769537, 0.008469656109809875, 0.008524858392775059, 0.008289770223200321, 0.008365126326680183, 0.008104676380753517, 0.015469622798264027, 0.01205520611256361, 0.01006797980517149, 0.009499352425336838, 0.009158771485090256, 0.00928033422678709, 0.009525531902909279, 0.008789382874965668, 0.00847927201539278, 0.008569147437810898, 0.008246826007962227, 0.008270482532680035, 0.008235374465584755, 0.00809632707387209, 0.008025317452847958, 0.007962662726640701, 0.00805759895592928, 0.007896346971392632, 0.010217106901109219, 0.008633173070847988, 0.008254843764007092, 0.008182655088603497, 0.007947132922708988, 0.00787278264760971, 0.007840349338948727, 0.00774329574778676, 0.00788373127579689, 0.007769640535116196, 0.007867398671805859, 0.007771891541779041, 0.007715562824159861, 0.00769081199541688, 0.0077141402289271355, 0.007714486680924892, 0.0077063338831067085, 0.007625765632838011, 0.007650159299373627, 0.007635344751179218, 0.007622528821229935, 0.00756626483052969, 0.007648116443306208, 0.007565644569694996, 0.007605952210724354, 0.007583188824355602, 0.007567011751234531, 0.00762290321290493, 0.007541005965322256, 0.0075152358040213585, 0.007508049253374338, 0.007512666285037994, 0.007527339272201061, 0.007509483955800533, 0.00750656658783555, 0.007493492681533098, 0.007491780444979668, 0.00746708270162344, 0.007426721975207329, 0.007567713037133217, 0.030360616743564606, 0.04186366870999336, 0.03833990916609764, 0.0399610698223114, 0.04670369252562523, 0.06261731684207916, 0.05785099044442177, 0.05423501133918762, 0.052921146154403687, 0.05171295255422592, 0.049896977841854095, 0.048338163644075394, 0.04563739895820618, 0.042274970561265945], "mse": [0.0013941758079454303, 0.00032027208362706006, 0.00023780498304404318, 0.00023954466450959444, 0.00020114147628191859, 0.00017932947957888246, 0.0001718551357043907, 0.00015463834279216826, 0.0001507710840087384, 0.00014488787564914674, 0.00013405561912804842, 0.00013349477376323193, 0.00012873351806774735, 0.00012605608208104968, 0.00012742201215587556, 0.0001217748795170337, 0.00012261925439815968, 0.00011507362796692178, 0.0006676495540887117, 0.0002686572843231261, 0.00017748275422491133, 0.00015617166354786605, 0.0001447613030904904, 0.00015371240442618728, 0.00016093206068035215, 0.0001327538484474644, 0.00012483249884098768, 0.0001277630217373371, 0.0001179447936010547, 0.0001187595262308605, 0.00011855479533551261, 0.00011479733075248078, 0.0001129950032918714, 0.0001111311066779308, 0.00011347143299644813, 0.00010922109504463151, 0.0002155487600248307, 0.00012954522389918566, 0.00011865656415466219, 0.00011609034118009731, 0.00011071150947827846, 0.00010877325257752091, 0.00010774190741358325, 0.00010565188858890906, 0.00010854213905986398, 0.0001061874718288891, 0.00010829768871190026, 0.00010618560918373987, 0.00010470698907738551, 0.00010383850167272612, 0.00010478108742972836, 0.00010463750368217006, 0.00010402517364127561, 0.00010276534158037975, 0.00010358017607359216, 0.00010254410153720528, 0.00010218250099569559, 0.00010115320765180513, 0.00010281393042532727, 0.0001007712198770605, 0.00010216195369139314, 0.0001010669584502466, 0.0001011950516840443, 0.00010242388088954613, 0.00010003049828810617, 9.946548379957676e-05, 9.918698196997866e-05, 9.925905033014715e-05, 9.991734987124801e-05, 9.894249524222687e-05, 9.907063213177025e-05, 9.88031315500848e-05, 9.875056275632232e-05, 9.807434980757535e-05, 9.696659253677353e-05, 0.00010126939014298841, 0.0020982560236006975, 0.003032062901183963, 0.0024258855264633894, 0.002490509767085314, 0.0034962822683155537, 0.006199156399816275, 0.005034100264310837, 0.004362061154097319, 0.004166775848716497, 0.004000153858214617, 0.003764860797673464, 0.0035430651623755693, 0.0032325272914022207, 0.002828238531947136], "val_loss": [0.047062553465366364, 0.03666076436638832, 0.03340411186218262, 0.027258818969130516, 0.023609623312950134, 0.02815972827374935, 0.028646735474467278, 0.021732039749622345, 0.02001689001917839, 0.025986263528466225, 0.02448178641498089, 0.020260322839021683, 0.02004709653556347, 0.01973951980471611, 0.01950187049806118, 0.021388830617070198, 0.01850046217441559, 0.018474983051419258, 0.0724625363945961, 0.032108526676893234, 0.02637597545981407, 0.024206126108765602, 0.0221517626196146, 0.10484086722135544, 0.02076268382370472, 0.020572403445839882, 0.024964462965726852, 0.020776696503162384, 0.01865149848163128, 0.018378620967268944, 0.019363701343536377, 0.018544714897871017, 0.018360525369644165, 0.01886376179754734, 0.017642280086874962, 0.021519947797060013, 0.023395635187625885, 0.019869079813361168, 0.021064572036266327, 0.018852734938263893, 0.01756635494530201, 0.017775896936655045, 0.01783863455057144, 0.02010575868189335, 0.018658442422747612, 0.0176423117518425, 0.0179953221231699, 0.016555698588490486, 0.017881443724036217, 0.01771720126271248, 0.018272072076797485, 0.02030671201646328, 0.018737124279141426, 0.019099490717053413, 0.01950736530125141, 0.01878833957016468, 0.018026771023869514, 0.021205179393291473, 0.016132548451423645, 0.017542852088809013, 0.021260689944028854, 0.018553150817751884, 0.016688406467437744, 0.01958170160651207, 0.016328435391187668, 0.016139527782797813, 0.01743854209780693, 0.017198102548718452, 0.015934348106384277, 0.01674194261431694, 0.017391275614500046, 0.017972106114029884, 0.016057433560490608, 0.01869995892047882, 0.015918700024485588, 0.01623780094087124, 0.7030925750732422, 0.39184337854385376, 0.396263062953949, 0.4038223326206207, 3.1454901695251465, 0.841917097568512, 0.7442885041236877, 0.7270016074180603, 0.6679731607437134, 0.6431261897087097, 0.5950042009353638, 0.5993204712867737, 0.4789387881755829, 0.43304744362831116],