{"loss": [0.4754036068916321, 0.2874467968940735, 0.2711185812950134, 0.2620260715484619, 0.2515828311443329, 0.23773986101150513, 0.2248978167772293, 0.21316346526145935, 0.20253810286521912, 0.19394135475158691, 0.18471349775791168, 0.1721564680337906, 0.15761226415634155, 0.14292071759700775, 0.12398754805326462, 0.10854146629571915, 0.09765339642763138, 0.08947093039751053, 0.08246871083974838, 0.07661543786525726, 0.0722913071513176, 0.06830776482820511, 0.06465226411819458, 0.06188318133354187, 0.05923596769571304, 0.05658555030822754, 0.05491244047880173, 0.05235252529382706, 0.05048177391290665, 0.04832964390516281, 0.04741870239377022, 0.04559900611639023, 0.044397398829460144, 0.04304634779691696, 0.041910432279109955, 0.04097624868154526, 0.04055531695485115, 0.03991791978478432, 0.03838258236646652, 0.037936124950647354, 0.03742646798491478, 0.03623146936297417, 0.03577058017253876, 0.03563801199197769, 0.034458331763744354, 0.03436165302991867, 0.03367384895682335, 0.03355449438095093, 0.032531581819057465, 0.03293798491358757, 0.03192654997110367, 0.03185492008924484, 0.03183858469128609, 0.031017368659377098, 0.03097515180706978, 0.030430611222982407, 0.03046252205967903, 0.030187208205461502, 0.029399048537015915, 0.029385684058070183, 0.029170043766498566, 0.02887905202805996, 0.028592940419912338, 0.028364332392811775, 0.028357701376080513, 0.028125112876296043, 0.027848415076732635, 0.027496861293911934, 0.027304036542773247, 0.027406815439462662, 0.026864172890782356, 0.026578430086374283, 0.02628987655043602, 0.026431085541844368, 0.026321223005652428, 0.02627020888030529, 0.025980409234762192, 0.025902042165398598, 0.025644956156611443, 0.025485167279839516, 0.025501539930701256, 0.02536183036863804, 0.02516760490834713, 0.025163667276501656, 0.025134775787591934, 0.02492993324995041, 0.02497147023677826, 0.024682190269231796, 0.02441868558526039, 0.024338562041521072, 0.02449873462319374, 0.024213112890720367, 0.024250449612736702, 0.0242924764752388, 0.023875681683421135, 0.02398642711341381, 0.024116063490509987, 0.023999657481908798, 0.02374124340713024, 0.023619111627340317], "mae": [0.04288835451006889, 0.03248161822557449, 0.031415194272994995, 0.030902761965990067, 0.03019605204463005, 0.029329150915145874, 0.028403809294104576, 0.02750030718743801, 0.02670818381011486, 0.026078615337610245, 0.025397852063179016, 0.024414215236902237, 0.023226525634527206, 0.02201749011874199, 0.02042977884411812, 0.019115475937724113, 0.01807827688753605, 0.017343487590551376, 0.0166391059756279, 0.016075752675533295, 0.015653865411877632, 0.01519075222313404, 0.014799918979406357, 0.014484894461929798, 0.01415243186056614, 0.013818982057273388, 0.013675926253199577, 0.013285990804433823, 0.013074716553092003, 0.012788367457687855, 0.012676611542701721, 0.012456011027097702, 0.012295815162360668, 0.012101308442652225, 0.011949252337217331, 0.011782051995396614, 0.01177874393761158, 0.01168120838701725, 0.011424158699810505, 0.011385797522962093, 0.011309478431940079, 0.01109970174729824, 0.011071267537772655, 0.011030317284166813, 0.010831478983163834, 0.01084517128765583, 0.010743570514023304, 0.01072298176586628, 0.01057013962417841, 0.010622002184391022, 0.010430247522890568, 0.010438061319291592, 0.010471739806234837, 0.010311996564269066, 0.010317878797650337, 0.010225525125861168, 0.010223465971648693, 0.010216642171144485, 0.010027405805885792, 0.010058680549263954, 0.010001899674534798, 0.009967911057174206, 0.00992587860673666, 0.009886802174150944, 0.009895887225866318, 0.009850000962615013, 0.009793785400688648, 0.00973503291606903, 0.00971751194447279, 0.00974270235747099, 0.009638099931180477, 0.00957354623824358, 0.009488764218986034, 0.009547696448862553, 0.00951964408159256, 0.00954162236303091, 0.009467004798352718, 0.009454690851271152, 0.009407555684447289, 0.009374312125146389, 0.009384631179273129, 0.009344919584691525, 0.009321672841906548, 0.009319884702563286, 0.009313984774053097, 0.009258000180125237, 0.009269260801374912, 0.009221442975103855, 0.009166749194264412, 0.009135643020272255, 0.00918637216091156, 0.009147790260612965, 0.009137745946645737, 0.00912794005125761, 0.009077426046133041, 0.009065128862857819, 0.009105809964239597, 0.009086101315915585, 0.009056170471012592, 0.009021805599331856], "mse": [0.002885550493374467, 0.0017320025945082307, 0.0016331549268215895, 0.0015810559270903468, 0.001513884519226849, 0.0014326013624668121, 0.0013520795619115233, 0.0012770502362400293, 0.0012174308067187667, 0.001166064292192459, 0.0011103665456175804, 0.0010345883201807737, 0.0009470615768805146, 0.0008566770702600479, 0.0007457768078893423, 0.0006507830112241209, 0.0005840546218678355, 0.0005374623578973114, 0.0004940193030051887, 0.00045943702571094036, 0.0004323511675465852, 0.00040845994953997433, 0.00038706150371581316, 0.000370213994756341, 0.0003533010312821716, 0.0003376869426574558, 0.00032809903495945036, 0.00031243081321008503, 0.0003018896677531302, 0.00028875115094706416, 0.0002829482837114483, 0.00027274267631582916, 0.00026506136055104434, 0.00025697084493003786, 0.00025061279302462935, 0.0002447760780341923, 0.00024199199106078595, 0.00023791301646269858, 0.0002288517716806382, 0.00022677265224047005, 0.00022292500943876803, 0.00021555866987910122, 0.00021377143275458366, 0.000212206068681553, 0.0002051280316663906, 0.0002045479486696422, 0.00020104323630221188, 0.00019943232473451644, 0.00019444143981672823, 0.0001957014319486916, 0.00019006800721399486, 0.00018917638226412237, 0.00018997103325091302, 0.00018516737327445298, 0.0001846393570303917, 0.00018175944569520652, 0.00018117217405233532, 0.0001801964535843581, 0.00017499332898296416, 0.0001753357209963724, 0.00017383648082613945, 0.00017229063087143004, 0.00017063987615983933, 0.00016932017751969397, 0.00016901268099900335, 0.00016747627523727715, 0.0001660187990637496, 0.00016387664072681218, 0.00016287935432046652, 0.00016322353621944785, 0.00016016185691114515, 0.00015868560876697302, 0.00015648659609723836, 0.00015777963562868536, 0.00015664176316931844, 0.00015652834554202855, 0.0001546970452181995, 0.00015438500849995762, 0.00015295382763724774, 0.0001516124902991578, 0.00015198711480479687, 0.00015115237329155207, 0.0001500918879173696, 0.00014995232049841434, 0.00014969304902479053, 0.00014832655142527074, 0.00014862223179079592, 0.00014695643039885908, 0.00014572397049050778, 0.00014461965474765748, 0.00014581273717340082, 0.00014467361324932426, 0.00014422803360503167, 0.00014451664173975587, 0.00014239920710679144, 0.0001429157127859071, 0.00014336082676891237, 0.00014295153960119933, 0.00014198095595929772, 0.0001408135867677629],