{"loss": [0.27968233823776245, 0.1531064808368683, 0.13740943372249603, 0.13065141439437866, 0.1239917129278183, 0.1165345311164856, 0.11069703847169876, 0.10546259582042694, 0.09873241931200027, 0.09272980690002441, 0.08726629614830017, 0.08084020763635635, 0.07283630222082138, 0.0640501081943512, 0.056342713534832, 0.048074107617139816, 0.043165456503629684, 0.03871951624751091, 0.03553704172372818, 0.03283969685435295, 0.030021540820598602, 0.028331957757472992, 0.0263924952596426, 0.025178082287311554, 0.02366829849779606, 0.02246374450623989, 0.02127164602279663, 0.02017863467335701, 0.019375452771782875, 0.01893683522939682, 0.01832639053463936, 0.01785185933113098, 0.017406465485692024, 0.01687687821686268, 0.01637570746243, 0.016203757375478745, 0.015725336968898773, 0.015440973453223705, 0.015214578248560429, 0.015043579041957855, 0.014801367186009884, 0.014576371759176254, 0.014289356768131256, 0.014415916986763477, 0.014085386879742146, 0.01397622749209404, 0.013828038237988949, 0.013614687137305737, 0.013402095064520836, 0.013379648327827454, 0.013409157283604145, 0.013061081990599632, 0.013157510198652744, 0.012901194393634796, 0.012735852971673012, 0.01266538631170988, 0.012545106001198292, 0.012339013628661633, 0.012442969717085361, 0.012281200848519802, 0.012230371125042439, 0.012134355492889881, 0.011974173597991467, 0.011869212612509727, 0.011942717246711254, 0.011853973381221294, 0.011715578846633434, 0.01167753990739584, 0.011579357087612152, 0.011570888571441174, 0.011467358097434044, 0.011511900462210178, 0.011312896385788918, 0.011387099511921406, 0.011236141435801983, 0.011357485316693783, 0.011152955703437328, 0.011248625814914703, 0.011078083887696266, 0.011115267872810364, 0.010994017124176025, 0.011010822840034962, 0.010969369672238827, 0.010999154299497604, 0.010850297287106514, 0.011010742746293545, 0.010748637840151787, 0.010920997709035873, 0.010758182033896446, 0.010726277716457844, 0.010893909260630608, 0.010692006908357143, 0.010725772008299828, 0.010655062273144722, 0.010720797814428806, 0.010585987009108067, 0.010553691536188126, 0.010698454454541206, 0.010633828118443489, 0.010610787197947502], "mae": [0.02094586379826069, 0.015404949896037579, 0.0144980289041996, 0.014096960425376892, 0.013666768558323383, 0.013144588097929955, 0.012739433906972408, 0.01234515942633152, 0.011927268467843533, 0.011444571428000927, 0.01095512043684721, 0.010538560338318348, 0.009958881884813309, 0.009331267327070236, 0.008654017932713032, 0.008005660958588123, 0.007617363706231117, 0.007209231145679951, 0.006910976488143206, 0.0067045846953988075, 0.00642398139461875, 0.006277574226260185, 0.006059619132429361, 0.005944011267274618, 0.005775808822363615, 0.005640675779432058, 0.005528626032173634, 0.0053982785902917385, 0.005292295012623072, 0.005257986020296812, 0.005177339073270559, 0.00514280516654253, 0.0050673955120146275, 0.005040813237428665, 0.004938150756061077, 0.004913671873509884, 0.004860403947532177, 0.004800710361450911, 0.004779056180268526, 0.004766489844769239, 0.0047255950048565865, 0.004691942594945431, 0.0046494100242853165, 0.004707340616732836, 0.004628421273082495, 0.004597723949700594, 0.004599421285092831, 0.004545085597783327, 0.004501787014305592, 0.0045095221139490604, 0.004525389056652784, 0.004461959004402161, 0.00448970589786768, 0.004433660302311182, 0.0043818349950015545, 0.004374704323709011, 0.0043539986945688725, 0.004354394506663084, 0.0043694679625332355, 0.004329693038016558, 0.004356264602392912, 0.004272542893886566, 0.004281230270862579, 0.004260503686964512, 0.004267833661288023, 0.004250760190188885, 0.004210404120385647, 0.004238334484398365, 0.0042068734765052795, 0.004190343897789717, 0.004193225875496864, 0.004212456755340099, 0.004149415530264378, 0.0041813007555902, 0.004155547358095646, 0.004186796024441719, 0.004122803453356028, 0.004153906833380461, 0.0041148425079882145, 0.004120089113712311, 0.0040867445059120655, 0.0041114590130746365, 0.004099851939827204, 0.0041059935465455055, 0.004055349621921778, 0.004092853516340256, 0.0040536317974328995, 0.004068499431014061, 0.0040396274998784065, 0.004048089496791363, 0.004070153459906578, 0.004059681668877602, 0.004027013201266527, 0.004030004143714905, 0.004033133387565613, 0.00402045389637351, 0.0040090205147862434, 0.004028512164950371, 0.004007017705589533, 0.004022710025310516], "mse": [0.0009532441617920995, 0.0005218988517299294, 0.00046822859439998865, 0.0004454899171832949, 0.00042248269892297685, 0.00039534407551400363, 0.00037674824125133455, 0.0003575192822609097, 0.00033655311563052237, 0.0003153805446345359, 0.0002962901198770851, 0.0002742950164247304, 0.000247245334321633, 0.00021822427515871823, 0.000189533137017861, 0.00016302497533615679, 0.00014471367467194796, 0.00013042037608101964, 0.00011928097228519619, 0.00011008377623511478, 0.00010096290498040617, 9.446935291634873e-05, 8.825912664178759e-05, 8.370800060220063e-05, 7.891077984822914e-05, 7.474672747775912e-05, 7.099374488461763e-05, 6.747685256414115e-05, 6.470973312389106e-05, 6.28726847935468e-05, 6.0712667618645355e-05, 5.935515582677908e-05, 5.7772398577071726e-05, 5.617276474367827e-05, 5.448322190204635e-05, 5.3452502470463514e-05, 5.234000855125487e-05, 5.109711128170602e-05, 5.044930367148481e-05, 4.991138484911062e-05, 4.9125785153592005e-05, 4.838564927922562e-05, 4.7678342525614426e-05, 4.7749621444381773e-05, 4.67108802695293e-05, 4.648596950573847e-05, 4.611501208273694e-05, 4.524989708443172e-05, 4.444344813236967e-05, 4.430879926076159e-05, 4.436421295395121e-05, 4.34069697803352e-05, 4.357591024017893e-05, 4.286204057279974e-05, 4.2131236114073545e-05, 4.1864466766128317e-05, 4.153106056037359e-05, 4.104787512915209e-05, 4.1272993257734925e-05, 4.072720184922218e-05, 4.0636947232997045e-05, 4.00273893319536e-05, 3.966014992329292e-05, 3.938084046239965e-05, 3.946933429688215e-05, 3.9177110011223704e-05, 3.861685763695277e-05, 3.883692261297256e-05, 3.8422051147790626e-05, 3.8208574551390484e-05, 3.794241638388485e-05, 3.8074074836913496e-05, 3.7585938116535544e-05, 3.777082747546956e-05, 3.738582381629385e-05, 3.7717596569564193e-05, 3.699993249028921e-05, 3.720401582540944e-05, 3.67002903658431e-05, 3.6827630538027734e-05, 3.6325280234450474e-05, 3.655815453385003e-05, 3.635710527305491e-05, 3.6379817174747586e-05, 3.589442712836899e-05, 3.6296747566666454e-05, 3.571171691874042e-05, 3.586689126677811e-05, 3.557731179171242e-05, 3.560609548003413e-05, 3.594108420656994e-05, 3.5437766200629994e-05, 3.553371789166704e-05, 3.521214966895059e-05, 3.531538095558062e-05, 3.499373997328803e-05, 3.5021854273509234e-05, 3.518760786391795e-05, 3.4951379348058254e-05, 3.4968150430358946e-05],