{"sampleRate": 44100, "contextSize": 44, "trainNvalSize": 74862, "lstmUnits": 96, "learningRate": 0.0001, "trainEpochs": 100, "epochs": 100, "patience": 15, "batchSize": 64, "shuffle": true, "randomState": 25, "trainTime": 892.3927485942841, "gain": "Low", "testESR": 0.027866534888744354}