{"loss": [0.3354012668132782, 0.17174604535102844, 0.1406974494457245, 0.13130703568458557, 0.1233643963932991, 0.11208994686603546, 0.10153748840093613, 0.09594336152076721, 0.08879532665014267, 0.08027967065572739, 0.07294865697622299, 0.06575710326433182, 0.05990145727992058, 0.05324995517730713, 0.0486413910984993, 0.04374532774090767, 0.040692687034606934, 0.0379018634557724, 0.03483039140701294, 0.03282730281352997, 0.030384765937924385, 0.02866976708173752, 0.026878874748945236, 0.025484012439846992, 0.023769110441207886, 0.022771354764699936, 0.0216791033744812, 0.02050771564245224, 0.01976783201098442, 0.018710501492023468, 0.018101932480931282, 0.017192678526043892, 0.016566595062613487, 0.01609131321310997, 0.015326322056353092, 0.014913291670382023, 0.014411921612918377, 0.013794008642435074, 0.013492955826222897, 0.012983320280909538, 0.012664378620684147, 0.012458805926144123, 0.012151980772614479, 0.011896087788045406, 0.011719522066414356, 0.0115117272362113, 0.011346534825861454, 0.011077795177698135, 0.01098370086401701, 0.010735313408076763, 0.010638409294188023, 0.010616682469844818, 0.010499507188796997, 0.010244670324027538, 0.010242816992104053, 0.010042614303529263, 0.009954760782420635, 0.009934652596712112, 0.00988322589546442, 0.009640883654356003, 0.009635968133807182, 0.009563306346535683, 0.009401092305779457, 0.009433583356440067, 0.00936791580170393, 0.009237184189260006, 0.009138342924416065, 0.00906282663345337, 0.009027310647070408, 0.00901352521032095, 0.008981791324913502, 0.008808189071714878, 0.008768340572714806, 0.008703875355422497, 0.008610226213932037, 0.008575433865189552, 0.008520430885255337, 0.00850928295403719, 0.008440852165222168, 0.008457251824438572, 0.00837683491408825, 0.008312997408211231, 0.008347146213054657, 0.008243228308856487, 0.008236425928771496, 0.00825879443436861, 0.008098272606730461, 0.008151829242706299, 0.00807461328804493, 0.00807440560311079, 0.008081957697868347, 0.007953323423862457, 0.007963073439896107, 0.008047817274928093, 0.00807125587016344, 0.007813909091055393, 0.007814760319888592, 0.007774606347084045, 0.007803676649928093, 0.00780361145734787], "mae": [0.022787269204854965, 0.016545133665204048, 0.01472809724509716, 0.0140699353069067, 0.013606795109808445, 0.012747738510370255, 0.011979090981185436, 0.011523173190653324, 0.01103369239717722, 0.010426086373627186, 0.009866650216281414, 0.009266136214137077, 0.00882258266210556, 0.008295489475131035, 0.007909649983048439, 0.007498531136661768, 0.007226613350212574, 0.007023061625659466, 0.006708402186632156, 0.006547464057803154, 0.0063133505173027515, 0.006156629882752895, 0.005964396521449089, 0.005793038289994001, 0.005630096420645714, 0.005509519949555397, 0.005418163258582354, 0.005233952775597572, 0.005128542426973581, 0.0050104460678994656, 0.004958621226251125, 0.004828694276511669, 0.004732896573841572, 0.0046521336771547794, 0.004570977296680212, 0.0045317173935472965, 0.004426886327564716, 0.004358869511634111, 0.0043526082299649715, 0.004228233825415373, 0.004193361382931471, 0.0041869343258440495, 0.004116172902286053, 0.004091858863830566, 0.004071476403623819, 0.004024042282253504, 0.004006636328995228, 0.003962107468396425, 0.0039534480310976505, 0.0038950007874518633, 0.0039046527817845345, 0.0038761987816542387, 0.0038911497686058283, 0.0038263320457190275, 0.003848819760605693, 0.003785698674619198, 0.003771736053749919, 0.0037535589653998613, 0.003765284549444914, 0.003722536377608776, 0.0037207964342087507, 0.0037106280215084553, 0.0036639312747865915, 0.003674218198284507, 0.0036904297303408384, 0.003636553417891264, 0.0036460633855313063, 0.0036182391922920942, 0.003618919989094138, 0.0036299950443208218, 0.003600575728341937, 0.003550467547029257, 0.0035606243181973696, 0.003561102319508791, 0.00351930339820683, 0.003511911490932107, 0.0035062304232269526, 0.0035159962717443705, 0.0034903374034911394, 0.0034990771673619747, 0.0035023288801312447, 0.003464707173407078, 0.003492733696475625, 0.0034473533742129803, 0.003463398665189743, 0.003481389954686165, 0.0034239713568240404, 0.0034292051568627357, 0.00341071467846632, 0.0034380746074020863, 0.0034272579941898584, 0.0034066438674926758, 0.0033944700844585896, 0.0034084422513842583, 0.00344504090026021, 0.0033526532351970673, 0.003385028801858425, 0.003381044138222933, 0.0033826816361397505, 0.003365894081071019], "mse": [0.0011329948902130127, 0.0005809486610814929, 0.00047465815441682935, 0.00044198293471708894, 0.0004164394340477884, 0.0003780478145927191, 0.00034490274265408516, 0.00032348238164559007, 0.0002993892121594399, 0.0002716650196816772, 0.0002456987276673317, 0.00022218642698135227, 0.0002014377823797986, 0.00018032939988188446, 0.0001640803093323484, 0.0001470923307351768, 0.00013645360013470054, 0.00012740329839289188, 0.00011720197653630748, 0.00010961326188407838, 0.00010185924475081265, 9.571084228809923e-05, 8.973042713478208e-05, 8.445636922260746e-05, 7.961771916598082e-05, 7.575632480438799e-05, 7.229461334645748e-05, 6.852627848275006e-05, 6.560383917530999e-05, 6.210677383933216e-05, 6.01845677010715e-05, 5.727438474423252e-05, 5.496012818184681e-05, 5.3176376241026446e-05, 5.086965757072903e-05, 4.937201083521359e-05, 4.7500914661213756e-05, 4.577453728416003e-05, 4.488651393330656e-05, 4.320831794757396e-05, 4.200252078589983e-05, 4.127053762204014e-05, 4.016983803012408e-05, 3.953544364776462e-05, 3.886182093992829e-05, 3.807856046478264e-05, 3.760138861252926e-05, 3.67695938621182e-05, 3.6227495002094656e-05, 3.551591362338513e-05, 3.5360433685127646e-05, 3.479015140328556e-05, 3.484688568278216e-05, 3.400101195438765e-05, 3.382597424206324e-05, 3.33107564074453e-05, 3.299294985481538e-05, 3.261972960899584e-05, 3.253775867051445e-05, 3.1894614949123934e-05, 3.184855086146854e-05, 3.149014446535148e-05, 3.1125786335906014e-05, 3.1031016987981275e-05, 3.082449620706029e-05, 3.033691791642923e-05, 3.0205661460058764e-05, 2.9907512725912966e-05, 2.9674005418200977e-05, 2.974089511553757e-05, 2.9533173801610246e-05, 2.8898142772959545e-05, 2.8812950404244475e-05, 2.8719687179545872e-05, 2.839664011844434e-05, 2.8243808628758416e-05, 2.80398871836951e-05, 2.7985281121800654e-05, 2.7767451683757827e-05, 2.7683721782523207e-05, 2.7696760298567824e-05, 2.7288127967040055e-05, 2.739709452725947e-05, 2.7165160645381548e-05, 2.715633854677435e-05, 2.71970438916469e-05, 2.6778559913509525e-05, 2.673546077858191e-05, 2.6624877136782743e-05, 2.6532623451203108e-05, 2.6504381821723655e-05, 2.6227182388538495e-05, 2.6196481485385448e-05, 2.6223011445836164e-05, 2.638752994243987e-05, 2.575757935119327e-05, 2.5775350877665915e-05, 2.5712140995892696e-05, 2.568798663560301e-05, 2.5614555852371268e-05],