{"loss": [0.24765919148921967, 0.07323028147220612, 0.03906875476241112, 0.028884118422865868, 0.022431423887610435, 0.019130537286400795, 0.015747157856822014, 0.014194861985743046, 0.013811774551868439, 0.012196141295135021, 0.012175341136753559, 0.011061275377869606, 0.011045044288039207, 0.010766086168587208, 0.01010024081915617, 0.010519661009311676, 0.009732021018862724, 0.009612117893993855, 0.009179480373859406, 0.009631875902414322, 0.009492705576121807, 0.008923421613872051, 0.009201876819133759, 0.009497310034930706, 0.008542795665562153, 0.008352509699761868, 0.009108307771384716, 0.008264337666332722, 0.008318223990499973, 0.008627229370176792, 0.00778623390942812, 0.00873190350830555, 0.007861685007810593, 0.00815824419260025, 0.007936188951134682, 0.008012183010578156, 0.007827539928257465, 0.008011430501937866, 0.007628018502146006, 0.007791181560605764, 0.007767354138195515, 0.007742146961390972, 0.00742476899176836, 0.007767098024487495, 0.0073274243623018265, 0.007487745024263859, 0.007493266370147467, 0.007524359505623579, 0.007095883600413799, 0.007683111354708672, 0.007025852799415588, 0.007843160070478916, 0.00703422212973237, 0.0073563517071306705, 0.008257047273218632, 0.007074891123920679, 0.006603594869375229, 0.006830278318375349, 0.0071104746311903, 0.0070440866984426975, 0.007036333903670311, 0.006803505122661591, 0.006854117847979069, 0.00694029638543725, 0.006977552082389593, 0.006712500471621752, 0.006693997420370579, 0.006990516558289528, 0.006359644699841738, 0.006768874824047089, 0.006679890211671591, 0.006630328483879566, 0.006578532978892326, 0.006603540852665901, 0.006701987236738205, 0.006437069736421108, 0.006580757442861795, 0.006405597552657127, 0.006275610066950321, 0.006972126662731171, 0.006382377352565527, 0.006288864184170961, 0.006516812834888697, 0.006241773255169392, 0.006488022394478321, 0.006513227242976427, 0.006279074586927891, 0.006292901001870632, 0.006187689024955034, 0.006401034537702799, 0.006227908190339804, 0.0061205183155834675, 0.00625507440418005, 0.006208422128111124, 0.0059937224723398685, 0.006064497400075197, 0.006230313330888748, 0.006138592027127743, 0.006061123684048653, 0.006113586015999317], "mae": [0.027489623054862022, 0.014436925761401653, 0.010616889223456383, 0.00913775060325861, 0.008038520812988281, 0.007369825150817633, 0.006728845648467541, 0.006375737953931093, 0.006251412909477949, 0.005932565312832594, 0.0058826846070587635, 0.005637492053210735, 0.005600724834948778, 0.005521820392459631, 0.005379475187510252, 0.00545306084677577, 0.005285176914185286, 0.005240905098617077, 0.005143055226653814, 0.005230529233813286, 0.005166262853890657, 0.005047287791967392, 0.005123411770910025, 0.005208165384829044, 0.004947349429130554, 0.004903093446046114, 0.005057705566287041, 0.0048965332098305225, 0.004865288734436035, 0.004963702522218227, 0.00472220266237855, 0.0049758898094296455, 0.004735482390969992, 0.004822291899472475, 0.004764045123010874, 0.004785266704857349, 0.004727120511233807, 0.004792741499841213, 0.004676178563386202, 0.004722045734524727, 0.004708704072982073, 0.004689388442784548, 0.004626649431884289, 0.004730576649308205, 0.004565310664474964, 0.0046241432428359985, 0.004639017395675182, 0.0046254792250692844, 0.004517500754445791, 0.0046686576679348946, 0.004485448356717825, 0.004646848887205124, 0.00448242574930191, 0.004547902382910252, 0.0047990307211875916, 0.004447544924914837, 0.004334598779678345, 0.00440551433712244, 0.004489467013627291, 0.00446927547454834, 0.0044752806425094604, 0.0044174506329, 0.004422764293849468, 0.004448498599231243, 0.004455887246876955, 0.004376641009002924, 0.004374419804662466, 0.004452025517821312, 0.00427550682798028, 0.0043890029191970825, 0.004358053207397461, 0.004345447290688753, 0.00435039633885026, 0.004338737111538649, 0.004355140496045351, 0.004288903903216124, 0.004320682492107153, 0.004265821073204279, 0.004245527554303408, 0.00440506637096405, 0.004263648297637701, 0.00424047838896513, 0.004317021928727627, 0.004219682887196541, 0.0042859516106545925, 0.0042669931426644325, 0.004236580338329077, 0.004221397917717695, 0.004185250028967857, 0.004249816760420799, 0.004210047889500856, 0.004175662063062191, 0.0042274282313883305, 0.004180313087999821, 0.004146328661590815, 0.004163599573075771, 0.004201546311378479, 0.004179778508841991, 0.0041458457708358765, 0.004157122690230608], "mse": [0.0013427624944597483, 0.00039262688369490206, 0.00020803921506740153, 0.00015400479605887085, 0.00011997670662822202, 0.00010184825077885762, 8.420420635957271e-05, 7.561276288470253e-05, 7.339016883634031e-05, 6.499521987279877e-05, 6.494126137113199e-05, 5.928691098233685e-05, 5.899883763049729e-05, 5.727440657210536e-05, 5.38389831490349e-05, 5.603244062513113e-05, 5.181316737434827e-05, 5.132233854965307e-05, 4.903828812530264e-05, 5.1302504289196804e-05, 5.0558141083456576e-05, 4.764270124724135e-05, 4.9190206482307985e-05, 5.060682451585308e-05, 4.5610977394971997e-05, 4.450482811080292e-05, 4.8451864131493494e-05, 4.42263153672684e-05, 4.4301523303147405e-05, 4.606270886142738e-05, 4.158105002716184e-05, 4.656322198570706e-05, 4.1856375901261345e-05, 4.336336860433221e-05, 4.2248058889526874e-05, 4.264705057721585e-05, 4.180424730293453e-05, 4.2539417336229235e-05, 4.06564686272759e-05, 4.158409865340218e-05, 4.1466355469310656e-05, 4.132859248784371e-05, 3.966109943576157e-05, 4.1380095353815705e-05, 3.916621062671766e-05, 3.9818089135224e-05, 4.0123813960235566e-05, 4.008030373370275e-05, 3.7869514926569536e-05, 4.092078233952634e-05, 3.745612411876209e-05, 4.156455543125048e-05, 3.758565435418859e-05, 3.9071033825166523e-05, 4.414938302943483e-05, 3.764265784411691e-05, 3.5184682928957045e-05, 3.643153831944801e-05, 3.7889494706178084e-05, 3.755576835828833e-05, 3.754850695258938e-05, 3.6278219340601936e-05, 3.658413697849028e-05, 3.675649350043386e-05, 3.724524867720902e-05, 3.582448334782384e-05, 3.565789666026831e-05, 3.731596007128246e-05, 3.401934736757539e-05, 3.607655889936723e-05, 3.550049223122187e-05, 3.5330926039023325e-05, 3.5112869227305055e-05, 3.5261615266790614e-05, 3.570024637156166e-05, 3.4336109820287675e-05, 3.506307621137239e-05, 3.4252712794113904e-05, 3.348744212416932e-05, 3.700107117765583e-05, 3.408618431421928e-05, 3.360344999236986e-05, 3.4698783565545455e-05, 3.329589526401833e-05, 3.464859037194401e-05, 3.473152537480928e-05, 3.345618097227998e-05, 3.353810461703688e-05, 3.3035248634405434e-05, 3.401155845494941e-05, 3.324715362396091e-05, 3.26171939377673e-05, 3.3401047403458506e-05, 3.3056887332350016e-05, 3.197018304490484e-05, 3.2257135899271816e-05, 3.317795926705003e-05, 3.265457780798897e-05, 3.231622031307779e-05, 3.258667857153341e-05],