{"sampleRate": 44100, "chunkSize": 88, "trainNvalSize": 74862, "lstmUnits": 64, "learningRate": 0.01, "epochs": 100, "patience": 15, "batchSize": 64, "shuffle": true, "randomState": 25, "trainTime": 249.5887906551361, "gain": "High", "testing": 0.030451973900198936}