{"loss": [0.31536999344825745, 0.05326683446764946, 0.04274430498480797, 0.036863893270492554, 0.03431783244013786, 0.030176211148500443, 0.029399573802947998, 0.026647020131349564, 0.02673928067088127, 0.025545896962285042, 0.024359606206417084, 0.024135880172252655, 0.02439381182193756, 0.024295663461089134, 0.023028448224067688, 0.02280430868268013, 0.0219919141381979, 0.02190321683883667, 0.02215186133980751, 0.021909259259700775, 0.0214603990316391, 0.02124428190290928, 0.02143147960305214, 0.021100889891386032, 0.021257059648633003, 0.021058907732367516, 0.021233640611171722, 0.021697066724300385, 0.021383749321103096, 0.020654702559113503, 0.020905544981360435, 0.020797552540898323, 0.021315669640898705, 0.020452143624424934], "mae": [0.030781149864196777, 0.013279586099088192, 0.012005948461592197, 0.011122805066406727, 0.010777034796774387, 0.01012374833226204, 0.009982744231820107, 0.009537315927445889, 0.00955845694988966, 0.009314698167145252, 0.009119058959186077, 0.009093875996768475, 0.009095313027501106, 0.009099000133574009, 0.008875882253050804, 0.008850298821926117, 0.008685586974024773, 0.008665218017995358, 0.008720951154828072, 0.008655117824673653, 0.008569899015128613, 0.00854968186467886, 0.008568909950554371, 0.008505585603415966, 0.008546529337763786, 0.008497809991240501, 0.00855534803122282, 0.008652997203171253, 0.008597119711339474, 0.00842561386525631, 0.00848748255521059, 0.008450738154351711, 0.008516442961990833, 0.00835142470896244], "mse": [0.001898663816973567, 0.0003159690531902015, 0.0002551439683884382, 0.00021958598517812788, 0.00020503067935351282, 0.00018025697499979287, 0.00017501821275800467, 0.00015924633771646768, 0.00015950902889017016, 0.00015226074901875108, 0.000145379759487696, 0.00014442541578318924, 0.00014517488307319582, 0.00014463011757470667, 0.0001374537096126005, 0.00013625388965010643, 0.00013135228073224425, 0.00013105012476444244, 0.00013231822231318802, 0.00013065015082247555, 0.00012811386841349304, 0.00012695179611910135, 0.00012808061728719622, 0.00012580424663610756, 0.0001268936466658488, 0.00012574657739605755, 0.0001264647435164079, 0.00012994870485272259, 0.00012750599125865847, 0.00012314588821027428, 0.00012494481052272022, 0.00012400267587509006, 0.00012710569717455655, 0.00012193366274004802], "val_loss": [0.07128585875034332, 0.047332968562841415, 0.03601320460438728, 0.030742453411221504, 0.0272561963647604, 0.02603830397129059, 0.030989689752459526, 0.02408623695373535, 0.02509039267897606, 0.033901847898960114, 0.02517935447394848, 0.03191371634602547, 0.023357991129159927, 0.02417130023241043, 0.03336082398891449, 0.020052632316946983, 0.02979031763970852, 0.020509308204054832, 0.019506927579641342, 0.0216129831969738, 0.02414887584745884, 0.023871464654803276, 0.02140287682414055, 0.020703673362731934, 0.02402195706963539, 0.021361060440540314, 0.020202647894620895, 0.020432734861969948, 0.01997225731611252, 0.024628156796097755, 0.02195993810892105, 0.020865118131041527, 0.019887929782271385, 0.01964065432548523], "val_mae": [0.016295749694108963, 0.012946410104632378, 0.011393953114748001, 0.010286287404596806, 0.009720164351165295, 0.009229173883795738, 0.010287689976394176, 0.008877972140908241, 0.009337580762803555, 0.011342709884047508, 0.009413860738277435, 0.010105769149959087, 0.00882040336728096, 0.009525165893137455, 0.010962983593344688, 0.00834929384291172, 0.010751609690487385, 0.00828278623521328, 0.008186194114387035, 0.008465923368930817, 0.009502771310508251, 0.00941471103578806, 0.008758760057389736, 0.00869229156523943, 0.009403628297150135, 0.008580787107348442, 0.008199742063879967, 0.0083211874589324, 0.008127741515636444, 0.009216264821588993, 0.008574539795517921, 0.008432780392467976, 0.008158605545759201, 0.008175273425877094], "val_mse": [0.0004300411092117429, 0.0002854797930922359, 0.00021692975133191794, 0.00018640521739143878, 0.00016398291336372495, 0.00015680356591474265, 0.0001864762743934989, 0.00014476965588983148, 0.00015103923215065151, 0.00020327730453573167, 0.00015136320143938065, 0.00019273959333077073, 0.00014028155419509858, 0.0001452975848224014, 0.00020025983394589275, 0.00012052882084390149, 0.0001788420049706474, 0.00012336850340943784, 0.00011738503962988034, 0.00013000916806049645, 0.00014512304915115237, 0.0001432708668289706, 0.00012892051017843187, 0.00012447763583622873, 0.00014437509526032954, 0.00012843315198551863, 0.00012143011554144323, 0.00012266662088222802, 0.00012006488395854831, 0.0001486673572799191, 0.00013202954141888767, 0.00012529575906228274, 0.00011964758596150205, 0.00011795348837040365]}