{"loss": [0.3140060603618622, 0.043377671390771866, 0.033052101731300354, 0.02758912928402424, 0.02448037639260292, 0.021446140483021736, 0.020285481587052345, 0.01805995963513851, 0.01853952929377556, 0.01692013628780842, 0.015643397346138954, 0.015727270394563675, 0.015499166212975979, 0.014981640502810478, 0.014555033296346664, 0.014401030726730824, 0.013846928253769875, 0.013763969764113426, 0.013458473607897758, 0.014066929928958416, 0.013344300910830498, 0.013088143430650234, 0.013254824094474316, 0.01314427237957716, 0.0129061508923769, 0.012706332840025425, 0.012863561511039734, 0.012439816258847713, 0.01242202240973711, 0.012527392245829105, 0.012228641659021378, 0.012275398708879948, 0.012269902043044567, 0.012283220887184143, 0.012210489250719547, 0.011836525052785873, 0.01186028216034174, 0.012145012617111206, 0.011849823407828808, 0.011988949961960316, 0.011582712642848492, 0.011647053062915802, 0.011729208752512932, 0.011846217326819897, 0.011681299656629562, 0.011639699339866638, 0.011424177326261997, 0.011607292108237743, 0.01200763788074255, 0.3108907639980316, 1.0675756931304932, 1.0271008014678955, 1.0274547338485718, 0.9922301769256592, 0.9884363412857056, 0.9623075127601624, 0.9620248079299927, 2.3723366260528564, 0.9602921605110168, 1.3074297904968262, 0.9947925806045532, 0.9687075018882751], "mae": [0.028445376083254814, 0.011253179050981998, 0.009767398238182068, 0.00893781054764986, 0.008468602783977985, 0.007953483611345291, 0.007717053405940533, 0.007323740050196648, 0.007389217149466276, 0.007042272482067347, 0.006812322419136763, 0.006836350541561842, 0.006756959483027458, 0.006651747971773148, 0.006599306594580412, 0.006532932631671429, 0.006392276380211115, 0.006394751835614443, 0.00632898323237896, 0.006437321659177542, 0.006298722233623266, 0.006220678798854351, 0.006281937938183546, 0.006247260142117739, 0.006188844330608845, 0.006130919326096773, 0.006184655707329512, 0.006065307185053825, 0.006065463647246361, 0.0060723102651536465, 0.006024945992976427, 0.006019001826643944, 0.006043206434696913, 0.0060275583527982235, 0.006028477102518082, 0.00592226954177022, 0.005924947094172239, 0.006011418532580137, 0.005905988160520792, 0.005963165313005447, 0.005849818233400583, 0.005863024853169918, 0.005892114248126745, 0.005939415656030178, 0.0058863721787929535, 0.005866109859198332, 0.005798812489956617, 0.005862555932253599, 0.005981954280287027, 0.019868865609169006, 0.05998627841472626, 0.05953634902834892, 0.05937783047556877, 0.05885102599859238, 0.05817338079214096, 0.05766437202692032, 0.05750465765595436, 0.06817646324634552, 0.055009230971336365, 0.06124211102724075, 0.05886581167578697, 0.05768553540110588], "mse": [0.0017074786592274904, 0.0002328758273506537, 0.00017621014558244497, 0.0001473089650971815, 0.0001307673373958096, 0.000114834176201839, 0.00010823761112987995, 9.685569239081815e-05, 9.902375313686207e-05, 9.017126285471022e-05, 8.364276436623186e-05, 8.38426494738087e-05, 8.253186388174072e-05, 7.981871021911502e-05, 7.794504199409857e-05, 7.701152935624123e-05, 7.390727841993794e-05, 7.350723899435252e-05, 7.213671779027209e-05, 7.507976988563314e-05, 7.118185749277472e-05, 6.980296893743798e-05, 7.06237115082331e-05, 7.005692168604583e-05, 6.892329110996798e-05, 6.787863821955398e-05, 6.866201147204265e-05, 6.655119068454951e-05, 6.624238449148834e-05, 6.678455974906683e-05, 6.540730100823566e-05, 6.545308860950172e-05, 6.563417991856113e-05, 6.529886013595387e-05, 6.51677546557039e-05, 6.326365837594494e-05, 6.344271969283e-05, 6.485470657935366e-05, 6.329479219857603e-05, 6.392080103978515e-05, 6.191829743329436e-05, 6.234462489373982e-05, 6.254105392144993e-05, 6.332872726488858e-05, 6.235628825379536e-05, 6.211198342498392e-05, 6.103976920712739e-05, 6.224423850653693e-05, 6.404172745533288e-05, 0.0017149458872154355, 0.005829779896885157, 0.005598892457783222, 0.00559219578281045, 0.005403265357017517, 0.0053787496872246265, 0.005242741666734219, 0.00523381307721138, 0.012386645190417767, 0.005164931062608957, 0.007117119617760181, 0.005415094550698996, 0.005263392813503742], "val_loss": [0.042224232107400894, 0.0482429638504982, 0.02267773635685444, 0.02279309183359146, 0.023221921175718307, 0.015029811300337315, 0.02338089793920517, 0.0293158870190382, 0.013314955867826939, 0.014242039993405342, 0.014794946648180485, 0.015722770243883133, 0.014098250307142735, 0.021275006234645844, 0.026825107634067535, 0.02178184874355793, 0.012237954884767532, 0.01226181909441948, 0.01304207555949688, 0.014965025708079338, 0.012082930654287338, 0.015676626935601234, 0.012042887508869171, 0.01316501572728157, 0.011598995886743069, 0.012618523091077805, 0.011769941076636314, 0.015132340602576733, 0.011187412776052952, 0.011174405924975872, 0.011730646714568138, 0.012344700284302235, 0.011964045464992523, 0.01124660111963749, 0.015651436522603035, 0.01445607841014862, 0.013437089510262012, 0.012483354657888412, 0.012033709324896336, 0.013203141279518604, 0.011131859384477139, 0.01224352978169918, 0.014627556316554546, 0.011659087613224983, 0.01144060492515564, 0.011368765495717525, 0.01052277535200119, 0.01341299619525671, 0.012145394459366798, 0.9917961359024048, 0.9703460335731506, 1.2065919637680054, 0.9635310769081116, 1.1287448406219482, 0.9347490668296814, 0.9240132570266724, 0.9535150527954102, 2.137425184249878, 0.8510517477989197, 0.9563477039337158, 0.901957094669342, 0.8962231874465942], "val_mae": [0.011215454898774624, 0.01271602138876915, 0.008058777078986168, 0.007835607044398785, 0.008190381340682507, 0.006487228907644749, 0.00853213481605053, 0.010221835225820541, 0.006113782059401274, 0.006420002784579992, 0.006545700132846832, 0.006836711894720793, 0.006342553533613682, 0.008433793671429157, 0.009914366528391838, 0.008818089962005615, 0.005831294227391481, 0.0059706284664571285, 0.00611315481364727, 0.006501988507807255, 0.006115888711065054, 0.006754615809768438, 0.0058880033902823925, 0.006237041670829058, 0.005794321186840534, 0.006020709406584501, 0.005803979001939297, 0.006616569124162197, 0.00564277358353138, 0.0057375445030629635, 0.005747782997786999, 0.00603961618617177, 0.005887393839657307, 0.005763205233961344, 0.007237299345433712, 0.006686893291771412, 0.0066888039000332355, 0.006139400415122509, 0.005787480156868696, 0.006155970972031355, 0.005596249829977751, 0.005937792826443911, 0.0066984123550355434, 0.005801564548164606, 0.005698785185813904, 0.005877713672816753, 0.005439181812107563, 0.006351751275360584, 0.005863806698471308, 0.05790947005152702, 0.058570362627506256, 0.0579521507024765, 0.05755993351340294, 0.06625107675790787, 0.05649973824620247, 0.056370899081230164, 0.05883805453777313, 0.08058930933475494, 0.05193871632218361, 0.057933203876018524, 0.05490696057677269, 0.054853178560733795],