{"loss": [0.4558841288089752, 0.25506848096847534, 0.23033298552036285, 0.21343064308166504, 0.20806020498275757, 0.19673310220241547, 0.19629548490047455, 0.18853996694087982, 0.18680958449840546, 0.18050462007522583, 0.18066653609275818, 0.1777523308992386, 0.1740381419658661, 0.17527827620506287, 0.17267201840877533, 0.1695389747619629, 0.17111068964004517, 0.16824397444725037, 0.1674405336380005, 0.1668606996536255, 0.1653827428817749, 0.16384945809841156, 0.16250275075435638, 0.16155670583248138, 0.161933034658432, 0.16241388022899628, 0.15899328887462616, 0.15903763473033905, 0.1611287146806717, 0.15856203436851501, 0.15810705721378326, 0.15709449350833893, 0.1581467092037201, 0.15674571692943573, 0.1539669781923294, 0.15561801195144653, 0.15554861724376678, 0.1546037197113037, 0.15557736158370972, 0.1535385549068451, 0.15375566482543945, 0.15373101830482483, 0.15252432227134705, 0.15344151854515076, 0.15170952677726746, 0.15274403989315033, 0.15036673843860626, 0.15221227705478668, 0.24654333293437958, 0.24887773394584656, 0.2226545512676239, 0.20000986754894257, 0.1847558617591858, 0.17865915596485138, 0.17305494844913483, 0.16776639223098755, 0.16329044103622437, 0.15930065512657166, 0.15619300305843353, 0.15599678456783295, 0.15358635783195496, 0.15307477116584778], "mae": [0.04075933247804642, 0.030716413632035255, 0.029013460502028465, 0.027903905138373375, 0.027574729174375534, 0.026837769895792007, 0.0266877394169569, 0.026136217638850212, 0.02601069025695324, 0.025539662688970566, 0.025483086705207825, 0.025227215141057968, 0.02494945004582405, 0.025024306029081345, 0.024870647117495537, 0.02462068758904934, 0.02470060996711254, 0.024460000917315483, 0.024448860436677933, 0.024380017071962357, 0.02432338334619999, 0.024134423583745956, 0.0240164827555418, 0.02390150912106037, 0.02400272712111473, 0.024050123989582062, 0.02373792976140976, 0.023748669773340225, 0.023956725373864174, 0.02370941825211048, 0.023674501106142998, 0.02360757812857628, 0.023651842027902603, 0.02359875477850437, 0.023342592641711235, 0.02350843884050846, 0.023464642465114594, 0.02347666397690773, 0.02340036816895008, 0.023339567705988884, 0.02331392839550972, 0.02331027202308178, 0.02322552166879177, 0.023254964500665665, 0.023168912157416344, 0.023246703669428825, 0.02307954989373684, 0.023172739893198013, 0.028874283656477928, 0.029378630220890045, 0.027929645031690598, 0.02666991390287876, 0.0256954412907362, 0.025279929861426353, 0.024908170104026794, 0.024557793512940407, 0.024208126589655876, 0.023886701092123985, 0.023638466373085976, 0.02359861694276333, 0.02338399365544319, 0.02333497442305088], "mse": [0.0031259129755198956, 0.0017451504245400429, 0.0015695880865678191, 0.0014503079000860453, 0.0014200584264472127, 0.001339280977845192, 0.0013343925820663571, 0.0012840600684285164, 0.001273000962100923, 0.001230501220561564, 0.001229843939654529, 0.001210690476000309, 0.0011852933093905449, 0.0011897472431883216, 0.0011756342137232423, 0.0011542764259502292, 0.001165978261269629, 0.0011455853236839175, 0.0011354973539710045, 0.001135238679125905, 0.001125230104662478, 0.0011142067378386855, 0.0011056034127250314, 0.001098192878998816, 0.0011007888242602348, 0.001106694107875228, 0.0010831007966771722, 0.0010784530313685536, 0.0010959804058074951, 0.0010736166732385755, 0.001075036940164864, 0.0010669667972251773, 0.0010744333267211914, 0.0010646706214174628, 0.0010495837777853012, 0.00105702702421695, 0.0010566647397354245, 0.0010555092012509704, 0.0010565301636233926, 0.0010417515877634287, 0.001043494907207787, 0.0010474382434040308, 0.001038423739373684, 0.0010425542714074254, 0.0010327132185921073, 0.0010385173372924328, 0.001025042263790965, 0.0010351152159273624, 0.001692127319984138, 0.0017105789156630635, 0.0015289534348994493, 0.0013665277510881424, 0.0012615089071914554, 0.00121975876390934, 0.0011773076839745045, 0.001143192988820374, 0.001108463853597641, 0.0010847653029486537, 0.0010649693431332707, 0.001060602953657508, 0.0010443935170769691, 0.0010403493652120233], "val_loss": [0.2864559590816498, 0.21225106716156006, 0.28480425477027893, 0.23507121205329895, 0.1850041300058365, 0.18727891147136688, 0.1879461407661438, 0.2173740267753601, 0.18209435045719147, 0.18428726494312286, 0.16880889236927032, 0.16761909425258636, 0.17316414415836334, 0.16965506970882416, 0.16978687047958374, 0.1625160574913025, 0.1636151373386383, 0.17666278779506683, 0.1703193634748459, 0.17083480954170227, 0.1750134527683258, 0.16186758875846863, 0.16397176682949066, 0.15906302630901337, 0.157367542386055, 0.16305917501449585, 0.1652425080537796, 0.15339259803295135, 0.15657617151737213, 0.16772133111953735, 0.1541774868965149, 0.15498627722263336, 0.158019557595253, 0.1514793038368225, 0.16065679490566254, 0.16037018597126007, 0.16265268623828888, 0.15613169968128204, 0.15298505127429962, 0.15818166732788086, 0.1634155660867691, 0.15198253095149994, 0.15388523042201996, 0.15856866538524628, 0.15585528314113617, 0.17620480060577393, 0.1461367905139923, 0.15030458569526672, 0.25968611240386963, 0.23544622957706451, 0.20628267526626587, 0.18836267292499542, 0.18750302493572235, 0.17203135788440704, 0.16598309576511383, 0.16623269021511078, 0.15960168838500977, 0.15466082096099854, 0.15491467714309692, 0.15093959867954254, 0.1534135937690735, 0.15445087850093842], "val_mae": [0.03326520323753357, 0.027590014040470123, 0.03350191190838814, 0.028456367552280426, 0.02550843171775341, 0.025280751287937164, 0.024894950911402702, 0.026468874886631966, 0.024629272520542145, 0.02600308693945408, 0.024494530633091927, 0.0256743635982275, 0.02554464526474476, 0.024692444130778313, 0.024537984281778336, 0.023534342646598816, 0.02408619411289692, 0.0241360142827034, 0.0264795683324337, 0.024967726320028305, 0.02684265375137329, 0.024252353236079216, 0.023116499185562134, 0.02328505739569664, 0.024266937747597694, 0.024191999807953835, 0.023606035858392715, 0.0232713520526886, 0.02313941717147827, 0.02456877939403057, 0.024016188457608223, 0.0229896679520607, 0.02422356978058815, 0.022974757477641106, 0.025081580504775047, 0.02436951734125614, 0.023894399404525757, 0.023063698783516884, 0.023356076329946518, 0.023193342611193657, 0.02410058304667473, 0.023326842114329338, 0.02379332296550274, 0.024870218709111214, 0.023308617994189262, 0.024737276136875153, 0.022458789870142937, 0.022908087819814682, 0.030172426253557205, 0.02937476523220539, 0.026721607893705368, 0.025196563452482224, 0.02603856660425663, 0.024931414052844048, 0.02382100187242031, 0.02339217998087406, 0.024498920887708664, 0.02391793020069599, 0.023429734632372856, 0.022878054529428482, 0.022844599559903145, 0.02338826097548008],