{"loss": [0.29544535279273987, 0.16608698666095734, 0.13842354714870453, 0.12771199643611908, 0.11437860876321793, 0.10215798020362854, 0.09214786440134048, 0.08196093887090683, 0.07280857115983963, 0.06356959044933319, 0.05623248592019081, 0.05022064223885536, 0.04315325990319252, 0.03824936971068382, 0.03325090557336807, 0.03005177341401577, 0.02756677195429802, 0.025154316797852516, 0.02330155484378338, 0.02180142141878605, 0.020464716479182243, 0.019260132685303688, 0.01815345138311386, 0.017017707228660583, 0.01628936640918255, 0.015600473619997501, 0.015276946127414703, 0.014454328455030918, 0.013944614678621292, 0.013509441167116165, 0.013285111635923386, 0.013012774288654327, 0.012777593918144703, 0.012328867800533772, 0.012069957330822945, 0.011839006096124649, 0.01181501429527998, 0.011467810720205307, 0.011221159249544144, 0.01110015343874693, 0.010984302498400211, 0.01093276496976614, 0.010620586574077606, 0.010592720471322536, 0.010291858576238155, 0.01045408844947815, 0.01016315072774887, 0.010098605416715145, 0.010017644613981247, 0.009877344593405724, 0.009881457313895226, 0.009639543481171131, 0.00959418062120676, 0.009402652271091938, 0.009413753636181355, 0.009352527558803558, 0.009293807670474052, 0.009226028807461262, 0.009259244427084923, 0.00912525039166212, 0.009142694994807243, 0.009027184918522835, 0.008884119801223278, 0.009024268947541714, 0.008830973878502846, 0.008862359449267387, 0.008830979466438293, 0.008730214089155197, 0.00881268922239542, 0.008650749921798706, 0.00876288115978241, 0.008657313883304596, 0.00861254334449768, 0.008579484187066555, 0.008614134974777699, 0.008489877916872501, 0.008595348335802555, 0.008477820083498955, 0.008489144966006279, 0.008511193096637726, 0.008418661542236805, 0.008466747589409351, 0.008335170336067677, 0.008306344039738178, 0.008321979083120823, 0.008306690491735935, 0.008261403068900108, 0.008217117749154568, 0.008227580226957798, 0.008232451975345612, 0.008242711424827576, 0.008210415951907635, 0.008282315917313099, 0.008116524666547775, 0.008176861330866814, 0.0081697478890419, 0.008126913569867611, 0.00811723805963993, 0.00802247691899538, 0.008059647865593433], "mae": [0.021325139328837395, 0.016084814444184303, 0.014541777782142162, 0.013844374567270279, 0.012959666550159454, 0.012049836106598377, 0.011338452808558941, 0.010613695718348026, 0.009917553514242172, 0.009203222580254078, 0.0085689602419734, 0.008074311539530754, 0.0074701993726193905, 0.007086644414812326, 0.006643062457442284, 0.006313918624073267, 0.006040110718458891, 0.005821120459586382, 0.005651695188134909, 0.005471907090395689, 0.005275213625282049, 0.005158319137990475, 0.0050271740183234215, 0.004883347544819117, 0.004768267273902893, 0.004666357301175594, 0.004643358290195465, 0.004510040860623121, 0.004458864685148001, 0.004395725205540657, 0.004376031458377838, 0.004330306313931942, 0.004272907041013241, 0.0042141275480389595, 0.0041845110245049, 0.004142028279602528, 0.004157166928052902, 0.004069015849381685, 0.004041569773107767, 0.004030534997582436, 0.004037028644233942, 0.004020472522825003, 0.003940884489566088, 0.003942414652556181, 0.0038812945131212473, 0.003960771020501852, 0.0038689381908625364, 0.0038610093761235476, 0.003868567058816552, 0.0038311081007122993, 0.003832902992144227, 0.003759345505386591, 0.003785372944548726, 0.0037491819821298122, 0.0037544260267168283, 0.003734312020242214, 0.003734018187969923, 0.003719721455127001, 0.003726944560185075, 0.0037129169795662165, 0.0037098973989486694, 0.0036846015136688948, 0.0036563375033438206, 0.003676058491691947, 0.0036295466125011444, 0.0036579121369868517, 0.003654960310086608, 0.003611221443861723, 0.0036529465578496456, 0.0036068574991077185, 0.003634020686149597, 0.0036024267319589853, 0.0035913761239498854, 0.003598653245717287, 0.003602023236453533, 0.0035719394218176603, 0.0035814938601106405, 0.0035715338308364153, 0.0035724963527172804, 0.0035787862725555897, 0.0035483597312122583, 0.0035657279659062624, 0.0035357142332941294, 0.0035450365394353867, 0.0035442793741822243, 0.0035255588591098785, 0.003533866722136736, 0.0035295404959470034, 0.003528993809595704, 0.0035289411898702383, 0.003531662980094552, 0.003509256523102522, 0.0035352641716599464, 0.0034938522148877382, 0.003500129096210003, 0.003496837802231312, 0.0034888540394604206, 0.0034925700165331364, 0.0034709046594798565, 0.0034814607352018356], "mse": [0.0010092391166836023, 0.0005664892960339785, 0.00046995558659546077, 0.00043339122203178704, 0.0003858294803649187, 0.00034677336225286126, 0.00031095489975996315, 0.0002777894551400095, 0.00024523906176909804, 0.00021481957810465246, 0.0001902775256894529, 0.00016833953850436956, 0.0001459406194044277, 0.00012823365977965295, 0.0001122702524298802, 0.00010124334949068725, 9.191138087771833e-05, 8.432051254203543e-05, 7.820921746315435e-05, 7.258147525135428e-05, 6.804494478274137e-05, 6.396886601578444e-05, 6.0261467297095805e-05, 5.6874578149290755e-05, 5.396107007982209e-05, 5.176153717911802e-05, 5.054217035649344e-05, 4.7964924306143075e-05, 4.6435659896815196e-05, 4.50522820756305e-05, 4.419630204210989e-05, 4.30590080213733e-05, 4.21592740167398e-05, 4.084433021489531e-05, 4.008192991022952e-05, 3.928260048269294e-05, 3.914250191883184e-05, 3.785414810408838e-05, 3.7199759390205145e-05, 3.668849967652932e-05, 3.6497101973509416e-05, 3.62525497621391e-05, 3.5179040423827246e-05, 3.5036089684581384e-05, 3.407596523175016e-05, 3.477778227534145e-05, 3.3703392546158284e-05, 3.337344969622791e-05, 3.318508970551193e-05, 3.278513759141788e-05, 3.258635842939839e-05, 3.1851395760895684e-05, 3.1758416298544034e-05, 3.1216601200867444e-05, 3.122425914625637e-05, 3.076982466154732e-05, 3.0795021302765235e-05, 3.063192707486451e-05, 3.0588173103751615e-05, 3.0262264772318304e-05, 3.021806878678035e-05, 2.993058842548635e-05, 2.947476605186239e-05, 2.979674536618404e-05, 2.9167020329623483e-05, 2.932814822997898e-05, 2.9314707717276178e-05, 2.8799631763831712e-05, 2.9111217372701503e-05, 2.8685666620731354e-05, 2.8856919016106986e-05, 2.8554830350913107e-05, 2.8450907848309726e-05, 2.8384403776726685e-05, 2.841967398126144e-05, 2.8143389499746263e-05, 2.8270980692468584e-05, 2.7984446205664426e-05, 2.7977243007626384e-05, 2.792503437376581e-05, 2.7730686269933358e-05, 2.7906382456421852e-05, 2.7597856387728825e-05, 2.7479711206979118e-05, 2.7633564968709834e-05, 2.730673259065952e-05, 2.7355406928109005e-05, 2.7194004360353574e-05, 2.7209400286665186e-05, 2.7224308723816648e-05, 2.7200683689443395e-05, 2.711459637794178e-05, 2.7322421374265105e-05, 2.6818455808097497e-05, 2.697113814065233e-05, 2.691465306270402e-05, 2.6776615413837135e-05, 2.6723444534582086e-05, 2.6432784579810686e-05, 2.6751540644909255e-05],