{"sampleRate": 44100, "contextSize": 66, "trainNvalSize": 74862, "lstmUnits": 96, "learningRate": 0.0001, "trainEpochs": 100, "epochs": 100, "patience": 15, "batchSize": 64, "shuffle": true, "randomState": 25, "trainTime": 850.0598840713501, "gain": "Low", "testESR": 0.025852326303720474}