{"loss": [0.14926165342330933, 0.04402979835867882, 0.03810223191976547, 0.031701747328042984, 0.028104247525334358, 0.02657358907163143, 0.02483147569000721, 0.02360849641263485, 0.02286664955317974, 0.022194042801856995, 0.02197515033185482, 0.0203664880245924, 0.019952135160565376, 0.020599819719791412, 0.019444096833467484, 0.01876850612461567, 0.019162649288773537, 0.018705198541283607, 0.018734915181994438, 0.018160013481974602, 0.018248407170176506, 0.018170872703194618, 0.01772863231599331, 0.01769869029521942, 0.017622366547584534, 0.01730058342218399, 0.017362043261528015, 0.017330048605799675, 0.01729683019220829, 0.017157122492790222, 0.017092008143663406, 0.017247498035430908, 0.016997558996081352, 0.01683933287858963, 0.01684967614710331, 0.016989756375551224, 0.016534235328435898, 0.03850766643881798, 0.02083214558660984, 0.018247481435537338, 0.017613813281059265, 0.017230791971087456, 0.017109684646129608, 0.01721927896142006], "mae": [0.019488858059048653, 0.011308852583169937, 0.01044705044478178, 0.009691013023257256, 0.00916110910475254, 0.00888795591890812, 0.008625986985862255, 0.008441607467830181, 0.008292685262858868, 0.00819741003215313, 0.008074725978076458, 0.007820815779268742, 0.007780645973980427, 0.007818682119250298, 0.007642501965165138, 0.007546302862465382, 0.007623083423823118, 0.007544702384620905, 0.0075095295906066895, 0.007412070874124765, 0.007430566009134054, 0.007435611914843321, 0.007329093292355537, 0.0073197768069803715, 0.0073422580026090145, 0.007225112058222294, 0.007237209007143974, 0.007241883780807257, 0.007230321876704693, 0.007217277307063341, 0.007192881777882576, 0.007200292777270079, 0.007177318446338177, 0.0071226623840630054, 0.007150264922529459, 0.007167632691562176, 0.007063013967126608, 0.010334703139960766, 0.007972854189574718, 0.007468510884791613, 0.007325861603021622, 0.007253971416503191, 0.00720946816727519, 0.007247322704643011], "mse": [0.0008017095969989896, 0.00023467998835258186, 0.00020241145102772862, 0.0001688208431005478, 0.00014967501920182258, 0.000141655356856063, 0.0001322395692113787, 0.00012604641960933805, 0.0001223391736857593, 0.00011905971041414887, 0.00011645079212030396, 0.0001082650778698735, 0.000106383282400202, 0.00010980371007462963, 0.00010332270176149905, 9.983228665078059e-05, 0.00010237548849545419, 0.00010005064541473985, 0.00010006514639826491, 9.673507884144783e-05, 9.730113379191607e-05, 9.676652553025633e-05, 9.45208958000876e-05, 9.416258399141952e-05, 9.40176032599993e-05, 9.223272354574874e-05, 9.251487790606916e-05, 9.219305502483621e-05, 9.227841655956581e-05, 9.163421054836363e-05, 9.114934800891206e-05, 9.180559572996572e-05, 9.056977432919666e-05, 8.960970444604754e-05, 9.000057616503909e-05, 9.040283475769684e-05, 8.805411198409274e-05, 0.000205046366318129, 0.00011074897338403389, 9.735954517964274e-05, 9.366258746013045e-05, 9.173192665912211e-05, 9.110195242101327e-05, 9.173386206384748e-05], "val_loss": [0.04933374002575874, 0.04494379088282585, 0.07197228819131851, 0.059323981404304504, 0.021243760362267494, 0.020205777138471603, 0.02319337986409664, 0.023090960457921028, 0.03194800019264221, 0.020873676985502243, 0.020499099045991898, 0.01788286864757538, 0.022007020190358162, 0.019503863528370857, 0.020222779363393784, 0.023834990337491035, 0.016880711540579796, 0.022138100117444992, 0.018298793584108353, 0.017891962081193924, 0.022288544103503227, 0.0201759934425354, 0.017509082332253456, 0.016459627076983452, 0.018009250983595848, 0.018721239641308784, 0.01828922890126705, 0.018194440752267838, 0.016215911135077477, 0.0185945313423872, 0.017443884164094925, 0.017088059335947037, 0.03091273084282875, 0.016625912860035896, 0.018158724531531334, 0.017808174714446068, 0.01698959246277809, 0.024141589179635048, 0.018490580841898918, 0.017453404143452644, 0.01729721389710903, 0.016853079199790955, 0.017969433218240738, 0.016218477860093117], "val_mae": [0.01134302094578743, 0.01255088858306408, 0.014996621757745743, 0.013032350689172745, 0.008004006929695606, 0.007523316890001297, 0.008769653737545013, 0.008320704102516174, 0.00939190573990345, 0.007966228760778904, 0.008379533886909485, 0.007149097044020891, 0.008626502007246017, 0.007488067727535963, 0.00772823765873909, 0.008159157820045948, 0.007224538829177618, 0.008392507210373878, 0.007252935320138931, 0.007170083001255989, 0.008752956986427307, 0.008026165887713432, 0.007142257411032915, 0.006970932241529226, 0.007193984463810921, 0.007422310765832663, 0.007624515797942877, 0.007481844630092382, 0.0070588006637990475, 0.007940324954688549, 0.007047947030514479, 0.007057397626340389, 0.010267741978168488, 0.006854045670479536, 0.007635620888322592, 0.007311249617487192, 0.007144437171518803, 0.008683276362717152, 0.0073531623929739, 0.007254811003804207, 0.006964797619730234, 0.007183963432908058, 0.007607702631503344, 0.006755154579877853], "val_mse": [0.00026212327065877616, 0.0002380431687925011, 0.0003839707060251385, 0.00031431307434104383, 0.00011332984286127612, 0.00010789019870571792, 0.00012362396228127182, 0.00012293827603571117, 0.0001717429986456409, 0.0001109431977965869, 0.0001089587458409369, 9.540333121549338e-05, 0.00011751062265830114, 0.00010383954941062257, 0.00010751470836112276, 0.0001268625055672601, 9.004445746541023e-05, 0.00011769725824706256, 9.798009705264121e-05, 9.533981938147917e-05, 0.00011818842176580802, 0.00010776832641568035, 9.324805432697758e-05, 8.782112126937136e-05, 9.593005233909935e-05, 9.965110803022981e-05, 9.771384065970778e-05, 9.707101708045229e-05, 8.63585519255139e-05, 9.917962597683072e-05, 9.279416553908959e-05, 9.126948134507984e-05, 0.00016394304111599922, 8.865103154676035e-05, 9.652419248595834e-05, 9.506560309091583e-05, 9.089367813430727e-05, 0.0001286890619667247, 9.840627171797678e-05, 9.287308057537302e-05, 9.20208403840661e-05, 8.984877786133438e-05, 9.588788088876754e-05, 8.638233703095466e-05]}