{"loss": [0.290893018245697, 0.04211476817727089, 0.035233672708272934, 0.027125807479023933, 0.025179460644721985, 0.023449953645467758, 0.02212473563849926, 0.02121545933187008, 0.019226394593715668, 0.22486484050750732, 0.2234557718038559, 0.13586141169071198, 0.08683665841817856, 0.03729640692472458, 0.027322961017489433, 0.024099532514810562, 0.023258870467543602, 0.022098921239376068, 0.02047678455710411, 0.019511492922902107, 0.018475377932190895, 0.019085684791207314, 0.01822778210043907, 0.017076002433896065, 0.016628950834274292, 0.017002498731017113, 0.016199538484215736, 0.016547758132219315, 0.016126763075590134, 0.01581917330622673, 0.015180747956037521, 0.016922058537602425, 0.0162974763661623, 0.01523093692958355, 0.015180104412138462, 0.015163876116275787, 0.01522473432123661, 0.014966130256652832, 0.014993726275861263, 0.014587043784558773, 0.01458495482802391, 0.014584592543542385, 0.014514060690999031, 0.014350472018122673, 0.014279722236096859, 0.6418718099594116, 0.5959638357162476, 0.20268777012825012, 0.22232948243618011, 0.3087642192840576, 1.596023678779602, 1.1432981491088867, 0.8363404870033264, 0.8194762468338013, 0.8183825612068176, 0.8132604360580444, 0.8050934672355652, 0.7840196490287781, 0.79046231508255], "mae": [0.027092356234788895, 0.011064582504332066, 0.010084392502903938, 0.008926941081881523, 0.008590294979512691, 0.008357763290405273, 0.008077702485024929, 0.007864776998758316, 0.007578086107969284, 0.01845364458858967, 0.026030337437987328, 0.02032267116010189, 0.015936803072690964, 0.010468993335962296, 0.009022827260196209, 0.0084736542776227, 0.008377451449632645, 0.00816622655838728, 0.007810601033270359, 0.0076146735809743404, 0.007452741265296936, 0.007549114990979433, 0.007388642523437738, 0.007131597027182579, 0.007014783099293709, 0.0071248505264520645, 0.006962385959923267, 0.0070508732460439205, 0.006929746828973293, 0.006887981668114662, 0.006702421698719263, 0.007062395103275776, 0.0069185844622552395, 0.00674611097201705, 0.006724306847900152, 0.006704667583107948, 0.006741038989275694, 0.006665850058197975, 0.0066779726184904575, 0.006565718445926905, 0.006588971242308617, 0.006564103066921234, 0.0065718721598386765, 0.0065267933532595634, 0.006518838927149773, 0.03897750750184059, 0.043142061680555344, 0.02391657419502735, 0.0245400071144104, 0.028172455728054047, 0.0544368177652359, 0.05898663401603699, 0.053218990564346313, 0.05243590101599693, 0.0524141788482666, 0.05215834826231003, 0.051751479506492615, 0.051016706973314285, 0.05106684938073158], "mse": [0.0015590614639222622, 0.00022293915390037, 0.0001865858503151685, 0.00014322454808279872, 0.0001338612928520888, 0.00012428958143573254, 0.00011719545727828518, 0.00011268212256254628, 0.00010159869998460636, 0.0012193236034363508, 0.0011955441441386938, 0.0007230256451293826, 0.00046219571959227324, 0.00019696049275808036, 0.0001447707472834736, 0.0001276027614949271, 0.00012302926916163415, 0.00011711227125488222, 0.00010836846922757104, 0.00010299842688255012, 9.79130927589722e-05, 0.00010098407074110582, 9.656021575210616e-05, 9.025136387208477e-05, 8.812845044303685e-05, 9.009364293888211e-05, 8.605304174125195e-05, 8.781040378380567e-05, 8.541032730136067e-05, 8.392633026232943e-05, 8.042843546718359e-05, 8.967395115178078e-05, 8.648242510389537e-05, 8.076255471678451e-05, 8.03895018179901e-05, 8.035035716602579e-05, 8.073660865193233e-05, 7.931786240078509e-05, 7.943854870973155e-05, 7.728589844191447e-05, 7.727523188805208e-05, 7.720441499259323e-05, 7.687322067795321e-05, 7.592984911752865e-05, 7.588728476548567e-05, 0.003423870773985982, 0.0031912343110889196, 0.0010798161383718252, 0.0011799511266872287, 0.0016387252835556865, 0.008500900119543076, 0.006108262110501528, 0.004485158249735832, 0.004385585896670818, 0.0043877786956727505, 0.004355727229267359, 0.004316260106861591, 0.004208164755254984, 0.004232507199048996], "val_loss": [0.06626048684120178, 0.02375490963459015, 0.020821699872612953, 0.02553349733352661, 0.020332973450422287, 0.024079792201519012, 0.01811949908733368, 0.020270556211471558, 0.01834072545170784, 0.5793805718421936, 0.17101648449897766, 0.1057131439447403, 0.04768484830856323, 0.031418103724718094, 0.022433631122112274, 0.02394108846783638, 0.04984015226364136, 0.017933323979377747, 0.022432327270507812, 0.027332250028848648, 0.019605327397584915, 0.01571187749505043, 0.015256769955158234, 0.016352210193872452, 0.01753986068069935, 0.01522792037576437, 0.016414469107985497, 0.01634100079536438, 0.014878034591674805, 0.015908842906355858, 0.016021668910980225, 0.023276953026652336, 0.013976960442960262, 0.01368738617748022, 0.015546821057796478, 0.014058001339435577, 0.01659446209669113, 0.01395820640027523, 0.013858096674084663, 0.014825630001723766, 0.016702227294445038, 0.018889375030994415, 0.013780638575553894, 0.013169624842703342, 0.013661697506904602, 0.791991114616394, 0.2798555791378021, 0.12972579896450043, 0.10108862817287445, 0.20520110428333282, 2.7143142223358154, 0.7752947211265564, 0.8078850507736206, 1.0556851625442505, 0.8464223146438599, 0.8498483896255493, 0.7366170883178711, 0.8376071453094482, 0.8426547646522522], "val_mae": [0.014821544289588928, 0.008402981795370579, 0.007615788374096155, 0.008758383803069592, 0.007803281303495169, 0.008146429434418678, 0.00754794105887413, 0.007391324732452631, 0.007483977824449539, 0.043016042560338974, 0.022982101887464523, 0.017307307571172714, 0.011771539226174355, 0.010171893984079361, 0.008074430748820305, 0.008298421278595924, 0.013934629037976265, 0.007099750451743603, 0.008138000965118408, 0.009702477604150772, 0.007353461347520351, 0.00659214798361063, 0.006872573401778936, 0.006808402482420206, 0.007182177156209946, 0.00663562398403883, 0.006740058772265911, 0.0068075451999902725, 0.006658243015408516, 0.007000584155321121, 0.006719614379107952, 0.008801637217402458, 0.0064000883139669895, 0.006468195468187332, 0.007171495817601681, 0.006553089711815119, 0.007256174925714731, 0.006268158555030823, 0.006451418157666922, 0.006685011554509401, 0.007443280424922705, 0.007845032028853893, 0.006193734239786863, 0.006150342058390379, 0.006202430929988623, 0.052044861018657684, 0.028338169679045677, 0.0183812715113163, 0.016622524708509445, 0.025558343157172203, 0.07569433003664017, 0.05079435557126999, 0.051223963499069214, 0.05819323658943176, 0.05206954851746559, 0.052169352769851685, 0.04890696331858635, 0.051435451954603195, 0.05135942995548248], "val_mse": [0.000351589493220672, 0.00012657014303840697, 0.00011073744099121541, 0.00013519235653802752, 0.00010832710540853441, 0.00012878383859060705, 9.612125722924247e-05, 0.00010804817429743707, 9.71616173046641e-05, 0.003118444001302123, 0.0009155948064289987, 0.0005657608853653073, 0.00025481858756393194, 0.00016735635290388018, 0.0001194579599541612, 0.0001273479574592784, 0.00026303931372240186, 9.525543282506987e-05, 0.00011953280045418069, 0.00014497699157800525, 0.0001039607886923477, 8.354971942026168e-05, 8.094793156487867e-05, 8.675651042722166e-05, 9.392108768224716e-05, 8.097171667031944e-05, 8.736145537113771e-05, 8.674320270074531e-05, 7.909892883617431e-05, 8.435896597802639e-05, 8.54270692798309e-05, 0.00012303471157792956, 7.434723374899477e-05, 7.264912710525095e-05, 8.241011528298259e-05, 7.47739541111514e-05, 8.799998613540083e-05, 7.440822810167447e-05, 7.36872389097698e-05, 7.888713298598304e-05, 8.8905195298139e-05, 0.00010012891289079562, 7.326049671974033e-05, 7.005938095971942e-05, 7.256447133840993e-05, 0.004255595151335001, 0.0015025290194898844, 0.000703178986441344, 0.0005425859708338976, 0.0010991432936862111, 0.014499041251838207, 0.004176263697445393, 0.0043564774096012115, 0.00568088935688138, 0.004561875946819782, 0.004576759412884712, 0.003961098380386829, 0.004508625250309706, 0.004534225445240736]}