{"loss": [0.2557932436466217, 0.07948272675275803, 0.039949268102645874, 0.027807386592030525, 0.022759560495615005, 0.021012337878346443, 0.018282724544405937, 0.016655290499329567, 0.015132364816963673, 0.015712818130850792, 0.014881386421620846, 0.01411413587629795, 0.013593876734375954, 0.013267912901937962, 0.013227096758782864, 0.012868253514170647, 0.012644615955650806, 0.01244129054248333, 0.012839783914387226, 0.01191513892263174, 0.011594697833061218, 0.012005722150206566, 0.011543620377779007, 0.011169486679136753, 0.01175632979720831, 0.0107710100710392, 0.010924271307885647, 0.010992246679961681, 0.010452203452587128, 0.010597236454486847, 0.010434477590024471, 0.01036536879837513, 0.010351888835430145, 0.010706699453294277, 0.009822580963373184, 0.009902126155793667, 0.01012825220823288, 0.009669367223978043, 0.009634699672460556, 0.010052938014268875, 0.009451313875615597, 0.009844241663813591, 0.009585360065102577, 0.009617084637284279, 0.009575733914971352, 0.009346844628453255, 0.009740405716001987, 0.009149226360023022, 0.009457934647798538, 0.009103200398385525, 0.009265334345400333, 0.009082856588065624, 0.009618490003049374, 0.009046428836882114, 0.008885294198989868, 0.008966593071818352, 0.008975166827440262, 0.008752109482884407, 0.00888717733323574, 0.00905589573085308, 0.00903203897178173, 0.00893134344369173, 0.00880215410143137, 0.00878581590950489, 0.008757849223911762, 0.00853783916682005, 0.008427251130342484, 0.00864200759679079, 0.008423353545367718, 0.008335334248840809, 0.008581137284636497, 0.00826995074748993, 0.008403148502111435, 0.008489981293678284, 0.008183796890079975, 0.008389518596231937, 0.008340672589838505, 0.00802888534963131, 0.008315633051097393, 0.008093939162790775, 0.008189136162400246, 0.00814452301710844, 0.008200054988265038, 0.007890738546848297, 0.00816144235432148, 0.009427070617675781, 0.008290939033031464, 0.007867869921028614, 0.007941453717648983, 0.008157365024089813, 0.007862859405577183, 0.009035520255565643, 0.008327653631567955], "mae": [0.027987893670797348, 0.015119104646146297, 0.010674085468053818, 0.008956609293818474, 0.008050975389778614, 0.007734362967312336, 0.0072241006419062614, 0.006892814300954342, 0.006571338512003422, 0.006671668495982885, 0.006476223934441805, 0.00630321865901351, 0.006176169496029615, 0.006131934933364391, 0.006133786402642727, 0.00604094797745347, 0.0059751421213150024, 0.005969473160803318, 0.005995236337184906, 0.005759574007242918, 0.00572678679600358, 0.0057812160812318325, 0.0057145277969539165, 0.00562911806628108, 0.005764911882579327, 0.005561482161283493, 0.005571485031396151, 0.005578817334026098, 0.005455406382679939, 0.005518961697816849, 0.0054727764800190926, 0.005463208071887493, 0.005421123933047056, 0.005502110812813044, 0.005302128382027149, 0.005349284503608942, 0.005391621496528387, 0.005272929091006517, 0.005262234713882208, 0.005371600855141878, 0.00523269223049283, 0.00530271977186203, 0.005263200029730797, 0.005260010249912739, 0.005261878948658705, 0.0051831346936523914, 0.005295117851346731, 0.005130508448928595, 0.005214605014771223, 0.005125816911458969, 0.0051735094748437405, 0.0051000225357711315, 0.005223364103585482, 0.005116619635373354, 0.005048539023846388, 0.005073997192084789, 0.005067798774689436, 0.00503875408321619, 0.005069489125162363, 0.005097450688481331, 0.005113157909363508, 0.005073292646557093, 0.005025739315897226, 0.005065493751317263, 0.004987051710486412, 0.0049660117365419865, 0.0049444460310041904, 0.0049802083522081375, 0.004918720107525587, 0.004923685919493437, 0.004963054321706295, 0.004883423913270235, 0.004929067566990852, 0.0049384948797523975, 0.0048478879034519196, 0.004907727707177401, 0.004891478456556797, 0.00481076817959547, 0.0048966784961521626, 0.0048211803659796715, 0.0048700799234211445, 0.004839720670133829, 0.004869194235652685, 0.0047655776143074036, 0.004852899815887213, 0.005067103076726198, 0.004846406169235706, 0.004755549132823944, 0.004794707987457514, 0.004855446983128786, 0.004751109983772039, 0.005057059228420258, 0.004882278386503458], "mse": [0.0013841160107403994, 0.0004289871721994132, 0.0002140960714314133, 0.0001491961593274027, 0.00012191932910354808, 0.00011276650911895558, 9.824534936342388e-05, 8.92682364792563e-05, 8.114381489576772e-05, 8.448323205811903e-05, 7.953824388096109e-05, 7.551075395895168e-05, 7.273187657119706e-05, 7.117780478438362e-05, 7.09919331711717e-05, 6.871757796034217e-05, 6.771450716769323e-05, 6.683811807306483e-05, 6.865963950986043e-05, 6.371396739268675e-05, 6.202889926498756e-05, 6.412201764760539e-05, 6.19838319835253e-05, 5.981992217130028e-05, 6.300623499555513e-05, 5.7910423493012786e-05, 5.8557052398100495e-05, 5.897469964111224e-05, 5.607724597211927e-05, 5.691148908226751e-05, 5.5964108469197527e-05, 5.577617048402317e-05, 5.5304222769336775e-05, 5.743757719756104e-05, 5.2725452405866235e-05, 5.304014484863728e-05, 5.438272637547925e-05, 5.193319884710945e-05, 5.1602619350887835e-05, 5.375912951421924e-05, 5.0675640522968024e-05, 5.279678589431569e-05, 5.134902676218189e-05, 5.153265010449104e-05, 5.140093344380148e-05, 5.004421473131515e-05, 5.2183026127750054e-05, 4.9095928261522204e-05, 5.077009700471535e-05, 4.8855854402063414e-05, 4.963966057403013e-05, 4.863848880631849e-05, 5.158003477845341e-05, 4.848549724556506e-05, 4.7557674406562e-05, 4.815524516743608e-05, 4.807426375919022e-05, 4.685276508098468e-05, 4.757938222610392e-05, 4.85557975480333e-05, 4.831549813388847e-05, 4.7859972255537286e-05, 4.705949322669767e-05, 4.701199577539228e-05, 4.70574559585657e-05, 4.579144297167659e-05, 4.517045454122126e-05, 4.6284450945677236e-05, 4.520799484453164e-05, 4.4786684156861156e-05, 4.598302984959446e-05, 4.4290503865340725e-05, 4.4963700929656625e-05, 4.537911445368081e-05, 4.387279841466807e-05, 4.4874850573251024e-05, 4.471118518267758e-05, 4.31005064456258e-05, 4.4602704292628914e-05, 4.3346361053409055e-05, 4.3896106944885105e-05, 4.365559288999066e-05, 4.401542173582129e-05, 4.2267907701898366e-05, 4.3638247007038444e-05, 5.113067163620144e-05, 4.451024142326787e-05, 4.2193005356239155e-05, 4.249388075550087e-05, 4.361984247225337e-05, 4.2126743210246786e-05, 4.829614044865593e-05, 4.4637392420554534e-05],