{"sampleRate": 44100, "chunkSize": 66, "trainNvalSize": 74862, "lstmUnits": 96, "learningRate": 0.0001, "epochs": 100, "patience": 15, "batchSize": 64, "shuffle": true, "randomState": 25, "trainTime": 850.5177843570709, "gain": "Mid", "testing": 0.03888817876577377}