{"loss": [0.3970324695110321, 0.2413659691810608, 0.21466274559497833, 0.18068280816078186, 0.15375474095344543, 0.13120529055595398, 0.11531998962163925, 0.10217630863189697, 0.0881156325340271, 0.07797697931528091, 0.06823429465293884, 0.060943614691495895, 0.05534060299396515, 0.050311379134655, 0.045977670699357986, 0.04201602563261986, 0.03829730674624443, 0.03520733118057251, 0.032817766070365906, 0.03062210977077484, 0.028898488730192184, 0.027712244540452957, 0.026484474539756775, 0.02502058446407318, 0.024268291890621185, 0.02307472564280033, 0.022270115092396736, 0.021869312971830368, 0.021438097581267357, 0.020429156720638275, 0.020014086738228798, 0.019592588767409325, 0.018854957073926926, 0.01868913508951664, 0.018038278445601463, 0.017815284430980682, 0.017552567645907402, 0.017357265576720238, 0.01698746159672737, 0.016881423071026802, 0.016331741586327553, 0.016250185668468475, 0.015964273363351822, 0.01576857455074787, 0.0155532481148839, 0.015506558120250702, 0.01517875213176012, 0.014964805915951729, 0.014945057220757008, 0.014822284691035748, 0.014657621271908283, 0.014515313319861889, 0.01437489502131939, 0.014316420070827007, 0.014489983208477497, 0.014190997928380966, 0.014217173680663109, 0.014146337285637856, 0.01384862419217825, 0.013886561617255211, 0.013854174874722958, 0.013957623392343521, 0.013493063859641552, 0.013596365228295326, 0.013496107421815395, 0.013288128189742565, 0.013445461168885231, 0.01340406946837902, 0.013159966096282005, 0.013157281093299389, 0.01312554907053709, 0.013181732036173344, 0.01308362651616335, 0.012940434738993645, 0.012914673425257206, 0.012870511040091515, 0.013098891824483871, 0.012848441489040852, 0.01279390137642622, 0.012632440775632858, 0.012554830871522427, 0.01272011362016201, 0.012511731125414371, 0.012620574794709682, 0.01248869113624096, 0.012590812519192696, 0.012469516135752201, 0.012285709381103516, 0.012334614992141724, 0.012246208265423775, 0.012311055324971676, 0.012167957611382008, 0.012261634692549706, 0.012179930694401264, 0.01205520611256361, 0.01200929842889309, 0.012009622529149055, 0.012103451415896416, 0.012027119286358356, 0.012079508043825626], "mae": [0.03578127920627594, 0.02755948156118393, 0.025761235505342484, 0.023469798266887665, 0.02135511301457882, 0.019538499414920807, 0.018190136179327965, 0.016978614032268524, 0.015742633491754532, 0.014785370789468288, 0.01381789892911911, 0.013034584000706673, 0.012482980266213417, 0.011849683709442616, 0.0113605922088027, 0.010881274938583374, 0.01038418896496296, 0.009954373352229595, 0.009631006978452206, 0.009290415793657303, 0.00906165037304163, 0.008905348367989063, 0.008647523820400238, 0.008421888574957848, 0.008350508287549019, 0.008116847835481167, 0.00797609705477953, 0.00796153862029314, 0.007858694531023502, 0.007626496721059084, 0.007559092715382576, 0.007519318722188473, 0.007361677009612322, 0.007345215883105993, 0.007205816451460123, 0.007177309598773718, 0.007099304813891649, 0.007101826369762421, 0.007012544199824333, 0.006999487057328224, 0.006835527718067169, 0.0068482281640172005, 0.006810914725065231, 0.006745339836925268, 0.006721266079694033, 0.006736059207469225, 0.006647245027124882, 0.006583472713828087, 0.006559451576322317, 0.006599288433790207, 0.006509324535727501, 0.00648495415225625, 0.006445723585784435, 0.006451170891523361, 0.00650869170203805, 0.0064098951406776905, 0.006403183564543724, 0.0063922894187271595, 0.0063263908959925175, 0.006344925612211227, 0.006349802017211914, 0.006344206165522337, 0.006243486423045397, 0.006287047173827887, 0.006262446753680706, 0.0061931307427585125, 0.006246501114219427, 0.006213076878339052, 0.0061669424176216125, 0.006179639138281345, 0.006178379058837891, 0.0061948420479893684, 0.006136319134384394, 0.006137627176940441, 0.00611438462510705, 0.006124328821897507, 0.006152747198939323, 0.006109089124947786, 0.006083647254854441, 0.006037665996700525, 0.006034728139638901, 0.006058305501937866, 0.005995206534862518, 0.006051438860595226, 0.006011953577399254, 0.0060456604696810246, 0.006011915393173695, 0.005971295293420553, 0.005979310721158981, 0.005947565194219351, 0.005983127746731043, 0.005944365169852972, 0.005984561983495951, 0.005933409556746483, 0.005903132725507021, 0.005900595802813768, 0.005897306837141514, 0.005909565836191177, 0.005932148080319166, 0.005909767001867294], "mse": [0.0021520997397601604, 0.0013080178759992123, 0.0011567823821678758, 0.0009756229701451957, 0.0008310889243148267, 0.0007072734879329801, 0.0006236999179236591, 0.0005490203038789332, 0.00047476496547460556, 0.0004185755387879908, 0.0003668685385491699, 0.00032767129596322775, 0.0002973298542201519, 0.0002693196292966604, 0.00024585932260379195, 0.00022502362844534218, 0.00020513292110990733, 0.00018866824393626302, 0.00017524510622024536, 0.00016409566160291433, 0.00015515414997935295, 0.00014849688159301877, 0.00014137929247226566, 0.00013366977509576827, 0.00012986105866730213, 0.00012360842083580792, 0.00011922406702069566, 0.00011732237180694938, 0.00011450504825916141, 0.00010887916869251058, 0.00010681818093871698, 0.00010471628775121644, 0.00010076001490233466, 9.973219130188227e-05, 9.661802323535085e-05, 9.529716044198722e-05, 9.354012581752613e-05, 9.292369213653728e-05, 9.064579353434965e-05, 9.008797496790066e-05, 8.696050645085052e-05, 8.669424278195947e-05, 8.545529999537393e-05, 8.418879588134587e-05, 8.300378249259666e-05, 8.275143773062155e-05, 8.143850573105738e-05, 7.976088090799749e-05, 7.97061002231203e-05, 7.952375744935125e-05, 7.841826300136745e-05, 7.758058927720413e-05, 7.686435128562152e-05, 7.65691147535108e-05, 7.730907964287326e-05, 7.569776062155142e-05, 7.578970689792186e-05, 7.550128793809563e-05, 7.395334250759333e-05, 7.417920278385282e-05, 7.402482879115269e-05, 7.438939792336896e-05, 7.211324555100873e-05, 7.265160820679739e-05, 7.221641135402024e-05, 7.107817509677261e-05, 7.166832801885903e-05, 7.128986180759966e-05, 7.038734474917874e-05, 7.028783875284716e-05, 7.022533100098372e-05, 7.035041926428676e-05, 6.968323577893898e-05, 6.912355456734076e-05, 6.908696377649903e-05, 6.890438817208633e-05, 6.9909576268401e-05, 6.84963379171677e-05, 6.82925820001401e-05, 6.742438563378528e-05, 6.713910261169076e-05, 6.788833707105368e-05, 6.67002605041489e-05, 6.752913759555668e-05, 6.667637353530154e-05, 6.71840607537888e-05, 6.659841892542318e-05, 6.562394992215559e-05, 6.580363697139546e-05, 6.539595779031515e-05, 6.57080381643027e-05, 6.495082925539464e-05, 6.558490713359788e-05, 6.509397644549608e-05, 6.440104334615171e-05, 6.413149094441906e-05, 6.415804818971083e-05, 6.448400381486863e-05, 6.446591578423977e-05, 6.435114482883364e-05],