{"loss": [0.4308303892612457, 0.28283607959747314, 0.2674325108528137, 0.2527507543563843, 0.2425369769334793, 0.23126167058944702, 0.21721750497817993, 0.20450466871261597, 0.1917324811220169, 0.176200270652771, 0.15541942417621613, 0.13369423151016235, 0.11107377707958221, 0.09693123400211334, 0.08717218041419983, 0.07736184448003769, 0.06952165812253952, 0.06424630433320999, 0.06018974632024765, 0.055038485676050186, 0.05116349831223488, 0.04831541329622269, 0.04603802040219307, 0.04388412833213806, 0.0414549894630909, 0.03998850658535957, 0.038215480744838715, 0.03688616305589676, 0.035736847668886185, 0.03464912995696068, 0.03354424610733986, 0.032868582755327225, 0.03175386041402817, 0.031054114922881126, 0.0306830033659935, 0.030111990869045258, 0.029498303309082985, 0.028988070785999298, 0.02879316173493862, 0.027952177450060844, 0.027802756056189537, 0.027409398928284645, 0.027074597775936127, 0.02686346508562565, 0.02660323865711689, 0.02627597562968731, 0.025928353890776634, 0.026054561138153076, 0.02581203170120716, 0.02550935372710228, 0.025194410234689713, 0.02524438127875328, 0.02487526461482048, 0.024524284526705742, 0.02437468431890011, 0.024215221405029297, 0.024390853941440582, 0.02417759969830513, 0.024120023474097252, 0.023718908429145813, 0.023796522989869118, 0.02363627776503563, 0.02336924523115158, 0.023457610979676247, 0.02304293029010296, 0.02301560901105404, 0.022897450253367424, 0.02312537282705307, 0.02290378510951996, 0.0226709246635437, 0.02282208949327469, 0.02240808494389057, 0.022713616490364075, 0.02247651480138302, 0.02198297530412674, 0.02229381911456585, 0.02215390093624592, 0.022140683606266975, 0.021903283894062042, 0.02211904712021351, 0.021852482110261917, 0.022007804363965988, 0.02192145399749279, 0.021587921306490898, 0.021442973986268044, 0.021499041467905045, 0.0214203093200922, 0.021180151030421257, 0.021251255646348, 0.02117012068629265, 0.021228045225143433, 0.021232403814792633, 0.021099252626299858, 0.021092260256409645, 0.020900065079331398, 0.021054109558463097, 0.02077662944793701, 0.020815642550587654, 0.020877577364444733, 0.02084966003894806], "mae": [0.04060087352991104, 0.03229662775993347, 0.03125690668821335, 0.030336320400238037, 0.0296343844383955, 0.028821267187595367, 0.02781406231224537, 0.026872927322983742, 0.025861188769340515, 0.02468121238052845, 0.023060398176312447, 0.0211856197565794, 0.01931680366396904, 0.017970360815525055, 0.016993200406432152, 0.01612779125571251, 0.0152871860191226, 0.014712329022586346, 0.01419860776513815, 0.013647637329995632, 0.01315591111779213, 0.012803848832845688, 0.012523253448307514, 0.012192977592349052, 0.011879698373377323, 0.011693166568875313, 0.011455299332737923, 0.01123091485351324, 0.01108771376311779, 0.010891152545809746, 0.010727453045547009, 0.01062372513115406, 0.010435911826789379, 0.010348839685320854, 0.010274267755448818, 0.010175197385251522, 0.010091806761920452, 0.009982308372855186, 0.009967256337404251, 0.009787320159375668, 0.00981118530035019, 0.009727921336889267, 0.009634959511458874, 0.00964403711259365, 0.00958957802504301, 0.009491877630352974, 0.009432376362383366, 0.009475029073655605, 0.009422257542610168, 0.009379470720887184, 0.009310679510235786, 0.009335317648947239, 0.009225936606526375, 0.009168772026896477, 0.00913406815379858, 0.00911746546626091, 0.009133185259997845, 0.009092992171645164, 0.009102458134293556, 0.0090154018253088, 0.00902037974447012, 0.009003047831356525, 0.008923946879804134, 0.008967791683971882, 0.008881453424692154, 0.008876831270754337, 0.008859110064804554, 0.008893785066902637, 0.008858193643391132, 0.008807769976556301, 0.00882252212613821, 0.008742167614400387, 0.008809084072709084, 0.008761362172663212, 0.008659678511321545, 0.00870473776012659, 0.008684851229190826, 0.00867355428636074, 0.008626926690340042, 0.008689776062965393, 0.008610068820416927, 0.008651291020214558, 0.008634750731289387, 0.008572887629270554, 0.008539698086678982, 0.008531219325959682, 0.008544146083295345, 0.00846898090094328, 0.008491220884025097, 0.008466902188956738, 0.00847695954144001, 0.008483987301588058, 0.008457472547888756, 0.00845157727599144, 0.008438941091299057, 0.00842535775154829, 0.008373931050300598, 0.008407180197536945, 0.008400640450417995, 0.008412888273596764], "mse": [0.0025936593301594257, 0.0017068492015823722, 0.0016066066455096006, 0.001522373640909791, 0.0014606277691200376, 0.0013901086058467627, 0.0013058041222393513, 0.0012293547624722123, 0.0011535522062331438, 0.0010571549646556377, 0.0009342062985524535, 0.000800544221419841, 0.0006658591446466744, 0.0005826682318001986, 0.0005211775423958898, 0.00046392311924137175, 0.0004161068645771593, 0.00038398627657443285, 0.00035782696795649827, 0.0003298266092315316, 0.00030641673947684467, 0.00028878863668069243, 0.0002748890547081828, 0.0002613909309729934, 0.0002474351495038718, 0.0002383193204877898, 0.0002279877517139539, 0.00021938045392744243, 0.0002138745621778071, 0.00020641385344788432, 0.00019996259652543813, 0.000196180772036314, 0.00018954115512315184, 0.0001855017035268247, 0.00018300219380762428, 0.00017948618915397674, 0.00017596693942323327, 0.00017247734649572521, 0.00017191960068885237, 0.00016622713883407414, 0.00016592680185567588, 0.00016355724073946476, 0.00016118798521347344, 0.00016026459343265742, 0.00015899198479019105, 0.0001563279511174187, 0.00015437878028023988, 0.00015565738431178033, 0.00015391754277516156, 0.0001520191435702145, 0.00015017174882814288, 0.00015071392408572137, 0.00014788312546443194, 0.0001460002240492031, 0.00014528313477057964, 0.00014445281703956425, 0.00014495562936645, 0.00014378469495568424, 0.0001437497412553057, 0.0001417282473994419, 0.00014165998436510563, 0.00014067208394408226, 0.0001392477424815297, 0.00013974920148029923, 0.00013735385437030345, 0.00013715641398448497, 0.00013643817510455847, 0.0001377757143927738, 0.00013638593372888863, 0.00013519730418920517, 0.00013575742195826024, 0.00013368816871661693, 0.00013531804142985493, 0.00013407503138296306, 0.00013127372949384153, 0.0001330104423686862, 0.00013209751341491938, 0.00013164812116883695, 0.00013066706014797091, 0.00013177499931771308, 0.00013019106700085104, 0.00013115964247845113, 0.0001308764040004462, 0.00012885827163700014, 0.0001277700939681381, 0.00012774435163009912, 0.00012805292499251664, 0.00012611770944204181, 0.00012686398986261338, 0.00012591484119184315, 0.00012626168609131128, 0.0001264589373022318, 0.00012571491242852062, 0.0001256738178199157, 0.00012466848420444876, 0.00012547637743409723, 0.00012387729657348245, 0.00012403016444295645, 0.00012435452663339674, 0.00012424483429640532],