{"sampleRate": 44100, "chunkSize": 44, "trainNvalSize": 74862, "lstmUnits": 96, "learningRate": 0.0001, "epochs": 100, "patience": 15, "batchSize": 64, "shuffle": true, "randomState": 25, "trainTime": 741.7394134998322, "gain": "High", "testing": 0.03643513470888138}