{"loss": [0.1774631291627884, 0.03618139401078224, 0.022189559414982796, 0.023498423397541046, 0.016607511788606644, 0.01568436436355114, 0.01644999347627163, 0.016472861170768738, 0.012843620963394642, 0.012843677774071693, 0.013140133582055569, 0.01168596837669611, 0.011685403995215893, 0.0104827294126153, 0.010700061917304993, 0.01056821458041668, 0.010230783373117447, 0.009679928421974182, 0.009962772950530052, 0.01413381565362215, 0.009791793301701546, 0.009276743978261948, 0.009381819516420364, 0.009591765701770782, 0.009302500635385513, 0.009274418465793133, 0.009306422434747219, 0.009359142743051052, 0.009592020884156227, 0.00925364438444376, 0.0090912701562047, 0.8351507186889648, 0.9519264698028564, 1.4569839239120483, 1.0374475717544556, 0.7197781801223755, 0.6962659955024719], "mae": [0.014447919093072414, 0.007590527646243572, 0.005982782691717148, 0.006032305769622326, 0.0051446110010147095, 0.005003238096833229, 0.005081727169454098, 0.004960041027516127, 0.004541394300758839, 0.004549163859337568, 0.0046056038700044155, 0.004357706755399704, 0.004335626494139433, 0.0041481731459498405, 0.004162602126598358, 0.004153760150074959, 0.004071675706654787, 0.003956251312047243, 0.004020639229565859, 0.004519699141383171, 0.004012743476778269, 0.0038575863000005484, 0.003924400079995394, 0.0039711822755634785, 0.0039151194505393505, 0.0038932361640036106, 0.003899191040545702, 0.003913522232323885, 0.003960378933697939, 0.0038889660499989986, 0.0038062185049057007, 0.026143869385123253, 0.04120420292019844, 0.04607972502708435, 0.04273907095193863, 0.03647611662745476, 0.03586101531982422], "mse": [0.0005795758916065097, 0.00011968319449806586, 7.358365837717429e-05, 7.698785339016467e-05, 5.524654989130795e-05, 5.1623446779558435e-05, 5.345070530893281e-05, 5.4031053878134117e-05, 4.253538645571098e-05, 4.2497038521105424e-05, 4.3814347009174526e-05, 3.855002432828769e-05, 3.863398524117656e-05, 3.48455723724328e-05, 3.538184682838619e-05, 3.497533543850295e-05, 3.390827987459488e-05, 3.1984429369913414e-05, 3.299114541732706e-05, 4.685350359068252e-05, 3.240910155000165e-05, 3.0604973289882764e-05, 3.101114634773694e-05, 3.177282269462012e-05, 3.084142372244969e-05, 3.053277760045603e-05, 3.081045360886492e-05, 3.104666757280938e-05, 3.150640623061918e-05, 3.064981137868017e-05, 2.9971844924148172e-05, 0.0028129059355705976, 0.003229415277019143, 0.004777275025844574, 0.0034885734785348177, 0.0024136053398251534, 0.00233035278506577], "val_loss": [0.022019842639565468, 0.02160451002418995, 0.01647862046957016, 0.01536496076732874, 0.021203728392720222, 0.011205130256712437, 0.012733648531138897, 0.012879396788775921, 0.010296812281012535, 0.00986868143081665, 0.010469785891473293, 0.01076756976544857, 0.014788328669965267, 0.012029807083308697, 0.010443554259836674, 0.011159875430166721, 0.00901215709745884, 0.011355668306350708, 0.00952211581170559, 0.010572954080998898, 0.010201073251664639, 0.008264673873782158, 0.009131292812526226, 0.008552866987884045, 0.01050662249326706, 0.010690424591302872, 0.008810748346149921, 0.01147052925080061, 0.008391737937927246, 0.00850804802030325, 0.009031688794493675, 1.098398208618164, 0.8070313334465027, 0.8601848483085632, 0.6777134537696838, 0.7188999056816101, 0.6656986474990845], "val_mae": [0.005779692903161049, 0.005584695842117071, 0.00525136711075902, 0.0050498005002737045, 0.005664432421326637, 0.004034331534057856, 0.0043060919269919395, 0.004723345395177603, 0.003805618267506361, 0.003765931585803628, 0.0040014744736254215, 0.004447444342076778, 0.005397955421358347, 0.004710446111857891, 0.004066293593496084, 0.004297005478292704, 0.0037682910915464163, 0.004199807532131672, 0.0036571419332176447, 0.0038718602154403925, 0.0037203070241957903, 0.003519829362630844, 0.003698235610499978, 0.0034543240908533335, 0.003956631291657686, 0.004402972292155027, 0.0035242256708443165, 0.004080881364643574, 0.003411618061363697, 0.0034161617513746023, 0.003954231273382902, 0.04603894427418709, 0.03811012953519821, 0.03939758613705635, 0.03417334333062172, 0.0359325185418129, 0.03601511940360069], "val_mse": [7.269025809364393e-05, 7.165396527852863e-05, 5.43260139238555e-05, 5.059285831521265e-05, 6.898067658767104e-05, 3.670002843136899e-05, 4.221506605972536e-05, 4.2389183363411576e-05, 3.403900336707011e-05, 3.25130567944143e-05, 3.4455344575690106e-05, 3.536634176271036e-05, 4.830108446185477e-05, 3.9379541703965515e-05, 3.4414726542308927e-05, 3.6810764868278056e-05, 2.9677719794563018e-05, 3.762495907722041e-05, 3.158691106364131e-05, 3.480566738289781e-05, 3.360542905284092e-05, 2.718215182540007e-05, 3.0078543204581365e-05, 2.8104906959924847e-05, 3.438765270402655e-05, 3.5147808375768363e-05, 2.906569352489896e-05, 3.788137837545946e-05, 2.7673517251969315e-05, 2.797523484332487e-05, 2.9881339287385345e-05, 0.003720675129443407, 0.0027288480196148157, 0.0029143556021153927, 0.0022691828198730946, 0.0024059356655925512, 0.0022096203174442053]}