{"loss": [0.12062523514032364, 0.02705637738108635, 0.019085953012108803, 0.017925778403878212, 0.017492378130555153, 0.013555826619267464, 0.014606389217078686, 0.012734887190163136, 0.012041264213621616, 0.010354364290833473, 0.011475090868771076, 0.010726886801421642, 0.01039191521704197, 0.009620880708098412, 0.010393550619482994, 0.009519477374851704, 0.009674799628555775, 0.009061716496944427, 0.008833816275000572, 0.00945392344146967, 0.008999638259410858, 0.008776088245213032, 0.008741874247789383, 0.008617589250206947, 0.008515843190252781, 0.011260286904871464, 0.008073640987277031, 0.008343910798430443, 0.00830272026360035, 0.008028760552406311, 0.008268107660114765, 0.008264193311333656, 0.008355973288416862, 0.008224433287978172, 0.008086273446679115, 0.008387039415538311, 0.007962660863995552, 0.008059212006628513, 0.008354618214070797, 0.008021754212677479, 0.007948697544634342, 0.007810336071997881, 0.007955038920044899, 0.01305681187659502, 0.009473966434597969, 0.008338702842593193, 0.008114608004689217, 0.008315802551805973, 0.007809903472661972, 0.007857050746679306, 0.007637467700988054], "mae": [0.012650943361222744, 0.006578453816473484, 0.005553590599447489, 0.005353068001568317, 0.005311292130500078, 0.004681730642914772, 0.0047910469584167, 0.004519322421401739, 0.00437479792162776, 0.004105193540453911, 0.0043243467807769775, 0.004144760780036449, 0.004105256870388985, 0.003926800563931465, 0.004102972336113453, 0.003904844867065549, 0.003914864268153906, 0.003806482767686248, 0.0037357930559664965, 0.0038636047393083572, 0.0037815463729202747, 0.0037412852980196476, 0.0037527086678892374, 0.003700274508446455, 0.003680051304399967, 0.004163749981671572, 0.0035720241721719503, 0.0036575591657310724, 0.003640540177002549, 0.0035491613671183586, 0.0036336544435471296, 0.0036298006307333708, 0.0036551458761096, 0.0035987142473459244, 0.0035778621677309275, 0.0036605268251150846, 0.003543093102052808, 0.0035729638766497374, 0.0036481020506471395, 0.0035898368805646896, 0.003530815476551652, 0.003515490796416998, 0.003569316118955612, 0.004339186940342188, 0.003926862962543964, 0.0036565600894391537, 0.003611294087022543, 0.0036993026733398438, 0.0035532256588339806, 0.003567730775102973, 0.0034578973427414894], "mse": [0.0004075129982084036, 8.940538828028366e-05, 6.249323632800952e-05, 5.868087464477867e-05, 5.700766632799059e-05, 4.470460407901555e-05, 4.786024146596901e-05, 4.1672516090329736e-05, 3.944826312363148e-05, 3.424762326176278e-05, 3.761763218790293e-05, 3.516915603540838e-05, 3.40015503752511e-05, 3.162555003655143e-05, 3.399844717932865e-05, 3.108837699983269e-05, 3.181193460477516e-05, 2.9809265470248647e-05, 2.907712769228965e-05, 3.091762846452184e-05, 2.944581319752615e-05, 2.8907843443448655e-05, 2.8698301321128383e-05, 2.827862772392109e-05, 2.8139398636994883e-05, 3.6929453926859424e-05, 2.658692028489895e-05, 2.7486157705425285e-05, 2.7347341529093683e-05, 2.6250898372381926e-05, 2.7230011255596764e-05, 2.7099225917481817e-05, 2.7522775781108066e-05, 2.696050978556741e-05, 2.659871279320214e-05, 2.75468519248534e-05, 2.6092537154909223e-05, 2.634046359162312e-05, 2.729475818341598e-05, 2.6447118216310628e-05, 2.608100294310134e-05, 2.555134051362984e-05, 2.6165183953708038e-05, 4.293320671422407e-05, 3.1040835892781615e-05, 2.7488415071275085e-05, 2.653886258485727e-05, 2.7244015655014664e-05, 2.5603190806577913e-05, 2.580033651611302e-05, 2.4980545276775956e-05], "val_loss": [0.02505694516003132, 0.022501926869153976, 0.01837891899049282, 0.012491683475673199, 0.01490703597664833, 0.011109490878880024, 0.011751221492886543, 0.010271498002111912, 0.011117817834019661, 0.008071765303611755, 0.0159933902323246, 0.012032690457999706, 0.008730861358344555, 0.008874507620930672, 0.00889308750629425, 0.007887267507612705, 0.008498931303620338, 0.011267869733273983, 0.008082437328994274, 0.015161442570388317, 0.010436384938657284, 0.011009433306753635, 0.012319808825850487, 0.0072104064747691154, 0.007000180426985025, 0.007149717770516872, 0.00875165406614542, 0.006907280068844557, 0.007151185069233179, 0.008095618337392807, 0.01226754579693079, 0.01148516871035099, 0.0070312428288161755, 0.009232076816260815, 0.010560995899140835, 0.006553775630891323, 0.006932378746569157, 0.0069468263536691666, 0.00837172381579876, 0.00700326869264245, 0.011231795884668827, 0.006737859454005957, 0.007748312782496214, 0.011729778721928596, 0.008118600584566593, 0.00951342936605215, 0.007899364456534386, 0.00738902622833848, 0.0073166112415492535, 0.009816762991249561, 0.007362245116382837], "val_mae": [0.007111495826393366, 0.006175088696181774, 0.006291743367910385, 0.004189982078969479, 0.005153185687959194, 0.003903611795976758, 0.004234651569277048, 0.004200377967208624, 0.00481342151761055, 0.0034249569289386272, 0.006177267991006374, 0.004205154720693827, 0.0038902207743376493, 0.0035404472146183252, 0.0036421562545001507, 0.0033308586571365595, 0.0034038987942039967, 0.004705788567662239, 0.0033174012787640095, 0.0059766205959022045, 0.004060840234160423, 0.0044299280270934105, 0.005100811831653118, 0.0032099459785968065, 0.003150095697492361, 0.0033678438048809767, 0.004154681693762541, 0.0030576784629374743, 0.0032068511936813593, 0.003936569672077894, 0.005115128122270107, 0.004929591901600361, 0.0032626891043037176, 0.004337199032306671, 0.0039037796668708324, 0.003035504836589098, 0.003324466524645686, 0.0033567871432751417, 0.00378163019195199, 0.003310348140075803, 0.0048691038973629475, 0.0032907933928072453, 0.0037751549389213324, 0.0047225444577634335, 0.003482558997347951, 0.00412328913807869, 0.0037683742120862007, 0.0033913489896804094, 0.003255153074860573, 0.0039110202342271805, 0.0034845583140850067], "val_mse": [8.343561057699844e-05, 7.520689541706815e-05, 6.009605567669496e-05, 4.114885814487934e-05, 4.8936948587652296e-05, 3.668547287816182e-05, 3.9223828935064375e-05, 3.37269484589342e-05, 3.66218009730801e-05, 2.669040986802429e-05, 5.222186155151576e-05, 3.995781662524678e-05, 2.872973527701106e-05, 2.9303788323886693e-05, 2.9302131224540062e-05, 2.59331900451798e-05, 2.8038797609042376e-05, 3.685145202325657e-05, 2.6574854928185232e-05, 4.9494239647174254e-05, 3.420651046326384e-05, 3.588528124964796e-05, 4.010205520899035e-05, 2.375720941927284e-05, 2.316860991413705e-05, 2.358017627557274e-05, 2.8679538445430808e-05, 2.2652699044556357e-05, 2.357521589146927e-05, 2.6604784579831176e-05, 3.998957254225388e-05, 3.7460973544511944e-05, 2.3165222955867648e-05, 3.0138908186927438e-05, 3.500385719235055e-05, 2.1646677851094864e-05, 2.2849619199405424e-05, 2.2922822608961724e-05, 2.764643977570813e-05, 2.3016937120701186e-05, 3.672746606753208e-05, 2.2255797375692055e-05, 2.543591836001724e-05, 3.877991184708662e-05, 2.6667365091270767e-05, 3.12775737256743e-05, 2.6151788915740326e-05, 2.425845741527155e-05, 2.4012224457692355e-05, 3.285881030024029e-05, 2.4109795049298555e-05]}