{"loss": [0.5533180236816406, 0.2471076250076294, 0.1942804902791977, 0.18288560211658478, 0.1739545613527298, 0.1657666116952896, 0.1642158329486847, 0.1582745909690857, 0.1547749936580658, 0.15265832841396332, 0.15042847394943237, 0.14972510933876038, 0.1478918343782425, 0.14534686505794525, 0.14481979608535767, 0.14139218628406525, 0.14292345941066742, 0.1403893232345581, 0.13869357109069824, 0.13738656044006348, 0.13826356828212738, 0.13447928428649902, 0.1364665925502777, 0.1327904611825943, 0.13118502497673035, 0.1311274766921997, 0.1320757120847702, 0.12983007729053497, 0.13011287152767181, 0.13144807517528534, 0.1286475509405136, 0.12840884923934937, 0.1281050443649292, 0.12634620070457458, 0.12814536690711975, 0.12570495903491974, 0.12864568829536438, 0.1253068745136261, 0.1257704347372055, 0.12396686524152756, 0.12452618777751923, 0.1264456957578659, 0.12414157390594482, 0.12372324615716934, 0.12210172414779663, 0.12345924973487854, 0.12243930995464325, 0.12212184071540833, 0.12409961968660355, 0.12238136678934097, 0.12075432389974594, 0.12318149954080582, 0.12084777653217316, 0.12513932585716248, 0.1214669793844223, 0.1198364868760109, 0.1211090236902237, 0.11994845420122147, 0.12034539133310318, 0.1192423477768898, 0.11968453228473663, 0.1183408573269844, 0.11910782754421234, 0.11905210465192795, 0.1691618114709854], "mae": [0.05977857857942581, 0.03872223570942879, 0.03425706550478935, 0.033083781599998474, 0.032418593764305115, 0.03169073536992073, 0.03148689493536949, 0.03091353364288807, 0.030546123161911964, 0.030467286705970764, 0.030111482366919518, 0.030040254816412926, 0.029848746955394745, 0.029590746387839317, 0.029538115486502647, 0.029143201187253, 0.029331356287002563, 0.029040511697530746, 0.028909433633089066, 0.02870321460068226, 0.028775930404663086, 0.02852742187678814, 0.028597280383110046, 0.028234506025910378, 0.02810339629650116, 0.028070513159036636, 0.028109703212976456, 0.027927160263061523, 0.0279703252017498, 0.0280291847884655, 0.027736620977520943, 0.027800319716334343, 0.027696505188941956, 0.027562521398067474, 0.027740342542529106, 0.027534928172826767, 0.027690818533301353, 0.027475371956825256, 0.02754027396440506, 0.02732393890619278, 0.027424229308962822, 0.02756666950881481, 0.027264142408967018, 0.027246978133916855, 0.027150431647896767, 0.027228867635130882, 0.027171777561306953, 0.02716413326561451, 0.02730833739042282, 0.02715667337179184, 0.02697167359292507, 0.027159124612808228, 0.02702028676867485, 0.027388013899326324, 0.02698921039700508, 0.02686559408903122, 0.026986610144376755, 0.02683435007929802, 0.02690931223332882, 0.026827147230505943, 0.026814358308911324, 0.026696156710386276, 0.02677401341497898, 0.026808373630046844, 0.03062017820775509], "mse": [0.006044644862413406, 0.0026799258776009083, 0.0021045617759227753, 0.001977671403437853, 0.0018862131983041763, 0.0017929818714037538, 0.0017746200319379568, 0.0017144461162388325, 0.0016750860959291458, 0.0016549775609746575, 0.0016256434610113502, 0.0016209481982514262, 0.0016031754203140736, 0.0015726889250800014, 0.0015643599908798933, 0.0015309529844671488, 0.0015465464675799012, 0.001516173011623323, 0.0015007121255621314, 0.0014856605557724833, 0.001492251642048359, 0.001454603741876781, 0.0014744112268090248, 0.0014356995234265924, 0.0014170864596962929, 0.0014174297684803605, 0.0014255255227908492, 0.0014039665693417192, 0.0014068593736737967, 0.001418074476532638, 0.0013894226867705584, 0.0013862336054444313, 0.0013820180902257562, 0.001367104472592473, 0.001379998866468668, 0.0013559161452576518, 0.001389028737321496, 0.001355541404336691, 0.0013629266759380698, 0.0013409260427579284, 0.0013471582205966115, 0.0013656485825777054, 0.0013393992558121681, 0.001334953005425632, 0.0013217326486483216, 0.0013338046846911311, 0.001322596799582243, 0.001319474191404879, 0.0013404868077486753, 0.001322004827670753, 0.0013044517254456878, 0.0013290888164192438, 0.0013060731580480933, 0.0013527855044230819, 0.001311567728407681, 0.0012921295128762722, 0.0013084348756819963, 0.0012924132170155644, 0.0012987268855795264, 0.001289641484618187, 0.0012922078603878617, 0.0012805432779714465, 0.0012873593950644135, 0.0012865011813119054, 0.001828115084208548], "val_loss": [0.293602854013443, 0.2073001265525818, 0.18343275785446167, 0.1635003387928009, 0.1677236109972, 0.18841159343719482, 0.15719978511333466, 0.1510285884141922, 0.15363363921642303, 0.14587856829166412, 0.14932726323604584, 0.1561945378780365, 0.15613394975662231, 0.14158795773983002, 0.15058085322380066, 0.13501986861228943, 0.14424948394298553, 0.1396619826555252, 0.14544318616390228, 0.15023870766162872, 0.13683180510997772, 0.14403575658798218, 0.13772191107273102, 0.1512029618024826, 0.12866409122943878, 0.13690713047981262, 0.15529882907867432, 0.126022607088089, 0.13023830950260162, 0.12990494072437286, 0.14062029123306274, 0.12391471117734909, 0.1310843825340271, 0.12507885694503784, 0.12305741012096405, 0.13551443815231323, 0.12360182404518127, 0.13821442425251007, 0.13018211722373962, 0.12625116109848022, 0.12467323988676071, 0.12315033376216888, 0.1335216611623764, 0.12700866162776947, 0.12814460694789886, 0.12475203722715378, 0.12069819122552872, 0.12260115891695023, 0.13148637115955353, 0.11987152695655823, 0.14454707503318787, 0.12449979037046432, 0.12857061624526978, 0.1289573609828949, 0.12951339781284332, 0.13647767901420593, 0.12055674940347672, 0.12232270836830139, 0.13878631591796875, 0.12340850383043289, 0.12302480638027191, 0.12538352608680725, 0.12335234880447388, 0.1281358152627945, 0.4766761362552643], "val_mae": [0.042353305965662, 0.035750407725572586, 0.032523516565561295, 0.031299080699682236, 0.0320456363260746, 0.03381950408220291, 0.03038339503109455, 0.029746785759925842, 0.031487803906202316, 0.029169399291276932, 0.030608614906668663, 0.030751274898648262, 0.03180690482258797, 0.028966188430786133, 0.029912445694208145, 0.02921038307249546, 0.029111480340361595, 0.02889474853873253, 0.029879175126552582, 0.029270967468619347, 0.02804902195930481, 0.02941739745438099, 0.02815399505198002, 0.029770424589514732, 0.027319850400090218, 0.028318244963884354, 0.029411757364869118, 0.02795201539993286, 0.02790420688688755, 0.027495918795466423, 0.028451060876250267, 0.02732633426785469, 0.02756291627883911, 0.027112364768981934, 0.027025600895285606, 0.02915285713970661, 0.026851115748286247, 0.02807234227657318, 0.027797527611255646, 0.02713892050087452, 0.02695809118449688, 0.02773689106106758, 0.02749478444457054, 0.02778654545545578, 0.028245054185390472, 0.027111271396279335, 0.02668335847556591, 0.027044039219617844, 0.027514398097991943, 0.02660192921757698, 0.029823794960975647, 0.027468176558613777, 0.027154918760061264, 0.027436859905719757, 0.02746552601456642, 0.02911319024860859, 0.026620585471391678, 0.026638515293598175, 0.028955142945051193, 0.026751011610031128, 0.027819650247693062, 0.027028873562812805, 0.02702425792813301, 0.027340516448020935, 0.05555686354637146],