{"loss": [0.5274055600166321, 0.2822997272014618, 0.23862795531749725, 0.21780438721179962, 0.2082817554473877, 0.20595920085906982, 0.1965070217847824, 0.19479979574680328, 0.18710388243198395, 0.1886439472436905, 0.18151447176933289, 0.18054527044296265, 0.1781506985425949, 0.17474058270454407, 0.1741340458393097, 0.17388935387134552, 0.17195026576519012, 0.17063483595848083, 0.1664721816778183, 0.1681000143289566, 0.1687353253364563, 0.1653672307729721, 0.16635358333587646, 0.164852112531662, 0.162759467959404, 0.16282734274864197, 0.16174395382404327, 0.15996383130550385, 0.16052447259426117, 0.16079148650169373, 0.15820996463298798, 0.1597471684217453, 0.16462500393390656, 0.15857577323913574, 0.15881268680095673, 0.1578635722398758, 0.15680921077728271, 0.15642550587654114, 0.1582118421792984, 0.15696190297603607, 0.15534725785255432, 0.1661243736743927, 0.1585620492696762, 0.1543123871088028, 0.15365250408649445, 0.15462972223758698, 0.15422619879245758, 0.6873770356178284, 1.1220718622207642, 1.136534333229065, 1.112051010131836, 1.1165032386779785, 1.080174207687378, 1.1448180675506592], "mae": [0.05788149684667587, 0.04195062071084976, 0.038419097661972046, 0.03668505698442459, 0.03589446097612381, 0.03564583137631416, 0.03490280732512474, 0.03473646938800812, 0.034122906625270844, 0.03405783697962761, 0.03350938856601715, 0.03331198915839195, 0.03312694653868675, 0.032822806388139725, 0.03280435875058174, 0.032695222645998, 0.03260260075330734, 0.03244272619485855, 0.032095249742269516, 0.0321134552359581, 0.03213115781545639, 0.031947460025548935, 0.03189798817038536, 0.0318894125521183, 0.03169497102499008, 0.03164515271782875, 0.031580910086631775, 0.031379491090774536, 0.03140009194612503, 0.03148248791694641, 0.031181735917925835, 0.0313744954764843, 0.031821224838495255, 0.031269367784261703, 0.03123691864311695, 0.031140217557549477, 0.031064873561263084, 0.03106551617383957, 0.03126813471317291, 0.031043551862239838, 0.030884597450494766, 0.03192983567714691, 0.031283482909202576, 0.03080548346042633, 0.03073170594871044, 0.030854424461722374, 0.03079299069941044, 0.04936310276389122, 0.09029535204172134, 0.09079345315694809, 0.08985874801874161, 0.08995727449655533, 0.08873604238033295, 0.09090018272399902], "mse": [0.005736534483730793, 0.0030557457357645035, 0.0025799733120948076, 0.002359317848458886, 0.002248727949336171, 0.002225118689239025, 0.0021234408486634493, 0.0021064539905637503, 0.0020246142521500587, 0.0020362986251711845, 0.0019628661684691906, 0.0019459850154817104, 0.0019252416677772999, 0.001885758014395833, 0.0018760935636237264, 0.0018751061288639903, 0.001858995296061039, 0.0018427310278639197, 0.0017952374182641506, 0.0018132970435544848, 0.0018179729813709855, 0.001784949330613017, 0.0017887427238747478, 0.0017811355646699667, 0.0017568923067301512, 0.0017575022066012025, 0.0017480187816545367, 0.001728695584461093, 0.0017321917694061995, 0.0017344077350571752, 0.0017085941508412361, 0.001728452742099762, 0.001778976060450077, 0.0017137842951342463, 0.001713343197479844, 0.0017047454603016376, 0.0016914730658754706, 0.0016903105424717069, 0.0017081262776628137, 0.0016947080148383975, 0.0016753578092902899, 0.0017914169002324343, 0.0017110849730670452, 0.0016629932215437293, 0.0016587437130510807, 0.001668656594119966, 0.0016657041851431131, 0.007425126153975725, 0.012257221154868603, 0.012398261576890945, 0.012153889052569866, 0.01219325140118599, 0.011805236339569092, 0.0124843530356884], "val_loss": [0.31341782212257385, 0.23974700272083282, 0.2243918627500534, 0.23605157434940338, 0.21839876472949982, 0.23507580161094666, 0.17737959325313568, 0.21038126945495605, 0.18574123084545135, 0.169419065117836, 0.16746769845485687, 0.17143313586711884, 0.17931805551052094, 0.16820156574249268, 0.19106842577457428, 0.17225578427314758, 0.16477328538894653, 0.1652941256761551, 0.1845596432685852, 0.1605510413646698, 0.16219651699066162, 0.1763474941253662, 0.16091707348823547, 0.17095109820365906, 0.15914857387542725, 0.17412428557872772, 0.1565636247396469, 0.16016286611557007, 0.15759633481502533, 0.16814713180065155, 0.16341938078403473, 0.1721031218767166, 0.16116169095039368, 0.16007623076438904, 0.15904735028743744, 0.16197852790355682, 0.1609516143798828, 0.15867719054222107, 0.151566743850708, 0.1582123190164566, 0.16478198766708374, 0.16516000032424927, 0.15709371864795685, 0.1550515741109848, 0.1554591804742813, 0.1729019284248352, 0.15744775533676147, 1.1829684972763062, 1.201066493988037, 1.1214101314544678, 1.1044583320617676, 1.0582672357559204, 1.0937093496322632, 1.1052042245864868], "val_mae": [0.04349857568740845, 0.03835659101605415, 0.037283383309841156, 0.03833379969000816, 0.03693033754825592, 0.04021284356713295, 0.03293314576148987, 0.03512710705399513, 0.03469537943601608, 0.03282780572772026, 0.03197270631790161, 0.03299200162291527, 0.034223902970552444, 0.032381780445575714, 0.03421523794531822, 0.03202664107084274, 0.03154235705733299, 0.03260716795921326, 0.03494501858949661, 0.031103555113077164, 0.031600117683410645, 0.032722003757953644, 0.03168904781341553, 0.03290810436010361, 0.03107837215065956, 0.03205151483416557, 0.031261466443538666, 0.03114727884531021, 0.03073756955564022, 0.032254908233881, 0.031265415251255035, 0.031544968485832214, 0.0313100628554821, 0.0317438468337059, 0.03089594654738903, 0.031145606189966202, 0.03192537650465965, 0.031070023775100708, 0.030793391168117523, 0.0308921467512846, 0.03161603584885597, 0.032413873821496964, 0.031638335436582565, 0.030963346362113953, 0.0304460059851408, 0.033851951360702515, 0.03086547926068306, 0.09278590232133865, 0.09369470179080963, 0.08926176279783249, 0.08933775126934052, 0.08845850825309753, 0.08860336244106293, 0.08997960388660431], "val_mse": [0.003420116612687707, 0.002607333706691861, 0.0024392646737396717, 0.0025679918471723795, 0.0023633139207959175, 0.002557834144681692, 0.001917736604809761, 0.002276112325489521, 0.0020097889937460423, 0.001835513161495328, 0.001816560048609972, 0.0018560701282694936, 0.0019354796968400478, 0.0018248490523546934, 0.0020632254891097546, 0.0018671411089599133, 0.0017812518635764718, 0.001794555690139532, 0.0019965171813964844, 0.00173708435613662, 0.0017547770403325558, 0.0019127381965517998, 0.0017410066211596131, 0.0018441736465319991, 0.0017258715815842152, 0.0018865024903789163, 0.0016907323151826859, 0.0017332745483145118, 0.001704518566839397, 0.0018200164195150137, 0.001770191011019051, 0.0018657296895980835, 0.001744961249642074, 0.0017353928415104747, 0.0017217914573848248, 0.0017529517645016313, 0.0017448371509090066, 0.001714886398985982, 0.0016370797529816628, 0.0017117152456194162, 0.0017807820113375783, 0.0017881023231893778, 0.0017002510139718652, 0.001677373074926436, 0.0016791772795841098, 0.0018717361381277442, 0.0017028922447934747, 0.012913712300360203, 0.013119836337864399, 0.012287241406738758, 0.012094998732209206, 0.011587041430175304, 0.011993179097771645, 0.012105328030884266]}