{"loss": [0.40767690539360046, 0.24757173657417297, 0.2271021157503128, 0.20186349749565125, 0.17588336765766144, 0.15202872455120087, 0.13029004633426666, 0.11577583849430084, 0.10248678177595139, 0.08949780464172363, 0.07894498854875565, 0.07028141617774963, 0.06270609050989151, 0.05683208256959915, 0.05199732258915901, 0.04800600931048393, 0.04432310909032822, 0.0412270650267601, 0.03853193670511246, 0.036335840821266174, 0.03408746048808098, 0.03261876851320267, 0.03110082633793354, 0.029490051791071892, 0.028193125501275063, 0.027234919369220734, 0.026338597759604454, 0.025467699393630028, 0.02442692220211029, 0.02392161265015602, 0.023123163729906082, 0.022771839052438736, 0.022364018484950066, 0.021744519472122192, 0.021431131288409233, 0.021080130711197853, 0.020403163507580757, 0.0202304869890213, 0.0199260450899601, 0.01963786780834198, 0.019250160083174706, 0.01919454149901867, 0.019022509455680847, 0.01887555979192257, 0.0185853224247694, 0.018372735008597374, 0.0181905385106802, 0.01800147257745266, 0.018044767901301384, 0.017826778814196587, 0.017532380297780037, 0.017737774178385735, 0.017565758898854256, 0.017472505569458008, 0.017248015850782394, 0.017144955694675446, 0.017106566578149796, 0.016963617876172066, 0.016882052645087242, 0.01671563647687435, 0.01648048870265484, 0.01642928086221218, 0.016445664688944817, 0.016268214210867882, 0.016076192259788513, 0.016170410439372063, 0.015986893326044083, 0.016061214730143547, 0.0159158892929554, 0.01587800867855549, 0.015791093930602074, 0.01581466943025589, 0.015578658320009708, 0.015639709308743477, 0.015660248696804047, 0.015364784747362137, 0.015354647301137447, 0.015262947417795658, 0.01536138541996479, 0.015324165113270283, 0.015134571120142937, 0.01524130254983902, 0.015179075300693512, 0.015008878894150257, 0.014883268624544144, 0.014799615368247032, 0.014895803295075893, 0.014879676513373852, 0.014829334802925587, 0.014766382053494453, 0.014857961796224117, 0.014762270264327526, 0.014616726897656918, 0.014714102260768414, 0.014666633680462837, 0.014655491337180138, 0.01448056660592556, 0.014411934651434422, 0.014547189697623253, 0.014532904140651226], "mae": [0.03595709055662155, 0.027778778225183487, 0.02647373080253601, 0.024832846596837044, 0.02291872911155224, 0.02108611911535263, 0.019290832802653313, 0.01801457814872265, 0.016891835257411003, 0.015753446146845818, 0.014781307429075241, 0.013932262547314167, 0.013153203763067722, 0.01254050899296999, 0.011975348927080631, 0.011532214470207691, 0.011063101701438427, 0.010696882382035255, 0.010358447209000587, 0.010053019970655441, 0.009751809760928154, 0.009579947218298912, 0.009347038343548775, 0.009134912863373756, 0.008941364474594593, 0.00879631843417883, 0.008643046952784061, 0.008518826216459274, 0.008355706930160522, 0.00826060026884079, 0.008131069131195545, 0.008070931769907475, 0.00801291037350893, 0.00791818555444479, 0.007882784120738506, 0.007803312968462706, 0.007668848615139723, 0.007667741272598505, 0.007581358775496483, 0.007548119407147169, 0.007453745696693659, 0.0074412333779037, 0.007429206743836403, 0.007372554857283831, 0.007328680716454983, 0.0072929756715893745, 0.007251326460391283, 0.007233662996441126, 0.007219445891678333, 0.00719042681157589, 0.007117595057934523, 0.007143241353332996, 0.00712618650868535, 0.007105844095349312, 0.007051208987832069, 0.007037597708404064, 0.007021394092589617, 0.0070217084139585495, 0.006982153747230768, 0.006945266854017973, 0.006905666086822748, 0.006861038971692324, 0.006899341940879822, 0.006868754047900438, 0.006805250886827707, 0.006857292726635933, 0.006793027278035879, 0.006803493481129408, 0.006766256410628557, 0.006779321003705263, 0.006743752863258123, 0.0067612649872899055, 0.006709585431963205, 0.006722379941493273, 0.006718069314956665, 0.0066582802683115005, 0.00666288984939456, 0.006639433559030294, 0.006659615319222212, 0.006640756037086248, 0.00659923953935504, 0.00661779148504138, 0.0066356356255710125, 0.006576894782483578, 0.006534110754728317, 0.006537501234561205, 0.006543197203427553, 0.006527839694172144, 0.006547282449901104, 0.006531447172164917, 0.006525114644318819, 0.006520453374832869, 0.0064989496022462845, 0.006497527472674847, 0.006490091793239117, 0.006477519404143095, 0.006454966031014919, 0.006435913499444723, 0.006482313387095928, 0.006462383549660444], "mse": [0.0021935144905000925, 0.0013312380760908127, 0.0012175259180366993, 0.0010795020498335361, 0.0009405156597495079, 0.0008105036104097962, 0.0006964455242268741, 0.0006154128350317478, 0.0005471099866554141, 0.00047808344243094325, 0.00042119508725591004, 0.00037457444705069065, 0.00033430621260777116, 0.0003022628661710769, 0.00027629215037450194, 0.00025450094835832715, 0.00023571518249809742, 0.00021899573039263487, 0.0002049090835498646, 0.00019255606457591057, 0.00018108435324393213, 0.0001733194658299908, 0.0001649623882258311, 0.00015681660443078727, 0.00014969459152780473, 0.00014449443551711738, 0.00013909397239331156, 0.00013498814951162785, 0.00012973322009202093, 0.00012679581413976848, 0.00012300112575758249, 0.00012055470142513514, 0.00011835062468890101, 0.00011536726378835738, 0.00011370268475729972, 0.00011179415741935372, 0.00010808699880726635, 0.00010717334225773811, 0.00010540717630647123, 0.00010420012404210865, 0.0001020670315483585, 0.00010158164513995871, 0.0001008473482215777, 9.949449304258451e-05, 9.842753206612542e-05, 9.74048743955791e-05, 9.64459904935211e-05, 9.555176802678034e-05, 9.54682327574119e-05, 9.451384539715946e-05, 9.306073479820043e-05, 9.378790127811953e-05, 9.294680785387754e-05, 9.252586460206658e-05, 9.115087596001104e-05, 9.079741721507162e-05, 9.059778676601127e-05, 8.99801598279737e-05, 8.931710908655077e-05, 8.853420877130702e-05, 8.747247920837253e-05, 8.67273920448497e-05, 8.703284402145073e-05, 8.593799429945648e-05, 8.525799057679251e-05, 8.582616283092648e-05, 8.477745723212138e-05, 8.475714275846258e-05, 8.411596354562789e-05, 8.420060476055369e-05, 8.346168033313006e-05, 8.374681056011468e-05, 8.252204861491919e-05, 8.286400407087058e-05, 8.26748218969442e-05, 8.134103700285777e-05, 8.135747339110821e-05, 8.082752174232155e-05, 8.121506834868342e-05, 8.10496712801978e-05, 8.0149678979069e-05, 8.057793456828222e-05, 8.066536247497424e-05, 7.946187542984262e-05, 7.879284385126084e-05, 7.845565414754674e-05, 7.875593291828409e-05, 7.853813440306112e-05, 7.872349669924006e-05, 7.820678729331121e-05, 7.851433474570513e-05, 7.816639845259488e-05, 7.751812518108636e-05, 7.757908315397799e-05, 7.756811828585342e-05, 7.727788761258125e-05, 7.660708070034161e-05, 7.641161937499419e-05, 7.706817996222526e-05, 7.697952241869643e-05],