{"loss": [0.1486203968524933, 0.03129378706216812, 0.02279558964073658, 0.021141091361641884, 0.01953279785811901, 0.01716609112918377, 0.016374576836824417, 0.015238778665661812, 0.014262447133660316, 0.014361103996634483, 0.01433967798948288, 0.013589851558208466, 0.014032166451215744, 0.01255627628415823, 0.012780945748090744, 0.012525246478617191, 0.012105103582143784, 0.012148192152380943, 0.012005501426756382, 0.012364914640784264, 0.011565331369638443, 0.0118328258395195, 0.011903645470738411, 0.011629967950284481, 0.011236567050218582, 0.012805690988898277, 0.011862382292747498, 0.011058897711336613, 0.0115601671859622, 0.011206538416445255, 0.011226610280573368, 0.011290729977190495, 0.011309180408716202, 0.011152002960443497, 0.010904121212661266, 0.011224878951907158, 0.011140680871903896, 0.01090186182409525, 0.01111687533557415, 0.011021978221833706, 0.011086958460509777, 0.011093826964497566, 0.010737420059740543, 0.01124058198183775, 0.0110753383487463], "mae": [0.014089181087911129, 0.007014675997197628, 0.006158298812806606, 0.005862543825060129, 0.00561645720154047, 0.005262492690235376, 0.0051781171932816505, 0.004982528742402792, 0.004824988078325987, 0.00485274801030755, 0.004872714169323444, 0.004708323627710342, 0.004789299331605434, 0.004484804347157478, 0.004584008827805519, 0.004537940490990877, 0.00444227596744895, 0.00443912111222744, 0.004419359844177961, 0.004526273347437382, 0.004306350369006395, 0.004379254765808582, 0.004433877300471067, 0.0043385629542171955, 0.004272908437997103, 0.00455098133534193, 0.004427930805832148, 0.004225337877869606, 0.004376276861876249, 0.004269054159522057, 0.0042602913454174995, 0.00426758686080575, 0.004279586020857096, 0.004252733662724495, 0.004192220978438854, 0.004260574467480183, 0.00427911477163434, 0.004200682509690523, 0.004255182575434446, 0.004216908011585474, 0.00423704506829381, 0.00428872462362051, 0.004174782428890467, 0.0043202596716582775, 0.004234255291521549], "mse": [0.0005017048679292202, 0.0001033395528793335, 7.572158938273787e-05, 6.994836439844221e-05, 6.443431630032137e-05, 5.6834262068150565e-05, 5.40675719093997e-05, 5.070553015684709e-05, 4.7268273192457855e-05, 4.776931382366456e-05, 4.7402751079062e-05, 4.492538937483914e-05, 4.5976255933055654e-05, 4.1440351196797565e-05, 4.230051126796752e-05, 4.142914622207172e-05, 4.0073427953757346e-05, 4.009775511804037e-05, 3.958245360990986e-05, 4.105782863916829e-05, 3.814786032307893e-05, 3.8893591408850625e-05, 3.938210284104571e-05, 3.855834802379832e-05, 3.729460877366364e-05, 4.186695514363237e-05, 3.933046536985785e-05, 3.6477489629760385e-05, 3.811733768088743e-05, 3.696373096317984e-05, 3.718220250448212e-05, 3.712193574756384e-05, 3.717538857017644e-05, 3.670666410471313e-05, 3.6070785427000374e-05, 3.710963574121706e-05, 3.7099172914167866e-05, 3.607440885389224e-05, 3.6640354664996266e-05, 3.6470457416726276e-05, 3.653352541732602e-05, 3.667893179226667e-05, 3.5470402508508414e-05, 3.708689473569393e-05, 3.65651685569901e-05], "val_loss": [0.045449480414390564, 0.015544985421001911, 0.021628402173519135, 0.06238575279712677, 0.02570558339357376, 0.016224553808569908, 0.01749570295214653, 0.025718728080391884, 0.015892524272203445, 0.01818796433508396, 0.013837515376508236, 0.012439671903848648, 0.011121935211122036, 0.012061342597007751, 0.01145806536078453, 0.010424422100186348, 0.013013217598199844, 0.01098612044006586, 0.01176066230982542, 0.011016327887773514, 0.011781045235693455, 0.011293693445622921, 0.010846015997231007, 0.013958393596112728, 0.011143091134727001, 0.012639629654586315, 0.011202885769307613, 0.01092908252030611, 0.020518945530056953, 0.010144240222871304, 0.011216403916478157, 0.010847984813153744, 0.011119537986814976, 0.01562693528831005, 0.010822140611708164, 0.011619668453931808, 0.011074332520365715, 0.01143302395939827, 0.011422999203205109, 0.013383992947638035, 0.0106943529099226, 0.013125975616276264, 0.011959758587181568, 0.010196751914918423, 0.011630743741989136], "val_mae": [0.008748356252908707, 0.004565685987472534, 0.006043166853487492, 0.012282039038836956, 0.007243386469781399, 0.005267144180834293, 0.005870628170669079, 0.00708927633240819, 0.004695146810263395, 0.005218649283051491, 0.0048685395158827305, 0.0047385371290147305, 0.003987699281424284, 0.004207615274935961, 0.004337751306593418, 0.0038841133937239647, 0.004420156124979258, 0.003994904458522797, 0.004111435264348984, 0.003932751249521971, 0.004124874249100685, 0.004080172162503004, 0.003944393713027239, 0.0047576576471328735, 0.004098181147128344, 0.004755596164613962, 0.004437482450157404, 0.003859794931486249, 0.006905160378664732, 0.0038556137587875128, 0.004418252035975456, 0.004015482496470213, 0.004355156794190407, 0.005795282311737537, 0.0039889137260615826, 0.004313488025218248, 0.004023035988211632, 0.00397593155503273, 0.004082841333001852, 0.0049344939179718494, 0.003962068352848291, 0.005064097698777914, 0.0043271686881780624, 0.0038051651790738106, 0.004018098581582308], "val_mse": [0.00014822030789218843, 5.101205897517502e-05, 7.108961290214211e-05, 0.00020231568487361073, 8.421578240813687e-05, 5.307178071234375e-05, 5.710494224331342e-05, 8.42244116938673e-05, 5.217637590249069e-05, 6.001269503030926e-05, 4.52581953140907e-05, 4.0810911741573364e-05, 3.6441149859456345e-05, 3.939031739719212e-05, 3.744263085536659e-05, 3.410238787182607e-05, 4.255890235072002e-05, 3.6039800761500373e-05, 3.8469850551337004e-05, 3.60633603122551e-05, 3.875318361679092e-05, 3.714323975145817e-05, 3.549459142959677e-05, 4.557065403787419e-05, 3.6509511119220406e-05, 4.1485869587631896e-05, 3.657866909634322e-05, 3.574466609279625e-05, 6.672239396721125e-05, 3.321295298519544e-05, 3.660104630398564e-05, 3.535884025041014e-05, 3.646752520580776e-05, 5.100364796817303e-05, 3.545072831911966e-05, 3.790502523770556e-05, 3.6170193197904155e-05, 3.741046748473309e-05, 3.7197583878878504e-05, 4.356009958428331e-05, 3.48707108059898e-05, 4.2746341932797804e-05, 3.91023131669499e-05, 3.329900209791958e-05, 3.8253303500823677e-05]}