{"loss": [0.5020131468772888, 0.22237244248390198, 0.17914436757564545, 0.16054697334766388, 0.1545771360397339, 0.14683417975902557, 0.1479143351316452, 0.13970087468624115, 0.1388031393289566, 0.13630267977714539, 0.1356244832277298, 0.13219231367111206, 0.1296824961900711, 0.12852558493614197, 0.12649086117744446, 0.1242353618144989, 0.12472369521856308, 0.12162905931472778, 0.12168265879154205, 0.12044518440961838, 0.11844471842050552, 0.118262380361557, 0.11698690801858902, 0.1176072210073471, 0.11759426444768906, 0.11641401797533035, 0.11331801116466522, 0.11464609205722809, 0.1137029379606247, 0.11262781918048859, 0.1120140329003334, 0.1111435666680336, 0.1103656142950058, 0.10873706638813019, 0.11100126057863235, 0.10995244234800339, 0.10826966911554337, 0.10832896828651428, 0.10872051119804382, 0.1080067977309227, 0.10637708008289337, 0.10759313404560089, 0.10580465942621231, 0.3220374882221222, 0.25315800309181213, 0.1854986548423767, 0.1548028290271759, 0.1411392241716385, 0.13357099890708923, 0.12794169783592224, 0.12395571172237396, 0.11824925988912582, 0.11468479782342911, 0.15090210735797882, 0.12780778110027313, 0.12134966254234314, 0.11734548956155777, 0.115971639752388], "mae": [0.04285820946097374, 0.028169527649879456, 0.024961531162261963, 0.023639364168047905, 0.023138271644711494, 0.022543270140886307, 0.022679023444652557, 0.022003130987286568, 0.021890047937631607, 0.02163270302116871, 0.02162862755358219, 0.02129276469349861, 0.021039851009845734, 0.020938843488693237, 0.020801516249775887, 0.020627960562705994, 0.020649559795856476, 0.02035200223326683, 0.020403603091835976, 0.020278338342905045, 0.02013104036450386, 0.020085811614990234, 0.020041318610310555, 0.02005954273045063, 0.01999487541615963, 0.01989736035466194, 0.01963093876838684, 0.019716901704669, 0.019659999758005142, 0.01956075429916382, 0.01954137533903122, 0.01935998722910881, 0.019375046715140343, 0.019240429624915123, 0.019304661080241203, 0.01931622438132763, 0.01915588602423668, 0.01919625885784626, 0.0191340371966362, 0.01911362074315548, 0.018955159932374954, 0.019104698672890663, 0.018936028704047203, 0.033762216567993164, 0.030413944274187088, 0.025622433051466942, 0.023442139849066734, 0.02223324403166771, 0.02155992202460766, 0.021037960425019264, 0.02074517123401165, 0.020159684121608734, 0.019823022186756134, 0.0224754735827446, 0.020908759906888008, 0.020398251712322235, 0.02003435604274273, 0.019875796511769295], "mse": [0.0034210600424557924, 0.0015107967192307115, 0.0012186858803033829, 0.0010901086498051882, 0.0010471947025507689, 0.0009929357329383492, 0.001001823227852583, 0.0009476173436269164, 0.000938043522182852, 0.0009223622037097812, 0.0009179269545711577, 0.0008945026202127337, 0.0008762172656133771, 0.0008688831003382802, 0.0008574268431402743, 0.0008392275776714087, 0.0008447166183032095, 0.00082382996333763, 0.0008232478867284954, 0.0008157393313013017, 0.0008008602308109403, 0.0007987928111106157, 0.0007907474646344781, 0.0007953786407597363, 0.0007950520957820117, 0.0007849274552427232, 0.0007658244576305151, 0.0007739615393802524, 0.0007687349570915103, 0.0007614808855578303, 0.0007566657732240856, 0.0007516611949540675, 0.0007450262783095241, 0.0007373030530288815, 0.0007497853948734701, 0.0007426407537423074, 0.0007324139587581158, 0.0007315333932638168, 0.0007337018032558262, 0.0007293899543583393, 0.0007203349960036576, 0.0007277440745383501, 0.0007154872873798013, 0.0022067264653742313, 0.0017306349473074079, 0.00126218656077981, 0.0010514867026358843, 0.0009549414971843362, 0.0009040392469614744, 0.0008657634607516229, 0.0008375010220333934, 0.0008004430565051734, 0.000775912485551089, 0.0010232978966087103, 0.0008667255751788616, 0.00082254852168262, 0.0007931362488307059, 0.000782485178206116], "val_loss": [0.2403707653284073, 0.19206367433071136, 0.16743984818458557, 0.14859037101268768, 0.1460111141204834, 0.1347348839044571, 0.13503311574459076, 0.13279150426387787, 0.1314903050661087, 0.13124164938926697, 0.12375817447900772, 0.12218576669692993, 0.1178639754652977, 0.11768787354230881, 0.12655043601989746, 0.11949700117111206, 0.12014085054397583, 0.12432948499917984, 0.123797208070755, 0.11378306150436401, 0.12731154263019562, 0.11515174806118011, 0.11884186416864395, 0.11187040060758591, 0.11301539093255997, 0.11361842602491379, 0.11658251285552979, 0.10990083962678909, 0.1099027544260025, 0.12061333656311035, 0.10672126710414886, 0.11472654342651367, 0.11175007373094559, 0.11451344192028046, 0.11766905337572098, 0.11992277204990387, 0.11000653356313705, 0.10757982730865479, 0.13288237154483795, 0.10918545722961426, 0.11804018914699554, 0.120766282081604, 0.10573993623256683, 0.288251131772995, 0.2082909643650055, 0.1619194746017456, 0.14223319292068481, 0.14858801662921906, 0.13313458859920502, 0.12119224667549133, 0.11811023950576782, 0.1138216033577919, 0.1099187359213829, 0.13405953347682953, 0.12247445434331894, 0.1163228452205658, 0.11458743363618851, 0.12292035669088364], "val_mae": [0.030351320281624794, 0.025159543380141258, 0.026292648166418076, 0.022482845932245255, 0.02331612817943096, 0.022240832448005676, 0.021318823099136353, 0.02114473097026348, 0.02209014631807804, 0.021427970379590988, 0.02088177762925625, 0.0197642482817173, 0.019396211951971054, 0.019698137417435646, 0.022847013548016548, 0.02016438916325569, 0.019604597240686417, 0.021138114854693413, 0.021314557641744614, 0.019615309312939644, 0.022420471534132957, 0.019611220806837082, 0.019925270229578018, 0.019094042479991913, 0.019648605957627296, 0.01927945949137211, 0.021419618278741837, 0.018911194056272507, 0.019076066091656685, 0.020241713151335716, 0.01857149973511696, 0.020285192877054214, 0.01952246017754078, 0.020347151905298233, 0.02139371819794178, 0.01981573924422264, 0.01959550939500332, 0.019754668697714806, 0.02033369243144989, 0.018810110166668892, 0.02047082968056202, 0.019139902666211128, 0.018449489027261734, 0.0329069159924984, 0.027174953371286392, 0.024374520406126976, 0.022136569023132324, 0.024530671536922455, 0.020698459818959236, 0.02019931934773922, 0.019750624895095825, 0.019902387633919716, 0.01910940185189247, 0.020635072141885757, 0.0199111495167017, 0.0203567948192358, 0.019760429859161377, 0.020230300724506378], "val_mse": [0.0016468687681481242, 0.0013090468710288405, 0.0011409970466047525, 0.0010144144762307405, 0.0009932288667187095, 0.0009166867821477354, 0.000920466729439795, 0.0009065454942174256, 0.0008932807832024992, 0.0008977034012787044, 0.0008427745196968317, 0.0008333787554875016, 0.0008031590841710567, 0.0008015880011953413, 0.0008594689425081015, 0.0008113329531624913, 0.0008172352099791169, 0.000846301147248596, 0.0008415625779889524, 0.0007756808190606534, 0.0008627557544969022, 0.0007829440291970968, 0.0008090231567621231, 0.0007648495957255363, 0.0007686471217311919, 0.0007724283495917916, 0.0007948129205033183, 0.0007505120011046529, 0.0007465799571946263, 0.0008232566760852933, 0.0007258104160428047, 0.0007809906383045018, 0.0007592654437758029, 0.000779075373429805, 0.0008020040113478899, 0.0008170337532646954, 0.0007473081932403147, 0.0007317854324355721, 0.0008990446222014725, 0.0007467912510037422, 0.0008039054810069501, 0.0008232742547988892, 0.0007187253213487566, 0.00198905891738832, 0.001428951625712216, 0.0011085348669439554, 0.0009723451803438365, 0.0010140669764950871, 0.0009083137265406549, 0.0008282838389277458, 0.0008073695935308933, 0.0007773661054670811, 0.0007505168905481696, 0.0009170942939817905, 0.000839145272038877, 0.0007934072054922581, 0.0007828126545064151, 0.0008363932138308883]}