{"loss": [0.2547245919704437, 0.08149109780788422, 0.03860894963145256, 0.028416724875569344, 0.025102270767092705, 0.020917033776640892, 0.01751125231385231, 0.014541637152433395, 0.012898453511297703, 0.011258328333497047, 0.010053882375359535, 0.008535350672900677, 0.009618659503757954, 0.007712343707680702, 0.0074666705913841724, 0.007689937483519316, 0.006612704135477543, 0.006736024282872677, 0.00665542297065258, 0.005893179215490818, 0.00520925922319293, 0.005898989271372557, 0.0053023905493319035, 0.004668355453759432, 0.006151653826236725, 0.0049042669124901295, 0.004857293330132961, 0.00515478290617466, 0.0046611265279352665, 0.0047152056358754635, 0.004526976961642504, 0.004330109804868698, 0.004316304344683886, 0.004461124539375305, 0.0043541002087295055, 0.003947758115828037, 0.004516500514000654, 0.004379680380225182, 0.004137222655117512, 0.0038477673660963774, 0.0038409866392612457, 0.003801021259278059, 0.003748258575797081, 0.0037830546498298645, 0.003253360278904438, 0.004281718283891678, 0.004365232307463884, 0.0035676273982971907, 0.003490003990009427, 0.0032506806310266256, 0.005030065309256315, 0.00318023725412786, 0.003048357553780079, 0.00369079178199172, 0.0034996485337615013, 0.003802970750257373, 0.003159108804538846, 0.003323821583762765, 0.0030831582844257355, 0.003339002840220928, 0.0031591576989740133, 0.003345683217048645, 0.003442607820034027, 0.003113348502665758, 0.0033443099819123745, 0.003596468595787883], "mae": [0.02794932946562767, 0.015276282094419003, 0.010503082536160946, 0.00895966961979866, 0.008476199582219124, 0.007731943391263485, 0.007002242840826511, 0.006395075004547834, 0.0059759849682450294, 0.005567408166825771, 0.005272073205560446, 0.004849353805184364, 0.005143781658262014, 0.0046248119324445724, 0.00454013142734766, 0.0045946030877530575, 0.00429439265280962, 0.004304645117372274, 0.004239340778440237, 0.004031533375382423, 0.0038275786209851503, 0.00402136379852891, 0.0038037511985749006, 0.0036186324432492256, 0.004068171605467796, 0.003664460964500904, 0.003640202572569251, 0.003746557980775833, 0.0035591088235378265, 0.0035987193696200848, 0.0034970270935446024, 0.003508560359477997, 0.0034465156495571136, 0.00348918535746634, 0.0034491466358304024, 0.0032945687416940928, 0.0034891325049102306, 0.0034530481789261103, 0.0033417553640902042, 0.003260947996750474, 0.003264669794589281, 0.0032293801195919514, 0.0032260832376778126, 0.0032573039643466473, 0.0030308181885629892, 0.0034141764044761658, 0.0034136855974793434, 0.003147190436720848, 0.003110315650701523, 0.0030061346478760242, 0.0035805683583021164, 0.0029599815607070923, 0.002917143050581217, 0.0031892426777631044, 0.0031242098193615675, 0.0032274082768708467, 0.0029607785400003195, 0.003030095249414444, 0.002949358196929097, 0.0030343669932335615, 0.0029562520794570446, 0.0030369593296200037, 0.0030605921056121588, 0.002937872661277652, 0.0030353113543242216, 0.003092839615419507], "mse": [0.0013745304895564914, 0.00043354451190680265, 0.0002058100508293137, 0.00015102452016435564, 0.00013359228614717722, 0.00011125985474791378, 9.334426431450993e-05, 7.718097913311794e-05, 6.853355444036424e-05, 5.989207420498133e-05, 5.355487883207388e-05, 4.534345134743489e-05, 5.112360668135807e-05, 4.082319719600491e-05, 3.958602246711962e-05, 4.083017120137811e-05, 3.517642107908614e-05, 3.5602344723884016e-05, 3.532391565386206e-05, 3.137540988973342e-05, 2.7757581847254187e-05, 3.1327766919275746e-05, 2.823808063112665e-05, 2.4768691218923777e-05, 3.2947384170256555e-05, 2.6210884243482724e-05, 2.5821638701017946e-05, 2.739038427534979e-05, 2.4877603209461085e-05, 2.5003828341141343e-05, 2.415912240394391e-05, 2.3087191948434338e-05, 2.3053460608934984e-05, 2.384007711953018e-05, 2.3096845325198956e-05, 2.1030704374425113e-05, 2.394253715465311e-05, 2.3266071366379037e-05, 2.202650466642808e-05, 2.039000901277177e-05, 2.0460302039282396e-05, 2.0242938262526877e-05, 2.0011390006402507e-05, 2.014983147091698e-05, 1.7298485545325093e-05, 2.275699080200866e-05, 2.318430779268965e-05, 1.888560291263275e-05, 1.854617948993109e-05, 1.7242320609511808e-05, 2.669999776117038e-05, 1.6868863895069808e-05, 1.6273013898171484e-05, 1.961751695489511e-05, 1.8610775441629812e-05, 2.0244091501808725e-05, 1.670982237556018e-05, 1.766261993907392e-05, 1.6387448340537958e-05, 1.784706546459347e-05, 1.6726373360143043e-05, 1.7775035303202458e-05, 1.827402775234077e-05, 1.6567773855058476e-05, 1.7701235265121795e-05, 1.9124285245197825e-05], "val_loss": [0.15316742658615112, 0.04536934569478035, 0.031470511108636856, 0.022722601890563965, 0.02684030681848526, 0.030260669067502022, 0.019400428980588913, 0.012861617840826511, 0.01899450272321701, 0.009028619155287743, 0.019846854731440544, 0.008940433152019978, 0.007062437012791634, 0.009577690623700619, 0.01154441200196743, 0.009239330887794495, 0.006117404904216528, 0.007895104587078094, 0.0037967003881931305, 0.008814406581223011, 0.013185338117182255, 0.003928682766854763, 0.00618388969451189, 0.0032102621626108885, 0.009801385924220085, 0.0037463540211319923, 0.00536966510117054, 0.004180768970400095, 0.0028478808235377073, 0.003659826936200261, 0.002975690644234419, 0.005536131095141172, 0.0031825448386371136, 0.003792682196944952, 0.00578587269410491, 0.00481060054153204, 0.005706447176635265, 0.0028562929946929216, 0.002661679405719042, 0.004852900747209787, 0.0037185836117714643, 0.0038405228406190872, 0.003581955563277006, 0.0028122493531554937, 0.003009424777701497, 0.004062341060489416, 0.004805884324014187, 0.002671831054612994, 0.0059344712644815445, 0.004696169402450323, 0.0023483477998524904, 0.003604763885959983, 0.003235951531678438, 0.0026127593591809273, 0.0026851720176637173, 0.004101237282156944, 0.002585472073405981, 0.0026752103585749865, 0.0031261579133570194, 0.0025371431838721037, 0.002558289095759392, 0.0028219069354236126, 0.005484209395945072, 0.0025254397187381983, 0.003666681470349431, 0.002484600292518735], "val_mae": [0.02120179869234562, 0.011339184828102589, 0.009372717700898647, 0.007992351427674294, 0.009054684080183506, 0.00989969540387392, 0.007979970425367355, 0.006031208671629429, 0.007607307285070419, 0.005095929838716984, 0.007608819752931595, 0.005513357929885387, 0.004431348759680986, 0.0056904698722064495, 0.0053282007575035095, 0.0052536907605826855, 0.004143697675317526, 0.004964916501194239, 0.003390211844816804, 0.005204854533076286, 0.006809770595282316, 0.0032269626390188932, 0.004232791718095541, 0.0029809768311679363, 0.006013964302837849, 0.0032080316450446844, 0.003924238495528698, 0.0032643273007124662, 0.002648691413924098, 0.0031368539202958345, 0.0027893942315131426, 0.003761425381526351, 0.0028756847605109215, 0.003267782274633646, 0.00427896436303854, 0.003683059010654688, 0.004420693032443523, 0.002714085392653942, 0.0025733266957104206, 0.003694260260090232, 0.0034046575892716646, 0.003127531846985221, 0.003106163116171956, 0.0026380058843642473, 0.002866897964850068, 0.0035161045379936695, 0.0038270114455372095, 0.0026820707134902477, 0.0037853613030165434, 0.0033396543003618717, 0.0024728344287723303, 0.003179425373673439, 0.003056679619476199, 0.0026456029154360294, 0.00266606779769063, 0.0031660383101552725, 0.0025643398985266685, 0.0026149896439164877, 0.002897453960031271, 0.002557429950684309, 0.002673296257853508, 0.002804875373840332, 0.003950017970055342, 0.0026112738996744156, 0.00319669465534389, 0.002551965182647109],