{"loss": [0.3464409112930298, 0.057904649525880814, 0.04064231738448143, 0.03565753251314163, 0.031945619732141495, 0.030022889375686646, 0.028916308656334877, 0.02715792879462242, 0.02580976113677025, 0.02462165243923664, 0.024585148319602013, 0.024579545482993126, 0.02459736540913582, 0.02348479814827442, 0.022394847124814987, 0.0223558247089386, 0.022539548575878143, 0.021826215088367462, 0.021584227681159973, 0.02160126343369484, 0.021508721634745598, 0.021260123699903488, 0.021190624684095383, 0.021477889269590378, 0.021274397149682045, 0.023351602256298065, 0.02099294401705265, 0.020636355504393578, 0.020587701350450516, 0.020449066534638405, 0.02041053958237171, 0.020970230922102928, 0.02028621733188629, 0.020079832524061203, 0.02056770958006382, 0.02006473019719124, 0.0200643390417099, 0.020380131900310516, 0.019920295104384422, 0.019849831238389015, 0.020072536543011665, 0.02005677856504917, 0.019881336018443108, 0.020078547298908234, 0.019565923139452934, 0.02001645229756832, 0.019618917256593704, 0.019889574497938156], "mae": [0.03302862495183945, 0.013828303664922714, 0.011695178225636482, 0.010968515649437904, 0.010387303307652473, 0.010122684761881828, 0.009929419495165348, 0.009601385332643986, 0.009424242191016674, 0.00918985903263092, 0.009185761213302612, 0.00916396826505661, 0.009146238677203655, 0.008926039561629295, 0.008744376711547375, 0.008735504932701588, 0.008760780096054077, 0.008635505102574825, 0.008582331240177155, 0.008589097298681736, 0.00857417844235897, 0.008536232635378838, 0.008519171737134457, 0.008569910190999508, 0.008549095131456852, 0.008812340907752514, 0.00850022491067648, 0.008398550562560558, 0.008382676169276237, 0.00835728645324707, 0.008353491313755512, 0.00846884399652481, 0.008311135694384575, 0.008294080384075642, 0.00836047250777483, 0.008280852809548378, 0.00829749833792448, 0.008353753946721554, 0.008236668072640896, 0.008245442993938923, 0.008279414847493172, 0.00829220749437809, 0.008248149417340755, 0.008279104717075825, 0.008162959478795528, 0.008262595161795616, 0.00817730464041233, 0.008244238793849945], "mse": [0.0020924864802509546, 0.00034496639273129404, 0.00024223669606726617, 0.00021289005235303193, 0.00019067787798121572, 0.00017989971092902124, 0.00017221487360075116, 0.00016155888442881405, 0.00015355220239143819, 0.00014704657951369882, 0.00014638791617471725, 0.00014630379155278206, 0.0001465096283936873, 0.00013981528172735125, 0.00013334289542399347, 0.00013314542593434453, 0.0001344783668173477, 0.00013026560191065073, 0.00012888478522654623, 0.00012878434790764004, 0.00012820646225009114, 0.00012682893429882824, 0.00012640237400773913, 0.00012827047612518072, 0.0001268255728064105, 0.0001395996514474973, 0.00012526272621471435, 0.00012300476373638958, 0.0001225980231538415, 0.0001219202094944194, 0.00012168184912297875, 0.0001252161746378988, 0.00012098730803700164, 0.00011983809235971421, 0.0001224460283992812, 0.00011971094500040635, 0.00011969827755820006, 0.000121602468425408, 0.00011875702330144122, 0.00011859828373417258, 0.00011960807751165703, 0.00011952032946282998, 0.00011863226973218843, 0.00011991214705631137, 0.00011665996862575412, 0.00011915982031496242, 0.00011661195458145812, 0.00011821289808722213], "val_loss": [0.06402265280485153, 0.0621032677590847, 0.039039816707372665, 0.030648473650217056, 0.025508029386401176, 0.024985292926430702, 0.03142785653471947, 0.022433994337916374, 0.0288871880620718, 0.02691417559981346, 0.02082701399922371, 0.023741865530610085, 0.033087700605392456, 0.022851770743727684, 0.021578621119260788, 0.021238084882497787, 0.023300014436244965, 0.022987185046076775, 0.022287480533123016, 0.021043792366981506, 0.0199121106415987, 0.02218649908900261, 0.021365005522966385, 0.020889336243271828, 0.02264852449297905, 0.023275520652532578, 0.02281271666288376, 0.020401183515787125, 0.02179514616727829, 0.02164091356098652, 0.02028130367398262, 0.01986638456583023, 0.01881050132215023, 0.023784080520272255, 0.01950666308403015, 0.020862866193056107, 0.021205583587288857, 0.018968215212225914, 0.020914318040013313, 0.022261623293161392, 0.01928090862929821, 0.02222594805061817, 0.01989470049738884, 0.020063728094100952, 0.0192267969250679, 0.021029699593782425, 0.020188696682453156, 0.01975894533097744], "val_mae": [0.014492793008685112, 0.014651267789304256, 0.011283570900559425, 0.010612555779516697, 0.009360209107398987, 0.009329603984951973, 0.010287216864526272, 0.008529320359230042, 0.010030873119831085, 0.01002770010381937, 0.008488329127430916, 0.008879213593900204, 0.01142351794987917, 0.009029041044414043, 0.008842214941978455, 0.008394398726522923, 0.008713512681424618, 0.009202009066939354, 0.008962416090071201, 0.008768340572714806, 0.008111282251775265, 0.008955508470535278, 0.008450795896351337, 0.008612146601080894, 0.008749358355998993, 0.008858649991452694, 0.009073653258383274, 0.008188272826373577, 0.008454888127744198, 0.008519784547388554, 0.008437425829470158, 0.008237688802182674, 0.007897015661001205, 0.008922985754907131, 0.008133688941597939, 0.008661407046020031, 0.008380910381674767, 0.007931149564683437, 0.008420858532190323, 0.008816642686724663, 0.008180287666618824, 0.008668721653521061, 0.008189070969820023, 0.00830414704978466, 0.007998615503311157, 0.00834270752966404, 0.00810500793159008, 0.008086997084319592], "val_mse": [0.0003862127778120339, 0.00037531531415879726, 0.00023476596106775105, 0.0001840649638324976, 0.0001536676863906905, 0.00015021867875475436, 0.00018841704877559096, 0.00013494597806129605, 0.0001733544486341998, 0.00016236746159847826, 0.0001253774098586291, 0.0001429527037544176, 0.00019940205675084144, 0.00013758434215560555, 0.00012966130452696234, 0.0001277314149774611, 0.00013985784607939422, 0.00013823344488628209, 0.00013439366011880338, 0.00012685803812928498, 0.00011962471762672067, 0.00013345573097467422, 0.00012883241288363934, 0.00012521861935965717, 0.00013644951104652137, 0.0001401466433890164, 0.00013726057659368962, 0.0001227224274771288, 0.00013142998795956373, 0.0001300190924666822, 0.00012192547728773206, 0.00011946829181397334, 0.0001130287055275403, 0.00014342577196657658, 0.0001173220225609839, 0.00012516952119767666, 0.00012726803834084421, 0.00011383883247617632, 0.00012557001900859177, 0.00013359836884774268, 0.00011580531281651929, 0.00013349570508580655, 0.00011985471792286262, 0.00012081552995368838, 0.00011536660167621449, 0.0001261628931388259, 0.00012109826639061794, 0.00011863274266943336]}