{"loss": [0.6038656234741211, 0.2328084409236908, 0.19050388038158417, 0.17575757205486298, 0.1628308892250061, 0.160028338432312, 0.15234775841236115, 0.14845862984657288, 0.1413942128419876, 0.14081662893295288, 0.13791866600513458, 0.13401301205158234, 0.1317731738090515, 0.12964579463005066, 0.12817268073558807, 0.12656612694263458, 0.12466109544038773, 0.12384579330682755, 0.12194960564374924, 0.12065522372722626, 0.11949151754379272, 0.12135880440473557, 0.11890026181936264, 0.11626434326171875, 0.1181257888674736, 0.118657186627388, 0.11646358668804169, 0.11491131782531738, 0.1131552904844284, 0.11575912684202194, 0.1135249137878418, 0.11235111206769943, 0.11165113002061844, 0.39808374643325806, 0.40537500381469727, 0.39648839831352234, 0.3897775411605835, 0.38552653789520264, 0.38606929779052734, 0.3819115161895752, 0.382289856672287, 0.3800281584262848, 0.3797363042831421, 0.3794359862804413, 0.3785977363586426, 0.3758874535560608], "mae": [0.04571127891540527, 0.028729736804962158, 0.025775546208024025, 0.024783359840512276, 0.023803964257240295, 0.023545820266008377, 0.02293555997312069, 0.022607294842600822, 0.02210705541074276, 0.022007418796420097, 0.021739615127444267, 0.021426642313599586, 0.021289227530360222, 0.021128933876752853, 0.02101985365152359, 0.02083503268659115, 0.020581375807523727, 0.020550280809402466, 0.02033201977610588, 0.020291883498430252, 0.02024184539914131, 0.020383117720484734, 0.020079726353287697, 0.01988288201391697, 0.02012084797024727, 0.02009289711713791, 0.019920438528060913, 0.01976027898490429, 0.019641447812318802, 0.01995997689664364, 0.01962699182331562, 0.019557466730475426, 0.019556496292352676, 0.03595160320401192, 0.03865924850106239, 0.03823104500770569, 0.03791026771068573, 0.0377422571182251, 0.03774731606245041, 0.03747911751270294, 0.037600528448820114, 0.03746090829372406, 0.03744044527411461, 0.037471503019332886, 0.03739200532436371, 0.03731886297464371], "mse": [0.004228391218930483, 0.0015761720715090632, 0.0012945185881108046, 0.0011948588071390986, 0.0011088798055425286, 0.0010841299081221223, 0.0010311491787433624, 0.001006198930554092, 0.0009600126650184393, 0.00095846300246194, 0.0009333286434412003, 0.0009080989402718842, 0.0008940799743868411, 0.000878671184182167, 0.0008671661489643157, 0.0008570693316869438, 0.0008432206232100725, 0.0008350398275069892, 0.000825498893391341, 0.0008138240082189441, 0.0008087268797680736, 0.0008204450714401901, 0.0008023749687708914, 0.0007878493051975965, 0.0007985851843841374, 0.0008032824844121933, 0.0007861981866881251, 0.0007762430468574166, 0.0007668302278034389, 0.00078245357144624, 0.0007660692790523171, 0.0007612660410813987, 0.0007551703019998968, 0.0027088727802038193, 0.0027641993947327137, 0.0027035062666982412, 0.0026627234183251858, 0.0026336065493524075, 0.002629708033055067, 0.0026085020508617163, 0.0026112583000212908, 0.0025961846113204956, 0.0025927561800926924, 0.002589678857475519, 0.0025812836829572916, 0.0025709716137498617], "val_loss": [0.3758493661880493, 0.21731525659561157, 0.16894860565662384, 0.19168728590011597, 0.1715572029352188, 0.13772791624069214, 0.14981018006801605, 0.13208931684494019, 0.15234574675559998, 0.1451566517353058, 0.19152939319610596, 0.12379316240549088, 0.14454416930675507, 0.12138582766056061, 0.12211859971284866, 0.11955204606056213, 0.12199525535106659, 0.15287040174007416, 0.1302870213985443, 0.12007865309715271, 0.11719929426908493, 0.12272556126117706, 0.12496773153543472, 0.11276157200336456, 0.11537063866853714, 0.11484264582395554, 0.12111314386129379, 0.15121392905712128, 0.11432555317878723, 0.12436336278915405, 0.1109638586640358, 0.1157333105802536, 0.11932831257581711, 0.4033176302909851, 0.3880326747894287, 0.38287773728370667, 0.38467979431152344, 0.37978595495224, 0.37327197194099426, 0.37361738085746765, 0.3724650740623474, 0.3785220980644226, 0.37280240654945374, 0.3692074418067932, 0.3754812180995941, 0.417542964220047], "val_mae": [0.03472251072525978, 0.028119433671236038, 0.025294778868556023, 0.025549298152327538, 0.025096282362937927, 0.023334914818406105, 0.021758299320936203, 0.021757591515779495, 0.024309387430548668, 0.02300793118774891, 0.024915410205721855, 0.02064906246960163, 0.021808231249451637, 0.02021731249988079, 0.0198578592389822, 0.019897833466529846, 0.021602433174848557, 0.02527714893221855, 0.020380685105919838, 0.020275907590985298, 0.020634939894080162, 0.019817668944597244, 0.020790893584489822, 0.018993856385350227, 0.01989021711051464, 0.020801283419132233, 0.019262978807091713, 0.02492695301771164, 0.020344654098153114, 0.021268438547849655, 0.019345782697200775, 0.021572738885879517, 0.01966404728591442, 0.03856702893972397, 0.03775995224714279, 0.03812143951654434, 0.03710610046982765, 0.03807598724961281, 0.03719456493854523, 0.036676183342933655, 0.036978524178266525, 0.038278304040431976, 0.03731102868914604, 0.037096116691827774, 0.03731074556708336, 0.03974849730730057], "val_mse": [0.002575917635113001, 0.0014815463218837976, 0.0011556552490219474, 0.0012987707741558552, 0.0011682383483275771, 0.0009376131929457188, 0.001025318051688373, 0.0009030753863044083, 0.0010388732189312577, 0.0009923852048814297, 0.0013024049112573266, 0.0008461613906547427, 0.0009823354193940759, 0.0008294653962366283, 0.0008328811964020133, 0.0008123635197989643, 0.0008293283171951771, 0.0010340462904423475, 0.0008903146954253316, 0.0008184350444935262, 0.0007970492006279528, 0.0008386661065742373, 0.0008533468935638666, 0.0007657756796106696, 0.0007826719665899873, 0.0007806740468367934, 0.0008287510718218982, 0.0010256489040330052, 0.0007767135393805802, 0.0008508551982231438, 0.0007565997657366097, 0.0007844811771064997, 0.0008159202407114208, 0.0027705661486834288, 0.002665876178070903, 0.0026283327024430037, 0.0026397928595542908, 0.0026073174085468054, 0.0025608937721699476, 0.0025617119390517473, 0.0025517635513097048, 0.002597491955384612, 0.0025563796516507864, 0.0025360756553709507, 0.002567288698628545, 0.0028584343381226063]}