{"loss": [0.15719397366046906, 0.041154645383358, 0.036226920783519745, 0.030216431245207787, 0.027864554896950722, 0.02494189701974392, 0.02230960875749588, 0.021293403580784798, 0.020591184496879578, 0.01914684660732746, 0.018608668819069862, 0.01850973442196846, 0.017862875014543533, 0.017527785152196884, 0.017858730629086494, 0.01688789576292038, 0.01668849214911461, 0.01596858724951744, 0.0162491537630558, 0.019177602604031563, 0.01606013998389244, 0.015548483468592167, 0.015517298132181168, 0.015576613135635853, 0.015356975607573986, 0.015160786919295788, 0.015374628826975822, 0.015298116020858288, 0.015215433202683926, 0.015028705820441246, 0.014472665265202522, 0.01445971429347992, 0.01493814680725336, 0.13371744751930237, 0.1643395572900772, 0.07238245755434036, 0.04822991043329239, 0.043434035032987595, 0.027543479576706886, 0.023383697494864464, 0.019801268354058266, 0.017707858234643936, 0.01644662208855152, 0.015459113754332066, 0.015200596302747726, 0.014850402250885963], "mae": [0.021457776427268982, 0.011650915257632732, 0.010899307206273079, 0.010037264786660671, 0.009597869589924812, 0.009108082391321659, 0.008589251898229122, 0.008422198705375195, 0.008308676071465015, 0.00803119782358408, 0.007923801429569721, 0.007885802537202835, 0.007754823192954063, 0.0076676723547279835, 0.007707161363214254, 0.007520535495132208, 0.007470492273569107, 0.007341684773564339, 0.007397088687866926, 0.007955110631883144, 0.00734346080571413, 0.007225876208394766, 0.007263831794261932, 0.007247308734804392, 0.007194172125309706, 0.00714908866211772, 0.007173484656959772, 0.0071835946291685104, 0.007166992407292128, 0.007127548102289438, 0.006992571521550417, 0.006997660733759403, 0.007127825636416674, 0.016927484422922134, 0.024516059085726738, 0.016022758558392525, 0.012839592061936855, 0.012230079621076584, 0.009648256935179234, 0.00893247127532959, 0.008232153952121735, 0.007792203687131405, 0.007492661941796541, 0.0072521246038377285, 0.00719079514965415, 0.007108365185558796], "mse": [0.0009500367450527847, 0.00024624925572425127, 0.00021646088862325996, 0.00018039123096968979, 0.000166661775438115, 0.0001492012379458174, 0.00013379438314586878, 0.0001271888322662562, 0.00012323795817792416, 0.00011482534318929538, 0.00011139621346956119, 0.00011058038217015564, 0.00010640214895829558, 0.00010496921458980069, 0.00010600272798910737, 0.00010055898746941239, 9.932292596204206e-05, 9.547036461299285e-05, 9.705474076326936e-05, 0.00011466229625511914, 9.593512368155643e-05, 9.280660742660984e-05, 9.274977492168546e-05, 9.290146408602595e-05, 9.161007619695738e-05, 9.077598951989785e-05, 9.15009732125327e-05, 9.142616181634367e-05, 9.091940592043102e-05, 8.947582682594657e-05, 8.673434058437124e-05, 8.637920836918056e-05, 8.920054824557155e-05, 0.0008034544298425317, 0.0009898736607283354, 0.000432585715316236, 0.00028854963602498174, 0.00025944309891201556, 0.00016448077803943306, 0.00013950542779639363, 0.00011826139962067828, 0.00010586162534309551, 9.816462261369452e-05, 9.247120033251122e-05, 9.05074120964855e-05, 8.866084681358188e-05], "val_loss": [0.029782375320792198, 0.04754167050123215, 0.030724169686436653, 0.023659581318497658, 0.025869641453027725, 0.020064648240804672, 0.018786372616887093, 0.019272955134510994, 0.01570322923362255, 0.01875651255249977, 0.01741676591336727, 0.01795748434960842, 0.02035435475409031, 0.01520759891718626, 0.016461746767163277, 0.016760388389229774, 0.019670164212584496, 0.01585242711007595, 0.015278409235179424, 0.01565484143793583, 0.015542416833341122, 0.014247382991015911, 0.01384698785841465, 0.014314129948616028, 0.01789887063205242, 0.015710903331637383, 0.013414026238024235, 0.013342832215130329, 0.01534256525337696, 0.013705224730074406, 0.013164945878088474, 0.013777109794318676, 0.01541382446885109, 0.26097187399864197, 0.11034038662910461, 0.049499139189720154, 0.047965262085199356, 0.029576918110251427, 0.02432381547987461, 0.02096063457429409, 0.017811238765716553, 0.016532771289348602, 0.01434388104826212, 0.014405627734959126, 0.016471685841679573, 0.015041399747133255], "val_mae": [0.009954181499779224, 0.013300975784659386, 0.010031810961663723, 0.008898206986486912, 0.00935485027730465, 0.008300583809614182, 0.00790597964078188, 0.007886179722845554, 0.007400992792099714, 0.008257470093667507, 0.007574389223009348, 0.007979001849889755, 0.008290629833936691, 0.007203808985650539, 0.007496707607060671, 0.007402558345347643, 0.008506315760314465, 0.007309933193027973, 0.0071604265831410885, 0.0072945295833051205, 0.007288383319973946, 0.006873607635498047, 0.0069103059358894825, 0.006875786930322647, 0.007849053479731083, 0.007229999173432589, 0.00683258194476366, 0.0067179459147155285, 0.007177646737545729, 0.006969981826841831, 0.006611354649066925, 0.006937908008694649, 0.007178844418376684, 0.030927293002605438, 0.02043653279542923, 0.013249360024929047, 0.012952928431332111, 0.009927320294082165, 0.009003821760416031, 0.008476663380861282, 0.007757192011922598, 0.007732188329100609, 0.00689142057672143, 0.007128123193979263, 0.007837305776774883, 0.0070992871187627316], "val_mse": [0.00017806938558351249, 0.0002850005403161049, 0.00018291147716809064, 0.000141542186611332, 0.00015566905494779348, 0.00012089184747310355, 0.00011237150465603918, 0.00011504594294819981, 9.401781426277012e-05, 0.00011195155821042135, 0.00010430209658807144, 0.00010746101179393008, 0.00012129660171922296, 9.097190923057497e-05, 9.845969907473773e-05, 0.00010022200149251148, 0.0001174251374322921, 9.514221892459318e-05, 9.149990364676341e-05, 9.363297431264073e-05, 9.31311515159905e-05, 8.506747690262273e-05, 8.291004633065313e-05, 8.55331527418457e-05, 0.00010714797826949507, 9.378392132930458e-05, 8.037264342419803e-05, 7.980273949215189e-05, 9.183464135276154e-05, 8.223077020375058e-05, 7.886121602496132e-05, 8.235844143200666e-05, 9.251433948520571e-05, 0.0015768486773595214, 0.0006614815793000162, 0.0002960189594887197, 0.00028710407787002623, 0.00017759863112587482, 0.00014577123511116952, 0.00012546929065138102, 0.00010654940706444904, 9.916983981383964e-05, 8.581377915106714e-05, 8.618966967333108e-05, 9.865526953944936e-05, 8.986420289147645e-05]}