{"loss": [0.2679290175437927, 0.10392983257770538, 0.04918089881539345, 0.03302174061536789, 0.02635481022298336, 0.021662160754203796, 0.016042737290263176, 0.014574279077351093, 0.012915531173348427, 0.01173845212906599, 0.010077111423015594, 0.012108825147151947, 0.008970526978373528, 0.00817475002259016, 0.008820710703730583, 0.008012422360479832, 0.007066520396620035, 0.007287756539881229, 0.00811642687767744, 0.006359342485666275, 0.006671534385532141, 0.006389477290213108, 0.0062865992076694965, 0.005868293344974518, 0.006135266739875078, 0.005684593692421913, 0.005742354318499565, 0.005875983275473118, 0.005488359369337559, 0.005468784365803003, 0.005835618823766708, 0.006164690479636192, 0.005162136163562536, 0.0052470862865448, 0.004972162190824747, 0.005449953023344278, 0.00555286044254899, 0.16888830065727234, 0.045978859066963196, 0.025721607729792595, 0.020012538880109787, 0.01708926260471344, 0.014762701466679573, 0.012154405005276203, 0.011057926341891289, 0.01117138471454382, 0.009261666797101498, 0.009396305307745934, 0.007860026322305202, 0.008220680058002472, 0.00670854514464736, 0.006822856608778238], "mae": [0.02896762080490589, 0.017330016940832138, 0.01200173795223236, 0.009815341793000698, 0.008695095777511597, 0.007884286344051361, 0.006712156347930431, 0.0064241643995046616, 0.006030525080859661, 0.00568354269489646, 0.005333396140486002, 0.005743181332945824, 0.004996307659894228, 0.004811289720237255, 0.004960774909704924, 0.004757690243422985, 0.004471929743885994, 0.004507902078330517, 0.004692169837653637, 0.004217023495584726, 0.004310966469347477, 0.004223000258207321, 0.004184916149824858, 0.0040863738395273685, 0.00410434091463685, 0.003974032588303089, 0.0040131667628884315, 0.004053662531077862, 0.0039040441624820232, 0.003885206300765276, 0.004013645462691784, 0.004072049632668495, 0.003796348813921213, 0.0037990957498550415, 0.0037575133610516787, 0.003888891078531742, 0.003916689660400152, 0.019509846344590187, 0.011613059788942337, 0.008709251880645752, 0.00768157048150897, 0.0070640346966683865, 0.006522099021822214, 0.005933312699198723, 0.0056795463897287846, 0.0056480043567717075, 0.005172044970095158, 0.005160048604011536, 0.004748660605400801, 0.0048318593762815, 0.004414909519255161, 0.004444243386387825], "mse": [0.001458978746086359, 0.0005603244644589722, 0.00026442151283845305, 0.00017723513883538544, 0.00014129260671325028, 0.00011633615213213488, 8.649664232507348e-05, 7.813247066223994e-05, 6.930981908226386e-05, 6.290815508691594e-05, 5.4275180445984006e-05, 6.49862049613148e-05, 4.7988865844672546e-05, 4.409746907185763e-05, 4.7173267375910655e-05, 4.309288488002494e-05, 3.79513185180258e-05, 3.904803452314809e-05, 4.3534961150726303e-05, 3.413384547457099e-05, 3.575542359612882e-05, 3.4210006560897455e-05, 3.3827185689006e-05, 3.1436644349014387e-05, 3.30419497913681e-05, 3.066042700083926e-05, 3.078398003708571e-05, 3.143717913189903e-05, 2.9464950785040855e-05, 2.9306589567568153e-05, 3.137713792966679e-05, 3.314062996651046e-05, 2.7733634851756506e-05, 2.8162663511466235e-05, 2.6757603336591274e-05, 2.9368651667027734e-05, 2.9692719181184657e-05, 0.0009255945915356278, 0.00024728465359658003, 0.00013803575711790472, 0.00010710646165534854, 9.180541383102536e-05, 7.893149449955672e-05, 6.502034375444055e-05, 5.9236368542769924e-05, 5.982599395792931e-05, 4.965400148648769e-05, 5.032766057411209e-05, 4.2074119846802205e-05, 4.4252024963498116e-05, 3.6014695069752634e-05, 3.6607481888495386e-05], "val_loss": [0.17969512939453125, 0.07131532579660416, 0.04040198400616646, 0.028168296441435814, 0.029160073027014732, 0.013446246273815632, 0.014837758615612984, 0.012078235857188702, 0.01416115090250969, 0.01067946758121252, 0.009965157136321068, 0.011381178162992, 0.011288046836853027, 0.00667986273765564, 0.005963725969195366, 0.007676807232201099, 0.006344052962958813, 0.021646322682499886, 0.0056903064250946045, 0.005223896354436874, 0.005458773113787174, 0.006082373205572367, 0.00637933099642396, 0.0048050652258098125, 0.0061640264466404915, 0.004019893705844879, 0.007158790249377489, 0.006193569861352444, 0.006550766061991453, 0.004514268599450588, 0.007566274609416723, 0.0046517206355929375, 0.005909785162657499, 0.004382757004350424, 0.004367840476334095, 0.004562756512314081, 0.00396385695785284, 0.08916975557804108, 0.025807993486523628, 0.021612655371427536, 0.016787080094218254, 0.012679150328040123, 0.010146706365048885, 0.008695753291249275, 0.010337099432945251, 0.008930790238082409, 0.00861510168761015, 0.007140452973544598, 0.007145285606384277, 0.007788857910782099, 0.0055771153420209885, 0.006788501050323248], "val_mae": [0.02355729043483734, 0.014737335965037346, 0.0111955301836133, 0.008945462293922901, 0.009244431741535664, 0.006293599959462881, 0.006523598451167345, 0.006131626199930906, 0.006204906385391951, 0.005699174012988806, 0.005514025688171387, 0.005583315622061491, 0.0058621596544981, 0.004394117742776871, 0.003954736981540918, 0.004825441166758537, 0.004179279785603285, 0.00759804667904973, 0.0038987165316939354, 0.0038461596705019474, 0.003846952226012945, 0.003997162450104952, 0.00415770011022687, 0.003442304441705346, 0.004028620198369026, 0.0031649102456867695, 0.004421141464263201, 0.004115184769034386, 0.004281654022634029, 0.0032707182690501213, 0.004681937862187624, 0.003470406401902437, 0.003993338439613581, 0.0034921139013022184, 0.0033460373524576426, 0.0036200881004333496, 0.0032170009799301624, 0.016157688573002815, 0.008337315171957016, 0.008241022005677223, 0.006815629079937935, 0.005794132128357887, 0.00527002802118659, 0.00474198954179883, 0.005326929967850447, 0.005014369729906321, 0.005184924695640802, 0.004542000126093626, 0.004238494671881199, 0.005059793591499329, 0.003921505529433489, 0.004270362667739391], "val_mse": [0.0009521323372609913, 0.0003769640752580017, 0.00021293909230735153, 0.0001492331939516589, 0.00015387254825327545, 7.066831312840804e-05, 7.814889249857515e-05, 6.349996692733839e-05, 7.44794961065054e-05, 5.61389715585392e-05, 5.223862535785884e-05, 5.986426185700111e-05, 5.941866402281448e-05, 3.503736661514267e-05, 3.131182165816426e-05, 4.043790977448225e-05, 3.337311136419885e-05, 0.00011369819549145177, 2.9906039344496094e-05, 2.7529167709872127e-05, 2.8722603019559756e-05, 3.2126707083079964e-05, 3.3489075576653704e-05, 2.5327775801997632e-05, 3.2471969461767e-05, 2.106685315084178e-05, 3.740079773706384e-05, 3.2643089070916176e-05, 3.4515775041654706e-05, 2.364439751545433e-05, 3.9605129131814465e-05, 2.4443968868581578e-05, 3.122532507404685e-05, 2.2979509594733827e-05, 2.3065947971190326e-05, 2.3989417968550697e-05, 2.088715336867608e-05, 0.00047127052675932646, 0.00013635102368425578, 0.0001139432133641094, 8.823694952297956e-05, 6.679787475150079e-05, 5.334410525392741e-05, 4.568225995171815e-05, 5.4409552831202745e-05, 4.701724537881091e-05, 4.510629514697939e-05, 3.749062307178974e-05, 3.7420879380078986e-05, 4.0868450014386326e-05, 2.9330240067793056e-05, 3.560366531019099e-05]}