{"loss": [0.5966801047325134, 0.30143097043037415, 0.22590117156505585, 0.20207007229328156, 0.19109249114990234, 0.18078768253326416, 0.17531216144561768, 0.17118871212005615, 0.16960495710372925, 0.16657748818397522, 0.16321629285812378, 0.16072936356067657, 0.15981771051883698, 0.1582799255847931, 0.155323326587677, 0.1536390781402588, 0.15434779226779938, 0.15285058319568634, 0.1508309245109558, 0.151986226439476, 0.14964835345745087, 0.14861156046390533, 0.14880196750164032, 0.14721760153770447, 0.14758843183517456, 0.14660941064357758, 0.14518631994724274, 0.22183486819267273, 0.16490502655506134, 0.15602529048919678, 0.15092404186725616, 0.15085619688034058, 0.14952871203422546, 0.14656499028205872, 0.1465304046869278, 0.14557750523090363, 0.2958392798900604, 0.6386020183563232, 0.6247236132621765, 0.5644518733024597, 0.5305579304695129], "mae": [0.07111378014087677, 0.04787053167819977, 0.04054541885852814, 0.03809383884072304, 0.037021081894636154, 0.03591546416282654, 0.03545913100242615, 0.03493943437933922, 0.03466571867465973, 0.03431042283773422, 0.033976390957832336, 0.03383013606071472, 0.03360795974731445, 0.033434052020311356, 0.033090740442276, 0.03293415531516075, 0.03304983302950859, 0.032838620245456696, 0.03256040811538696, 0.03271633759140968, 0.032504647970199585, 0.03241771459579468, 0.03248286247253418, 0.03226502612233162, 0.032332226634025574, 0.032215528190135956, 0.032025959342718124, 0.03974868357181549, 0.03437716141343117, 0.03335803747177124, 0.03283343464136124, 0.03272261843085289, 0.03249095752835274, 0.03228127956390381, 0.03223518282175064, 0.032044731080532074, 0.04309886321425438, 0.07453269511461258, 0.07363317906856537, 0.06964709609746933, 0.06695113331079483], "mse": [0.008266639895737171, 0.0041555617935955524, 0.003114216262474656, 0.0027742693200707436, 0.0026283697225153446, 0.002489495323970914, 0.002412104280665517, 0.002355176955461502, 0.002322361571714282, 0.002284865826368332, 0.0022425081115216017, 0.0022073830477893353, 0.00219142297282815, 0.0021738791838288307, 0.0021338127553462982, 0.0021106235217303038, 0.0021232222206890583, 0.0020961551927030087, 0.0020694660488516092, 0.0020857995841652155, 0.002056743483990431, 0.0020377810578793287, 0.0020440942607820034, 0.002024760702624917, 0.0020241362508386374, 0.002014951314777136, 0.0019888856913894415, 0.0030465731397271156, 0.0022671171464025974, 0.0021446647588163614, 0.0020725547801703215, 0.002066606655716896, 0.002049060072749853, 0.002009615069255233, 0.0020102669950574636, 0.0020019274670630693, 0.0040245275013148785, 0.008818463422358036, 0.008648931048810482, 0.007807168643921614, 0.007338318508118391], "val_loss": [0.3741135001182556, 0.30561015009880066, 0.20703135430812836, 0.19368688762187958, 0.2251218557357788, 0.18222936987876892, 0.1625378280878067, 0.1660626381635666, 0.1789158135652542, 0.17589916288852692, 0.15839894115924835, 0.16516079008579254, 0.15401193499565125, 0.16510793566703796, 0.15533532202243805, 0.14732469618320465, 0.1500478982925415, 0.15107804536819458, 0.15363579988479614, 0.17051194608211517, 0.15335488319396973, 0.14581045508384705, 0.14669665694236755, 0.14665070176124573, 0.14558853209018707, 0.1422872543334961, 0.15880092978477478, 0.20723560452461243, 0.1582486629486084, 0.14922749996185303, 0.14887960255146027, 0.14469459652900696, 0.14828436076641083, 0.14597763121128082, 0.15405309200286865, 0.14828673005104065, 0.6693931818008423, 0.6742780804634094, 0.5688991546630859, 0.5410879850387573, 0.5083221197128296], "val_mae": [0.05506888031959534, 0.047607824206352234, 0.03806786984205246, 0.037804294377565384, 0.03921980410814285, 0.03677364066243172, 0.03371601179242134, 0.034693434834480286, 0.035324323922395706, 0.03476153314113617, 0.033221375197172165, 0.03377755731344223, 0.03254541754722595, 0.03390563279390335, 0.0329722985625267, 0.032008640468120575, 0.03240923583507538, 0.03228883817791939, 0.03264817222952843, 0.033975277096033096, 0.03268783167004585, 0.03210879862308502, 0.03149326518177986, 0.03188342601060867, 0.031698212027549744, 0.03154587373137474, 0.03264661878347397, 0.0394616462290287, 0.03351554274559021, 0.03231789171695709, 0.032281581312417984, 0.03216107562184334, 0.03223447874188423, 0.0322200208902359, 0.03309214115142822, 0.03253177925944328, 0.07622889429330826, 0.07520722597837448, 0.06999936699867249, 0.06806084513664246, 0.06508203595876694], "val_mse": [0.005168794188648462, 0.004208837170153856, 0.0028429299127310514, 0.002658599754795432, 0.0031004007905721664, 0.002489393576979637, 0.002226388780400157, 0.002271210076287389, 0.0024438309483230114, 0.0024036895483732224, 0.0021681389771401882, 0.002254174556583166, 0.0021077424753457308, 0.00225831032730639, 0.0021238953340798616, 0.002013236517086625, 0.0020477501675486565, 0.0020592024084180593, 0.002101220889016986, 0.0023391779977828264, 0.0020935977809131145, 0.001992244739085436, 0.002003279747441411, 0.0020011570304632187, 0.001996885519474745, 0.0019451865227892995, 0.002165940124541521, 0.002833785954862833, 0.0021592469420284033, 0.002039159182459116, 0.0020331810228526592, 0.001979651628062129, 0.002023239154368639, 0.00199856236577034, 0.002106038387864828, 0.0020239688456058502, 0.009230438619852066, 0.009299570694565773, 0.007830701768398285, 0.007448085583746433, 0.006988048553466797]}