{"sampleRate": 44100, "chunkSize": 88, "trainNvalSize": 74862, "lstmUnits": 96, "learningRate": 0.01, "epochs": 100, "patience": 15, "batchSize": 64, "shuffle": true, "randomState": 25, "trainTime": 489.52379274368286, "gain": "High", "testing": 0.028830986469984055}