{"loss": [0.33389124274253845, 0.16647085547447205, 0.137929305434227, 0.13108456134796143, 0.12416968494653702, 0.11962783336639404, 0.10989446938037872, 0.09730960428714752, 0.08672917634248734, 0.0770280584692955, 0.06769100576639175, 0.06010395660996437, 0.054059386253356934, 0.04844020679593086, 0.042515579611063004, 0.03823574632406235, 0.034407127648591995, 0.03097570687532425, 0.02840195968747139, 0.026103045791387558, 0.02450007200241089, 0.022926848381757736, 0.021514570340514183, 0.020415499806404114, 0.01951812021434307, 0.0186493881046772, 0.017618240788578987, 0.0173812173306942, 0.01643986813724041, 0.016407035291194916, 0.015440239571034908, 0.014934737235307693, 0.014553065411746502, 0.014145012944936752, 0.013897460885345936, 0.013427183032035828, 0.013106854632496834, 0.013070501387119293, 0.012796475552022457, 0.012283122166991234, 0.012234725058078766, 0.01203057263046503, 0.011851651594042778, 0.011718157678842545, 0.011670034378767014, 0.011408249847590923, 0.011287422850728035, 0.011282549239695072, 0.0109873590990901, 0.010926958173513412, 0.010815542191267014, 0.010844800621271133, 0.010586323216557503, 0.01065863762050867, 0.010534257628023624, 0.010520156472921371, 0.010391744785010815, 0.010313925333321095, 0.010251373052597046, 0.010147202759981155, 0.010184984654188156, 0.009988347999751568, 0.009957550093531609, 0.01004913728684187, 0.009904618375003338, 0.00996484886854887, 0.009714541025459766, 0.009647157043218613, 0.009706387296319008, 0.009578827768564224, 0.009439906105399132, 0.009755844250321388, 0.009400874376296997, 0.00969507172703743, 0.009470973163843155, 0.009507638402283192, 0.009432855062186718, 0.009382306598126888, 0.009342542849481106, 0.009323165751993656, 0.009231925942003727, 0.009233680553734303, 0.009357418864965439, 0.00912152323871851, 0.00905286893248558, 0.008963178843259811, 0.009176664054393768, 0.008976215496659279, 0.00904007162898779, 0.008948247879743576, 0.00887456163764, 0.008973325602710247, 0.00887596420943737, 0.008821736089885235, 0.008895755745470524, 0.008767586201429367, 0.008752649649977684, 0.008799857459962368, 0.008722903206944466, 0.00864640437066555], "mae": [0.02266334928572178, 0.01618194580078125, 0.014594225212931633, 0.014110946096479893, 0.01369949895888567, 0.013344507664442062, 0.012758645229041576, 0.011819298379123211, 0.011083030141890049, 0.010318564251065254, 0.009622658602893353, 0.008920622058212757, 0.008472604677081108, 0.008006185293197632, 0.007536697201430798, 0.0071101114153862, 0.006784162018448114, 0.006468495819717646, 0.006213997956365347, 0.005972305312752724, 0.00578360864892602, 0.005622483789920807, 0.005476781632751226, 0.005347398575395346, 0.005237373057752848, 0.005137643311172724, 0.004992295987904072, 0.005025789607316256, 0.004815476946532726, 0.0048182192258536816, 0.004723755177110434, 0.004647623281925917, 0.004612996708601713, 0.004548369441181421, 0.004513562191277742, 0.004412953741848469, 0.004379036370664835, 0.004390263929963112, 0.004363314714282751, 0.0042286766692996025, 0.004265813156962395, 0.004231580067425966, 0.00418460788205266, 0.004178391303867102, 0.004167576320469379, 0.0040967874228954315, 0.004112484399229288, 0.004126008599996567, 0.00405338779091835, 0.004045500420033932, 0.004045709036290646, 0.004041010048240423, 0.004001921974122524, 0.003993016202002764, 0.003982088062912226, 0.003953831735998392, 0.003947368822991848, 0.003939029760658741, 0.003925462253391743, 0.0039045207668095827, 0.003945107106119394, 0.0038675619289278984, 0.003877375740557909, 0.0038825401570647955, 0.0038626028690487146, 0.003860379569232464, 0.0038218784611672163, 0.0038007593248039484, 0.003838062984868884, 0.003802908817306161, 0.003754821140319109, 0.0038318128790706396, 0.003756946185603738, 0.003822699887678027, 0.003777348203584552, 0.0037769158370792866, 0.0037595268804579973, 0.0037762366700917482, 0.0037617222405970097, 0.0037481721956282854, 0.003733105957508087, 0.003726213239133358, 0.003744936315342784, 0.0037299832329154015, 0.0036892720963805914, 0.0036767232231795788, 0.003725905204191804, 0.0036698090843856335, 0.0037106501404196024, 0.0036718910560011864, 0.003655441803857684, 0.0036868383176624775, 0.0036576634738594294, 0.0036555351689457893, 0.0036701045464724302, 0.0036639031022787094, 0.0036170403473079205, 0.00363594270311296, 0.003623646218329668, 0.00360384420491755], "mse": [0.0011453593615442514, 0.0005687920493073761, 0.000471749110147357, 0.00044629324111156166, 0.00042342598317191005, 0.00040473061380907893, 0.00037401457666419446, 0.0003295697388239205, 0.00029321445617824793, 0.0002610974188428372, 0.0002310321433469653, 0.00020408447016961873, 0.0001825460058171302, 0.00016312181833200157, 0.00014450533490162343, 0.0001283980964217335, 0.00011579773126868531, 0.0001043603551806882, 9.533949196338654e-05, 8.784880628809333e-05, 8.206749043893069e-05, 7.676898530917242e-05, 7.218734390335158e-05, 6.823949661338702e-05, 6.502091855509207e-05, 6.216544716153294e-05, 5.885737482458353e-05, 5.790842624264769e-05, 5.473367855302058e-05, 5.369848804548383e-05, 5.163578680367209e-05, 4.995341078029014e-05, 4.858167085330933e-05, 4.737883136840537e-05, 4.6126886445563287e-05, 4.454320151126012e-05, 4.3547592213144526e-05, 4.304571120883338e-05, 4.247333708917722e-05, 4.079694554093294e-05, 4.061135769006796e-05, 4.001750858151354e-05, 3.926404315279797e-05, 3.8843441870994866e-05, 3.860135257127695e-05, 3.779758117161691e-05, 3.7531612179009244e-05, 3.753879718715325e-05, 3.6525259929476306e-05, 3.636454130173661e-05, 3.601927892304957e-05, 3.587200626498088e-05, 3.53868817910552e-05, 3.5274184483569115e-05, 3.505976565065794e-05, 3.4807024348992854e-05, 3.45026892318856e-05, 3.4185173717560247e-05, 3.4025160857709125e-05, 3.375296728336252e-05, 3.392345388419926e-05, 3.3242609788430855e-05, 3.316708898637444e-05, 3.317295340821147e-05, 3.290075619588606e-05, 3.2857969927135855e-05, 3.22314263030421e-05, 3.2027146517066285e-05, 3.228419882361777e-05, 3.197982732672244e-05, 3.150941847707145e-05, 3.2060044759418815e-05, 3.132483107037842e-05, 3.1905834475765005e-05, 3.126576848444529e-05, 3.142067726003006e-05, 3.1121620850171894e-05, 3.1042523914948106e-05, 3.09559800371062e-05, 3.081887189182453e-05, 3.0534647521562874e-05, 3.054200715268962e-05, 3.063261465285905e-05, 3.0225890441215597e-05, 3.006554652529303e-05, 2.984154889418278e-05, 3.029808976862114e-05, 2.972506990772672e-05, 2.9942031687824056e-05, 2.969680463138502e-05, 2.942896753665991e-05, 2.965623752970714e-05, 2.9286225981195457e-05, 2.9145408916519955e-05, 2.9372597055044025e-05, 2.916176526923664e-05, 2.8868849767604843e-05, 2.9005135729676113e-05, 2.879530075006187e-05, 2.85192763840314e-05],