{"loss": [0.43995583057403564, 0.27395907044410706, 0.23267053067684174, 0.218475803732872, 0.2037532478570938, 0.1846969723701477, 0.1680256575345993, 0.15249384939670563, 0.1354609727859497, 0.12102121114730835, 0.1084587574005127, 0.09665980190038681, 0.08694971352815628, 0.0771491676568985, 0.07011955231428146, 0.06359031051397324, 0.05795476213097572, 0.05486944317817688, 0.04969528689980507, 0.04667065292596817, 0.04289853572845459, 0.0395452044904232, 0.037234555929899216, 0.03502296283841133, 0.032871343195438385, 0.031171750277280807, 0.02957708202302456, 0.028356853872537613, 0.02745111845433712, 0.026500511914491653, 0.02569991536438465, 0.025049543008208275, 0.024089742451906204, 0.02353237196803093, 0.023043988272547722, 0.02224995568394661, 0.021823344752192497, 0.02137337252497673, 0.0210396870970726, 0.020436638966202736, 0.0204628799110651, 0.020063728094100952, 0.01964801549911499, 0.019389024004340172, 0.019153842702507973, 0.01879189722239971, 0.018711213022470474, 0.01856028102338314, 0.01825875975191593, 0.018060222268104553, 0.017882710322737694, 0.01744138076901436, 0.01744876615703106, 0.01735234633088112, 0.017092276364564896, 0.016954617574810982, 0.016716616228222847, 0.016633925959467888, 0.016697417944669724, 0.016565298661589622, 0.016148727387189865, 0.016147397458553314, 0.01593615859746933, 0.015947138890624046, 0.015748435631394386, 0.015541907399892807, 0.015563801862299442, 0.015380014665424824, 0.015395461581647396, 0.015139513649046421, 0.01530925277620554, 0.015120122581720352, 0.015067461878061295, 0.01503890659660101, 0.014837747439742088, 0.014678528532385826, 0.014754554256796837, 0.014626585878431797, 0.014493574388325214, 0.014424889348447323, 0.01431836374104023, 0.014187421649694443, 0.014252748340368271, 0.01419154554605484, 0.014234703965485096, 0.013997175730764866, 0.013905033469200134, 0.013964314013719559, 0.01384404394775629, 0.013681668788194656, 0.013683024793863297, 0.013694113120436668, 0.013471306301653385, 0.013415544293820858, 0.01350823137909174, 0.01334473118185997, 0.013398396782577038, 0.013317781500518322, 0.013241911306977272, 0.013353360816836357], "mae": [0.037761140614748, 0.029764076694846153, 0.027003807947039604, 0.026078112423419952, 0.02507023885846138, 0.02378067746758461, 0.022459791973233223, 0.021264832466840744, 0.019858041778206825, 0.01862410455942154, 0.017596036195755005, 0.016558082774281502, 0.015635371208190918, 0.0146882189437747, 0.014015133492648602, 0.01332832407206297, 0.012730478309094906, 0.01237874198704958, 0.01179109513759613, 0.011419307440519333, 0.010951166972517967, 0.010569288395345211, 0.010242436081171036, 0.009984711185097694, 0.009640481323003769, 0.009395833127200603, 0.00918771792203188, 0.008989706635475159, 0.008848666213452816, 0.008721827529370785, 0.00858176127076149, 0.008512155152857304, 0.008326491340994835, 0.008224815130233765, 0.008156758733093739, 0.007953348569571972, 0.007944315671920776, 0.007829447276890278, 0.0077882432378828526, 0.0076784840784966946, 0.007689697667956352, 0.007617950905114412, 0.007519493345171213, 0.007480710279196501, 0.007457777392119169, 0.0073562925681471825, 0.007381929084658623, 0.00733798835426569, 0.007255383767187595, 0.0072000701911747456, 0.0071799419820308685, 0.0070822532288730145, 0.007094710133969784, 0.007088174112141132, 0.00700802356004715, 0.006997918710112572, 0.006941124331206083, 0.006921625696122646, 0.00694413622841239, 0.006939633283764124, 0.006830243393778801, 0.006861215922981501, 0.006789615843445063, 0.006794546730816364, 0.006770826876163483, 0.006701968144625425, 0.006721563171595335, 0.006691041402518749, 0.006709211505949497, 0.006606559734791517, 0.006665235385298729, 0.0066359564661979675, 0.006626004818826914, 0.006592253223061562, 0.006566676311194897, 0.006523394025862217, 0.0065360465086996555, 0.006508940365165472, 0.006470898166298866, 0.006454541347920895, 0.0064418623223900795, 0.006385107059031725, 0.0064165773801505566, 0.006383834406733513, 0.006385187618434429, 0.0063680182211101055, 0.006337068509310484, 0.0063664051704108715, 0.0063071465119719505, 0.006269142031669617, 0.006281646899878979, 0.006250577047467232, 0.006252143066376448, 0.0062334262765944, 0.0062485127709805965, 0.006191611289978027, 0.006203849799931049, 0.006206396035850048, 0.006172217428684235, 0.006230627186596394], "mse": [0.0023844365496188402, 0.0014873597538098693, 0.0012611558195203543, 0.0011819342616945505, 0.0011000587837770581, 0.0009965349454432726, 0.0009042453020811081, 0.0008215015404857695, 0.0007299351273104548, 0.0006511276005767286, 0.0005849770386703312, 0.0005212716059759259, 0.00046724360436201096, 0.00041529920417815447, 0.00037717598024755716, 0.0003419475688133389, 0.00031050690449774265, 0.0002949662448372692, 0.0002660525788087398, 0.0002498331305105239, 0.0002297795144841075, 0.00021242155344225466, 0.00019894000433851033, 0.00018787024600896984, 0.00017563719302415848, 0.00016611770843155682, 0.00015829643234610558, 0.00015154347056522965, 0.00014663963520433754, 0.00014185394684318453, 0.0001373272098135203, 0.00013401942851487547, 0.0001289452047785744, 0.00012547301594167948, 0.00012316742504481226, 0.00011877396900672466, 0.00011710367107298225, 0.00011414611071813852, 0.00011251527757849544, 0.00010953492892440408, 0.00010934855527011678, 0.00010704240412451327, 0.00010486142855370417, 0.00010350913362344727, 0.00010253250366076827, 0.0001001358323264867, 0.00010007897071773186, 9.913281246554106e-05, 9.737106302054599e-05, 9.628324914956465e-05, 9.543956548441201e-05, 9.312845213571563e-05, 9.313844930147752e-05, 9.275483171222731e-05, 9.112948464462534e-05, 9.052810491994023e-05, 8.95533012226224e-05, 8.87861751834862e-05, 8.897043881006539e-05, 8.856331260176376e-05, 8.62541637616232e-05, 8.658791921334341e-05, 8.510917541570961e-05, 8.51685181260109e-05, 8.42961308080703e-05, 8.301896014017984e-05, 8.315199374919757e-05, 8.251155668403953e-05, 8.256684668594971e-05, 8.075576624833047e-05, 8.175148104783148e-05, 8.092520874924958e-05, 8.049858297454193e-05, 7.998364162631333e-05, 7.92276332504116e-05, 7.8492725151591e-05, 7.882947829784825e-05, 7.802394247846678e-05, 7.733443635515869e-05, 7.682558498345315e-05, 7.651613123016432e-05, 7.57127781980671e-05, 7.617707888130099e-05, 7.571947207907215e-05, 7.565999840153381e-05, 7.502755033783615e-05, 7.440815534209833e-05, 7.455122249666601e-05, 7.393700070679188e-05, 7.286554318852723e-05, 7.323861063923687e-05, 7.278579869307578e-05, 7.227772584883496e-05, 7.184214337030426e-05, 7.211592310341075e-05, 7.12172404746525e-05, 7.128974539227784e-05, 7.119908696040511e-05, 7.07265644450672e-05, 7.127509888960049e-05],