{"sampleRate": 44100, "chunkSize": 88, "trainNvalSize": 74862, "lstmUnits": 64, "learningRate": 0.0001, "epochs": 100, "patience": 15, "batchSize": 64, "shuffle": true, "randomState": 25, "trainTime": 810.1227030754089, "gain": "Mid", "testing": 0.0354609452188015}