{"loss": [0.25062766671180725, 0.08652476966381073, 0.04059004783630371, 0.027852904051542282, 0.026488671079277992, 0.020232822746038437, 0.016044314950704575, 0.013403087854385376, 0.012107050977647305, 0.010658511891961098, 0.009685399010777473, 0.009364617988467216, 0.008328652940690517, 0.008153379894793034, 0.00795179232954979, 0.006713634356856346, 0.006888285279273987, 0.006276686210185289, 0.0063438983634114265, 0.00591887766495347, 0.005980394780635834, 0.0053531634621322155, 0.006716877222061157, 0.005015817005187273, 0.005412491504102945, 0.005319918971508741, 0.006697882432490587, 0.004657771438360214, 0.0050126551650464535, 0.004743811674416065, 0.004801880102604628, 0.004462468437850475, 0.005276398733258247, 0.004244036972522736, 0.004298223648220301, 0.00415788684040308, 0.0049424972385168076, 0.004177063703536987, 0.004142546560615301, 0.003995453007519245], "mae": [0.02787134423851967, 0.015740253031253815, 0.010814870707690716, 0.008954203687608242, 0.008758211508393288, 0.0076479241251945496, 0.006770975422114134, 0.006124071776866913, 0.005817932076752186, 0.005480719264596701, 0.0052136583253741264, 0.005115584935992956, 0.004834129009395838, 0.00477550458163023, 0.004657661076635122, 0.004363635554909706, 0.004392349161207676, 0.004191300831735134, 0.004231468308717012, 0.004041804000735283, 0.00409984914585948, 0.0038468455895781517, 0.004252325277775526, 0.003768034977838397, 0.003863458288833499, 0.00382924429140985, 0.004171357024461031, 0.0036342786625027657, 0.003767594462260604, 0.0036298707127571106, 0.0036654749419540167, 0.0035692036617547274, 0.003792806761339307, 0.0034599669743329287, 0.003484626766294241, 0.0034443209879100323, 0.003679105546325445, 0.0034739538095891476, 0.0034439500886946917, 0.003350286278873682], "mse": [0.0013629937311634421, 0.0004677917459048331, 0.00021888702758587897, 0.00014975138765294105, 0.0001428467221558094, 0.00010912478319369256, 8.673205593368039e-05, 7.20615207683295e-05, 6.509378727059811e-05, 5.736261300626211e-05, 5.220952516538091e-05, 5.043750934419222e-05, 4.4882781367050484e-05, 4.380269456305541e-05, 4.251725476933643e-05, 3.611100328271277e-05, 3.704584378283471e-05, 3.373553045094013e-05, 3.4296019293833524e-05, 3.180002386216074e-05, 3.223317617084831e-05, 2.897540070989635e-05, 3.6290377465775236e-05, 2.6957553927786648e-05, 2.9012549930484965e-05, 2.8564125386765227e-05, 3.598393959691748e-05, 2.5011057005031034e-05, 2.6991287086275406e-05, 2.540802779549267e-05, 2.5844396077445708e-05, 2.402772952336818e-05, 2.847575888154097e-05, 2.2889053070684895e-05, 2.3279151719179936e-05, 2.2473135686595924e-05, 2.6571717171464115e-05, 2.2553767848876305e-05, 2.225526623078622e-05, 2.1509977159439586e-05], "val_loss": [0.15263985097408295, 0.05153276398777962, 0.027289370074868202, 0.023812079802155495, 0.023471228778362274, 0.015817830339074135, 0.013041850179433823, 0.01310668420046568, 0.011149260215461254, 0.006605053320527077, 0.0058819688856601715, 0.011266163550317287, 0.007052938919514418, 0.008954827673733234, 0.013138850219547749, 0.006085706874728203, 0.006968163885176182, 0.006324557587504387, 0.007397796493023634, 0.004167712293565273, 0.00527036702260375, 0.007036501541733742, 0.004309062380343676, 0.005363828036934137, 0.0034005343914031982, 0.00461746146902442, 0.005661943461745977, 0.005612649954855442, 0.004432499874383211, 0.004692132119089365, 0.0043989927507936954, 0.004732946865260601, 0.004170708823949099, 0.01112755574285984, 0.0043961601331830025, 0.00653447862714529, 0.003532063215970993, 0.0037252309266477823, 0.0034396047703921795, 0.0039016345981508493], "val_mae": [0.020863594487309456, 0.012734415009617805, 0.008613585494458675, 0.008019723929464817, 0.00882093794643879, 0.0069368877448141575, 0.006312443874776363, 0.005995935760438442, 0.00546647422015667, 0.004320906475186348, 0.00402064248919487, 0.005765355657786131, 0.00441391859203577, 0.005148239899426699, 0.005771981086581945, 0.004107636399567127, 0.004650808870792389, 0.004298732616007328, 0.004456849303096533, 0.0032660614233464003, 0.0038132937625050545, 0.004586901981383562, 0.003407131414860487, 0.00400413665920496, 0.002999955555424094, 0.003489735070616007, 0.003949770703911781, 0.004083246923983097, 0.003671218641102314, 0.003574707079678774, 0.0036562413442879915, 0.003519409568980336, 0.003289941931143403, 0.005629313178360462, 0.0036578781437128782, 0.004377258941531181, 0.0029555996879935265, 0.00325483875349164, 0.0029767840169370174, 0.003324702149257064], "val_mse": [0.0008291289559565485, 0.000278048450127244, 0.00014713392010889947, 0.0001280801516259089, 0.0001255663955816999, 8.516877278452739e-05, 7.03929690644145e-05, 7.072176231304184e-05, 5.9845231589861214e-05, 3.550617111613974e-05, 3.1612409657100216e-05, 6.053816468920559e-05, 3.814796946244314e-05, 4.7995123168220744e-05, 7.038775220280513e-05, 3.2786880183266476e-05, 3.753717464860529e-05, 3.393398583284579e-05, 3.955495049012825e-05, 2.242857954115607e-05, 2.8260887120268308e-05, 3.7726051232311875e-05, 2.3139042241382413e-05, 2.8852356990682893e-05, 1.8333161278860644e-05, 2.484318429196719e-05, 3.0432958737947047e-05, 3.030711377505213e-05, 2.37647291214671e-05, 2.518960172892548e-05, 2.3815820895833895e-05, 2.5495048248558305e-05, 2.2471627744380385e-05, 5.933367719990201e-05, 2.383345054113306e-05, 3.5188724723411724e-05, 1.912905281642452e-05, 2.005653914238792e-05, 1.8580560208647512e-05, 2.1053436285001226e-05]}