{"sampleRate": 44100, "context": 396, "trainNvalSize": 75000, "lstmUnits": 64, "learningRate": 0.001, "epochs": 100, "patience": 15, "batchSize": 64, "shuffle": true, "randomState": 25, "trainTime": 796.2770857810974, "gain": "Mid", "testESR": 0.01940375380218029}