{"loss": [0.6149892807006836, 0.3028310239315033, 0.22007465362548828, 0.19789396226406097, 0.18854787945747375, 0.18275663256645203, 0.1761704981327057, 0.17023669183254242, 0.16972190141677856, 0.16411307454109192, 0.16252946853637695, 0.1601390242576599, 0.15593837201595306, 0.1559472531080246, 0.15594296157360077, 0.15381267666816711, 0.15175408124923706, 0.15112273395061493, 0.15000522136688232, 0.15177026391029358, 0.14850711822509766, 0.16969414055347443, 0.8701215386390686, 1.0383707284927368, 1.0329186916351318, 1.0056296586990356, 1.0055217742919922, 1.0073201656341553, 0.9906676411628723, 0.9946020245552063, 1.0278736352920532], "mae": [0.07250623404979706, 0.04808128625154495, 0.03993876650929451, 0.03765638545155525, 0.03666156157851219, 0.03604062646627426, 0.03546714410185814, 0.03485656529664993, 0.034749045968055725, 0.03410595282912254, 0.03397918865084648, 0.033749859780073166, 0.03320169076323509, 0.03327374532818794, 0.0332343764603138, 0.033019423484802246, 0.03281513974070549, 0.032844606786966324, 0.03262273594737053, 0.03277692571282387, 0.03243551030755043, 0.0340307280421257, 0.0793650671839714, 0.09973324835300446, 0.09970438480377197, 0.09886250644922256, 0.09887918829917908, 0.09882089495658875, 0.09793969243764877, 0.0979476124048233, 0.0994432345032692], "mse": [0.008518771268427372, 0.004174942150712013, 0.0030254328157752752, 0.0027232691645622253, 0.0025888741947710514, 0.002510200487449765, 0.0024207031819969416, 0.002346563618630171, 0.002327567432075739, 0.002252522623166442, 0.002228935481980443, 0.002195363398641348, 0.002143866615369916, 0.0021426579914987087, 0.0021367338486015797, 0.0021112337708473206, 0.0020841285586357117, 0.0020784372463822365, 0.0020526587031781673, 0.0020806340035051107, 0.002044974360615015, 0.002330155111849308, 0.012089497409760952, 0.014392328448593616, 0.01431643683463335, 0.013944991864264011, 0.013944675214588642, 0.013960177078843117, 0.013728230260312557, 0.013787731528282166, 0.01425434835255146], "val_loss": [0.35380133986473083, 0.22976964712142944, 0.19025872647762299, 0.1870397925376892, 0.18507209420204163, 0.17465290427207947, 0.20431925356388092, 0.163167342543602, 0.16201157867908478, 0.16124452650547028, 0.17180906236171722, 0.15558771789073944, 0.1557014286518097, 0.17350243031978607, 0.15331341326236725, 0.14879575371742249, 0.14981387555599213, 0.16733141243457794, 0.15309223532676697, 0.1537732481956482, 0.15269792079925537, 0.6066692471504211, 1.0213474035263062, 0.9924432039260864, 0.9812451601028442, 0.9925892353057861, 0.9995819926261902, 0.9804345369338989, 0.9796633720397949, 0.9924538731575012, 0.9857161641120911], "val_mae": [0.05356999859213829, 0.04115673527121544, 0.03773981332778931, 0.03647290915250778, 0.03610866889357567, 0.035346269607543945, 0.03742855042219162, 0.034213680773973465, 0.033255331218242645, 0.0336538627743721, 0.035674434155225754, 0.03329818323254585, 0.03297414630651474, 0.03568800166249275, 0.032840654253959656, 0.03203124552965164, 0.03231782093644142, 0.034394484013319016, 0.033235251903533936, 0.03364067152142525, 0.032574888318777084, 0.07077879458665848, 0.09902945905923843, 0.09774918109178543, 0.09777145087718964, 0.09806807339191437, 0.09834086149930954, 0.09718386828899384, 0.09733269363641739, 0.09759300947189331, 0.09762841463088989], "val_mse": [0.00486041558906436, 0.0031430330127477646, 0.0026076631620526314, 0.002554232021793723, 0.0025298893451690674, 0.00238354061730206, 0.0027954415418207645, 0.0022366587072610855, 0.00221279077231884, 0.0022006912622600794, 0.0023518824018538, 0.0021324530243873596, 0.002125801984220743, 0.0023623211309313774, 0.0020990902557969093, 0.0020374057348817587, 0.0020445415284484625, 0.0022775614634156227, 0.002094267401844263, 0.0021079997532069683, 0.002084816573187709, 0.00836565624922514, 0.01410538051277399, 0.013716178946197033, 0.013576166704297066, 0.013727283105254173, 0.013814868405461311, 0.01355517003685236, 0.013539403676986694, 0.013718316331505775, 0.013629933819174767]}