{"loss": [0.5824955701828003, 0.28402024507522583, 0.21051791310310364, 0.18784603476524353, 0.17335961759090424, 0.168114572763443, 0.15908245742321014, 0.15702924132347107, 0.15182791650295258, 0.3899320960044861, 0.3938668668270111, 0.2258147895336151, 0.19173558056354523, 0.18060031533241272, 0.1797780841588974, 0.16398926079273224, 0.16600506007671356, 0.16482827067375183, 0.15626360476016998, 0.15493202209472656, 0.15454904735088348, 0.1513146609067917, 0.1473359912633896, 0.15036556124687195, 0.14539708197116852, 0.14514000713825226, 0.14226952195167542, 0.1421211212873459, 0.13788624107837677, 0.13804344832897186, 0.13717594742774963, 0.13479970395565033, 0.135220006108284, 0.13454538583755493, 0.13413909077644348, 0.13178782165050507, 0.13080930709838867, 0.13011665642261505, 0.13042213022708893, 0.12893761694431305, 0.1293000876903534, 0.1268993616104126, 0.12817487120628357, 0.12676021456718445, 0.12524428963661194, 0.12497295439243317, 0.12627124786376953, 0.12454596161842346, 0.1253277212381363, 0.12403542548418045, 0.12438923120498657, 0.12358347326517105, 0.12052103132009506, 0.43857505917549133, 0.42505690455436707, 0.41346821188926697, 0.49916788935661316, 0.44364282488822937, 0.37977710366249084, 0.3576337695121765, 0.3465380072593689, 0.3428232967853546, 0.34149906039237976, 0.3358875513076782, 0.33352917432785034, 0.3332591652870178, 0.332404226064682], "mae": [0.06995749473571777, 0.04607319086790085, 0.0386483408510685, 0.03625715151429176, 0.03488175570964813, 0.034226156771183014, 0.03327460587024689, 0.03305807709693909, 0.03243516385555267, 0.05146024748682976, 0.055399514734745026, 0.04051094129681587, 0.03696291893720627, 0.03586971387267113, 0.03548385947942734, 0.034000128507614136, 0.03419574722647667, 0.034104544669389725, 0.03313739597797394, 0.03288326412439346, 0.03286755830049515, 0.032584186643362045, 0.03217679262161255, 0.032431382685899734, 0.031988926231861115, 0.03181728720664978, 0.031606074422597885, 0.03158215060830116, 0.031078675761818886, 0.0310664065182209, 0.03097718022763729, 0.030602509155869484, 0.0307903029024601, 0.030658433213829994, 0.03067098557949066, 0.030378013849258423, 0.030196812003850937, 0.030110005289316177, 0.030284881591796875, 0.03014356642961502, 0.03002896159887314, 0.02975848875939846, 0.029966900125145912, 0.029752632603049278, 0.02954930253326893, 0.029613059014081955, 0.029768504202365875, 0.029517436400055885, 0.02961237169802189, 0.029522990807890892, 0.02954019047319889, 0.029506107792258263, 0.029096849262714386, 0.05636836588382721, 0.05761292949318886, 0.05711760371923447, 0.058713436126708984, 0.058334268629550934, 0.055421918630599976, 0.05330931395292282, 0.052251510322093964, 0.05191570147871971, 0.05173889175057411, 0.05141041427850723, 0.051203712821006775, 0.05109388753771782, 0.05100630968809128], "mse": [0.008042745292186737, 0.003913611173629761, 0.002892710966989398, 0.0025809064973145723, 0.0023861932568252087, 0.0023072748444974422, 0.0021865935996174812, 0.002153687411919236, 0.00208629691042006, 0.005417859647423029, 0.0054185595363378525, 0.0031030471436679363, 0.0026305136270821095, 0.00247951946221292, 0.002465667203068733, 0.0022500939667224884, 0.0022758422419428825, 0.0022588439751416445, 0.002143987687304616, 0.002125582890585065, 0.0021180915646255016, 0.0020778921898454428, 0.002022879896685481, 0.00206368463113904, 0.001994225662201643, 0.0019872949924319983, 0.0019493733998388052, 0.0019422663608565927, 0.0018887096084654331, 0.0018937528366222978, 0.0018792088376358151, 0.0018468365306034684, 0.0018559753661975265, 0.0018423666479066014, 0.0018378009553998709, 0.0018044725293293595, 0.0017982061253860593, 0.0017860452644526958, 0.001790854730643332, 0.0017684499034658074, 0.0017701929900795221, 0.0017363165970891714, 0.001753033371642232, 0.0017348635010421276, 0.0017114169895648956, 0.001707598683424294, 0.0017283196793869138, 0.0017030854942277074, 0.001716157770715654, 0.0017008421709761024, 0.001701923436485231, 0.0016916000749915838, 0.0016544334357604384, 0.006054730154573917, 0.005868692882359028, 0.005702260881662369, 0.006864701397716999, 0.00612604059278965, 0.005244107451289892, 0.004928558133542538, 0.004773492459207773, 0.004720340017229319, 0.0046980613842606544, 0.004635974764823914, 0.004604141693562269, 0.004593417514115572, 0.004575854633003473], "val_loss": [0.3249022662639618, 0.26437291502952576, 0.18151618540287018, 0.16512735188007355, 0.17510509490966797, 0.17640453577041626, 0.1458439975976944, 0.16155844926834106, 0.14843589067459106, 0.5798019766807556, 0.262531042098999, 0.22335389256477356, 0.19129124283790588, 0.19331693649291992, 0.17288409173488617, 0.15649932622909546, 0.18376979231834412, 0.1600036919116974, 0.16977055370807648, 0.16411708295345306, 0.16222380101680756, 0.14487478137016296, 0.14786510169506073, 0.15052706003189087, 0.14176757633686066, 0.1527097076177597, 0.16584216058254242, 0.14274819195270538, 0.12986479699611664, 0.12942111492156982, 0.16645070910453796, 0.16176584362983704, 0.13274209201335907, 0.13690410554409027, 0.13490386307239532, 0.13213352859020233, 0.1258566528558731, 0.1255693882703781, 0.14923253655433655, 0.1367817223072052, 0.14713069796562195, 0.13884000480175018, 0.12880650162696838, 0.12691086530685425, 0.1285323202610016, 0.136125385761261, 0.14452901482582092, 0.1287848800420761, 0.16651077568531036, 0.13553868234157562, 0.13278847932815552, 0.12422030419111252, 0.1336238831281662, 0.4361962080001831, 0.42463016510009766, 0.4138871431350708, 0.5128382444381714, 0.4009110629558563, 0.3649030327796936, 0.35605430603027344, 0.3451150059700012, 0.3556577265262604, 0.34017762541770935, 0.3412123918533325, 0.3406103551387787, 0.3358258903026581, 0.33364322781562805], "val_mae": [0.051126547157764435, 0.044562481343746185, 0.0361584909260273, 0.03442273661494255, 0.03543887287378311, 0.03501586616039276, 0.03182132914662361, 0.03335535153746605, 0.03208548575639725, 0.07061806321144104, 0.04363169148564339, 0.04106825962662697, 0.036793820559978485, 0.03564931079745293, 0.03505729138851166, 0.0330490842461586, 0.03708717226982117, 0.0329623743891716, 0.033619873225688934, 0.03383433073759079, 0.032613422721624374, 0.032204464077949524, 0.03193185105919838, 0.03212946280837059, 0.03140990436077118, 0.032142192125320435, 0.03444645553827286, 0.032006461173295975, 0.030225520953536034, 0.029564261436462402, 0.034369830042123795, 0.03210794925689697, 0.030166499316692352, 0.03078516386449337, 0.03136598691344261, 0.030245309695601463, 0.0293542742729187, 0.0293415654450655, 0.031100230291485786, 0.030606107786297798, 0.031131790950894356, 0.031225115060806274, 0.0294828899204731, 0.029558463022112846, 0.029405485838651657, 0.029850516468286514, 0.03224897384643555, 0.029393266886472702, 0.032913658767938614, 0.03090674802660942, 0.030483612790703773, 0.02935110405087471, 0.03008800931274891, 0.058232683688402176, 0.05799783393740654, 0.057190194725990295, 0.05913625657558441, 0.05708435922861099, 0.05409799888730049, 0.05333161726593971, 0.05202599987387657, 0.053210530430078506, 0.051652949303388596, 0.051740240305662155, 0.05173387750983238, 0.05109765753149986, 0.05092959105968475],