{"sampleRate": 44100, "contextSize": 66, "trainNvalSize": 74862, "lstmUnits": 64, "learningRate": 0.0001, "trainEpochs": 100, "epochs": 100, "patience": 15, "batchSize": 64, "shuffle": true, "randomState": 25, "trainTime": 798.0221855640411, "gain": "Mid", "testESR": 0.033158790320158005}