{"loss": [0.2256602644920349, 0.04969296604394913, 0.03745805844664574, 0.034400198608636856, 0.030207209289073944, 0.026129938662052155, 0.024779681116342545, 0.022316744551062584, 0.021824844181537628, 0.02114642970263958, 0.01997029036283493, 0.01999146305024624, 0.01913074217736721, 0.018132438883185387, 0.018191665410995483, 0.017359066754579544, 0.017282597720623016, 0.017188748344779015, 0.016681941226124763, 0.016517022624611855, 0.016251735389232635, 0.016027791425585747, 0.01656862162053585, 0.015610454604029655, 0.01557666901499033, 0.015328845009207726, 0.015336195938289165, 0.015425433404743671, 0.014851250685751438, 0.015255930833518505, 0.014880551025271416, 0.014603815972805023, 0.014663194306194782, 0.014641898684203625, 0.014604617841541767, 0.014976661652326584, 0.014217165298759937, 0.014624006114900112, 0.06250757724046707, 0.06067114695906639, 0.025653760880231857, 0.020158816128969193, 0.018842453137040138, 0.0172952339053154, 0.015925046056509018, 0.015233738347887993, 0.01460039708763361, 0.014472601003944874, 0.014296594075858593, 0.01407545804977417, 0.016011832281947136, 0.01393116544932127, 0.013962442055344582, 0.015048674307763577, 0.014416219666600227, 0.014136582612991333, 0.013801348395645618, 0.014053170569241047, 0.014075860381126404, 0.01377235259860754, 0.013910249806940556, 0.014116425067186356, 0.014074535109102726, 0.013663562014698982, 0.013854163698852062, 0.013818172737956047, 0.013486593030393124, 0.013652277179062366, 0.013546491973102093, 0.013653337024152279, 0.3086760938167572, 0.6071261167526245, 0.575631856918335, 0.42361345887184143, 0.37656810879707336], "mae": [0.025803741067647934, 0.012828892096877098, 0.01110988948494196, 0.010620704852044582, 0.009967534802854061, 0.009299427270889282, 0.00907924398779869, 0.008626634255051613, 0.008547353558242321, 0.008388573303818703, 0.008180913515388966, 0.008203753270208836, 0.008013557642698288, 0.007809172850102186, 0.007794132921844721, 0.007648807484656572, 0.007661281153559685, 0.007611902896314859, 0.007490058429539204, 0.007471592631191015, 0.007422753144055605, 0.007360633462667465, 0.0074778469279408455, 0.0072865174151957035, 0.007254262454807758, 0.007217205595225096, 0.007205315865576267, 0.007221832871437073, 0.007081471383571625, 0.007172693964093924, 0.007086817640811205, 0.00701123708859086, 0.0070615364238619804, 0.007009538821876049, 0.007022922858595848, 0.007118114270269871, 0.006931088864803314, 0.0070061031728982925, 0.011605530045926571, 0.014041275717318058, 0.009394468739628792, 0.008290417492389679, 0.007876046001911163, 0.007672371342778206, 0.007348835002630949, 0.007212637923657894, 0.007024984806776047, 0.006991189904510975, 0.006956768687814474, 0.006890935357660055, 0.007216272875666618, 0.006870413199067116, 0.006888790987432003, 0.007146059535443783, 0.006959682330489159, 0.006918627768754959, 0.006828247103840113, 0.006889569107443094, 0.006910431664437056, 0.0068375649861991405, 0.006854506209492683, 0.006881787441670895, 0.006886262912303209, 0.0068066115491092205, 0.0068445089273154736, 0.006847171578556299, 0.0067498041316866875, 0.0068228598684072495, 0.006761979777365923, 0.006798251997679472, 0.029711652547121048, 0.04139872267842293, 0.04794441536068916, 0.04107110947370529, 0.03844483941793442], "mse": [0.001348633086308837, 0.000296789308777079, 0.00022413043188862503, 0.000206173921469599, 0.00018095536506734788, 0.00015627422544639558, 0.0001478534541092813, 0.0001334527914877981, 0.00013028027024120092, 0.00012634530139621347, 0.00011953392095165327, 0.00011965801240876317, 0.00011446017742855474, 0.00010828287486219779, 0.00010882901551667601, 0.00010354149708291516, 0.00010335114347981289, 0.00010258892143610865, 9.950791718438268e-05, 9.855053940555081e-05, 9.712162136565894e-05, 9.568351379130036e-05, 9.899408178171143e-05, 9.328024316346273e-05, 9.305536514148116e-05, 9.142779890680686e-05, 9.156247688224539e-05, 9.196722385240719e-05, 8.888868615031242e-05, 9.103459888137877e-05, 8.87623755261302e-05, 8.704046922503039e-05, 8.769224950810894e-05, 8.752683061175048e-05, 8.731830166652799e-05, 8.953487122198567e-05, 8.513735519954935e-05, 8.732902642805129e-05, 0.0003736954531632364, 0.00036193206324242055, 0.00015327884466387331, 0.0001204260261147283, 0.00011304723739158362, 0.00010328058124287054, 9.469535143580288e-05, 9.084526391234249e-05, 8.729072578717023e-05, 8.631660602986813e-05, 8.532086212653667e-05, 8.407024142798036e-05, 9.57536612986587e-05, 8.303983486257493e-05, 8.354290184797719e-05, 8.99809820111841e-05, 8.596476254751906e-05, 8.447642176179215e-05, 8.248153608292341e-05, 8.393352618440986e-05, 8.41710134409368e-05, 8.229410013882443e-05, 8.315747254528105e-05, 8.402482490055263e-05, 8.385359979001805e-05, 8.18206463009119e-05, 8.298608736367896e-05, 8.244073978858069e-05, 8.060465916059911e-05, 8.162901940522715e-05, 8.078612154349685e-05, 8.165815961547196e-05, 0.0018679553177207708, 0.0037064936477690935, 0.0034685987047851086, 0.002549211261793971, 0.0022688114549964666], "val_loss": [0.11110807955265045, 0.04338204860687256, 0.023910129442811012, 0.02498835325241089, 0.024507034569978714, 0.02283065766096115, 0.018135784193873405, 0.01965174823999405, 0.016577860340476036, 0.01896730251610279, 0.016858652234077454, 0.01660226471722126, 0.024318641051650047, 0.016505403444170952, 0.015256962738931179, 0.018530679866671562, 0.014789588749408722, 0.022001847624778748, 0.014254730194807053, 0.016463683918118477, 0.01395419891923666, 0.015127647668123245, 0.016540898010134697, 0.014325392432510853, 0.014321370050311089, 0.015062487684190273, 0.016069889068603516, 0.013944654725492, 0.014300000853836536, 0.016021035611629486, 0.014045843854546547, 0.01430289912968874, 0.01325090229511261, 0.015098242089152336, 0.013677009381353855, 0.017769282683730125, 0.0158348698168993, 0.01312006264925003, 0.18352648615837097, 0.027971301227808, 0.021739555522799492, 0.018592189997434616, 0.018404249101877213, 0.0160133745521307, 0.01467040739953518, 0.01432808768004179, 0.014920726418495178, 0.0137244313955307, 0.012717058882117271, 0.013703180477023125, 0.013501457870006561, 0.013957752846181393, 0.014187809079885483, 0.013866577297449112, 0.013843702152371407, 0.01997736096382141, 0.014051900245249271, 0.015420938841998577, 0.013981220312416553, 0.01268276572227478, 0.0134147172793746, 0.013852200470864773, 0.015504932031035423, 0.013379449024796486, 0.014034927822649479, 0.013278787024319172, 0.014082163572311401, 0.012778324075043201, 0.012871596030890942, 0.013455534353852272, 0.34845370054244995, 0.8050408959388733, 0.45885518193244934, 0.38290220499038696, 0.3648720681667328],