{"loss": [0.4206503629684448, 0.25940844416618347, 0.22950319945812225, 0.21313926577568054, 0.19678467512130737, 0.17464901506900787, 0.15349885821342468, 0.13402561843395233, 0.12157174199819565, 0.11260649561882019, 0.10342507064342499, 0.09235575795173645, 0.08140671253204346, 0.071860171854496, 0.06229173392057419, 0.05474327877163887, 0.04939413443207741, 0.04580678418278694, 0.04215078800916672, 0.03906961530447006, 0.03766420856118202, 0.035607676953077316, 0.034056518226861954, 0.032527241855859756, 0.0317944660782814, 0.030456358566880226, 0.029973987489938736, 0.02863215282559395, 0.027740998193621635, 0.027690136805176735, 0.027006153017282486, 0.0261752400547266, 0.025928178802132607, 0.025383278727531433, 0.02470514178276062, 0.024619296193122864, 0.02412533015012741, 0.023706931620836258, 0.023473991081118584, 0.023222142830491066, 0.02279176563024521, 0.022658538073301315, 0.022064000368118286, 0.02182990498840809, 0.0217613335698843, 0.021598510444164276, 0.021373778581619263, 0.020898781716823578, 0.020536432042717934, 0.02075904980301857, 0.020459219813346863, 0.02047332003712654, 0.02037099003791809, 0.020246848464012146, 0.019847333431243896, 0.02011508122086525, 0.019604941830039024, 0.019528042525053024, 0.01928306743502617, 0.019110307097434998, 0.0191190205514431, 0.018884101882576942, 0.018651368096470833, 0.018594415858387947, 0.018539555370807648, 0.018507219851017, 0.01869877241551876, 0.018389752134680748, 0.01857069507241249, 0.018243666738271713, 0.01806996390223503, 0.01787932962179184, 0.018058916553854942, 0.017736177891492844, 0.0178652573376894, 0.017919765785336494, 0.01769382320344448, 0.017516810446977615, 0.01748182438313961, 0.017303572967648506, 0.01759001612663269, 0.017342612147331238, 0.017228472977876663, 0.017210597172379494, 0.017032628878951073, 0.017097938805818558, 0.017118096351623535, 0.01692209765315056, 0.01687166839838028, 0.01674647629261017, 0.0168483667075634, 0.01668032445013523, 0.01653805747628212, 0.016618622466921806, 0.016596205532550812, 0.016505056992173195, 0.016421817243099213, 0.01640855148434639, 0.01636948622763157, 0.01637186110019684], "mae": [0.03679909184575081, 0.028541119769215584, 0.026663755998015404, 0.025631170719861984, 0.02451031468808651, 0.022942982614040375, 0.021274294704198837, 0.019634995609521866, 0.018594497814774513, 0.0178321935236454, 0.01703541725873947, 0.016131611540913582, 0.01516752876341343, 0.014262747019529343, 0.013251005671918392, 0.012479064986109734, 0.011842603795230389, 0.01140070240944624, 0.010955767706036568, 0.010540971532464027, 0.010412724688649178, 0.01010788232088089, 0.009844985790550709, 0.009635488502681255, 0.009563739411532879, 0.009345640428364277, 0.00930483266711235, 0.009077226743102074, 0.008934460580348969, 0.008944096975028515, 0.008827139623463154, 0.008697587065398693, 0.008656286634504795, 0.008574223145842552, 0.008416286669671535, 0.008444694802165031, 0.008337467908859253, 0.008283929899334908, 0.00823995191603899, 0.00821049977093935, 0.008134832605719566, 0.008100848644971848, 0.00797499343752861, 0.007947308011353016, 0.00795145146548748, 0.007963738404214382, 0.00788162462413311, 0.007795040495693684, 0.007722365204244852, 0.007811021059751511, 0.007730820681899786, 0.007750095333904028, 0.007707699202001095, 0.007706567645072937, 0.0076165394857525826, 0.007700032088905573, 0.007579299155622721, 0.007571774069219828, 0.007523186970502138, 0.007483509834855795, 0.007477242033928633, 0.007423644885420799, 0.007397580426186323, 0.007360483519732952, 0.007399480789899826, 0.007364985533058643, 0.007407903205603361, 0.007349229883402586, 0.007399973459541798, 0.007288754917681217, 0.007283415179699659, 0.007248991634696722, 0.007285662926733494, 0.007199464365839958, 0.007225715555250645, 0.0072453562170267105, 0.007187997922301292, 0.007176152430474758, 0.00714535266160965, 0.007128303870558739, 0.0071968622505664825, 0.007139598485082388, 0.007099302019923925, 0.007105800323188305, 0.007067173719406128, 0.007090037688612938, 0.007077389396727085, 0.007036576978862286, 0.007044981699436903, 0.007015643175691366, 0.007026080507785082, 0.006999783683568239, 0.006946656387299299, 0.006971288472414017, 0.006969569716602564, 0.006965190637856722, 0.00695049250498414, 0.006917979102581739, 0.006932789925485849, 0.006943416316062212], "mse": [0.002263497794046998, 0.001391753787174821, 0.0012296208878979087, 0.0011413282481953502, 0.0010517336195334792, 0.0009343157871626318, 0.0008184652542695403, 0.0007174169877544045, 0.000649101275485009, 0.0006003380985930562, 0.0005507546593435109, 0.0004914095625281334, 0.0004334030963946134, 0.0003825801541097462, 0.00033167278161272407, 0.0002911808842327446, 0.0002627178328111768, 0.0002428638399578631, 0.00022417491709347814, 0.00020746514201164246, 0.00020024694094900042, 0.00018920474394690245, 0.00018034985987469554, 0.00017286840011365712, 0.00016913101717364043, 0.0001616332883713767, 0.00015911037917248905, 0.00015227444237098098, 0.00014740820915903896, 0.00014640505833085626, 0.00014331939746625721, 0.0001393684360664338, 0.0001372497354168445, 0.00013486735406331718, 0.00013057301111984998, 0.00013062384095974267, 0.00012749490269925445, 0.00012576411245390773, 0.00012433472147677094, 0.00012351739860605448, 0.00012095133570255712, 0.0001199414546135813, 0.00011696988076437265, 0.0001156370562966913, 0.00011535138037288561, 0.00011463432019809261, 0.00011336557508911937, 0.00011107703176094219, 0.00010909097181865945, 0.00011024439299944788, 0.00010873889550566673, 0.00010859520261874422, 0.0001075923937605694, 0.00010719574493123218, 0.00010518848284846172, 0.00010670749907149002, 0.00010397496953373775, 0.00010362199827795848, 0.00010231421765638515, 0.0001014984300127253, 0.00010134974581887946, 0.00010013414430432022, 9.911870438372716e-05, 9.849746129475534e-05, 9.859143028734252e-05, 9.812314237933606e-05, 9.87820967566222e-05, 9.767223673406988e-05, 9.817782120080665e-05, 9.615918679628521e-05, 9.564359788782895e-05, 9.504064655629918e-05, 9.556802251609042e-05, 9.395586675964296e-05, 9.467075142310932e-05, 9.459109423914924e-05, 9.339099779026583e-05, 9.285224950872362e-05, 9.246270201401785e-05, 9.18812002055347e-05, 9.320872777607292e-05, 9.189236152451485e-05, 9.137541201198474e-05, 9.1174864792265e-05, 9.042640158440918e-05, 9.059535659616813e-05, 9.030177898239344e-05, 8.958784746937454e-05, 8.930272451834753e-05, 8.875830098986626e-05, 8.91504023456946e-05, 8.83436732692644e-05, 8.75061159604229e-05, 8.792437438387424e-05, 8.791987784206867e-05, 8.746037929086015e-05, 8.699243335286155e-05, 8.676575089339167e-05, 8.667962538311258e-05, 8.680266182636842e-05],