{"loss": [0.4203152060508728, 0.21492072939872742, 0.19424138963222504, 0.18324854969978333, 0.17371916770935059, 0.16753070056438446, 0.16106051206588745, 0.16212499141693115, 0.1536949872970581, 0.15351502597332, 0.15167173743247986, 0.14793753623962402, 0.14522860944271088, 0.1453423649072647, 0.14203335344791412, 0.14236736297607422, 0.13952955603599548, 0.13755686581134796, 0.13560350239276886, 0.13731469213962555, 0.1363336741924286, 0.13526062667369843, 0.133640319108963, 0.13413313031196594, 0.13330574333667755, 0.13183552026748657, 0.13110293447971344, 0.13107629120349884, 0.13054192066192627, 0.13122108578681946, 0.12955991923809052, 0.12994401156902313, 0.12983733415603638, 0.1283450424671173, 0.12744346261024475, 0.12935040891170502, 0.12669943273067474, 0.12664584815502167, 0.1261652261018753, 0.12797920405864716, 0.12670356035232544, 0.12680214643478394, 0.12630625069141388, 0.12424653023481369, 0.12474172562360764, 0.8009448051452637, 1.0394004583358765, 1.0264304876327515, 1.0484459400177002, 1.0192677974700928, 1.0031427145004272, 1.0160900354385376, 1.006013035774231, 1.077108383178711, 1.0410360097885132, 1.031778335571289, 1.0417670011520386, 1.0382555723190308, 1.040424108505249], "mae": [0.038962483406066895, 0.027682028710842133, 0.02621392533183098, 0.02556758187711239, 0.024840738624334335, 0.0242729801684618, 0.0238993838429451, 0.023865018039941788, 0.023250749334692955, 0.023177264258265495, 0.023048043251037598, 0.0226921234279871, 0.02244522050023079, 0.022422878071665764, 0.022197261452674866, 0.02220204658806324, 0.0219892468303442, 0.021779898554086685, 0.021675294265151024, 0.021809479221701622, 0.021620674058794975, 0.02156510204076767, 0.021464722231030464, 0.02150030806660652, 0.02142256312072277, 0.021258700639009476, 0.021268613636493683, 0.021219825372099876, 0.021188881248235703, 0.02121705561876297, 0.021080223843455315, 0.021061129868030548, 0.02114265039563179, 0.020963115617632866, 0.020920803770422935, 0.021119866520166397, 0.02081425115466118, 0.020817920565605164, 0.020780660212039948, 0.020937161520123482, 0.020847728475928307, 0.02076706849038601, 0.02085944078862667, 0.02060379460453987, 0.020751291885972023, 0.048167914152145386, 0.06537462025880814, 0.06494472920894623, 0.06599250435829163, 0.06480395048856735, 0.06387268751859665, 0.06499219685792923, 0.06463660299777985, 0.06681741774082184, 0.0654980018734932, 0.06537849456071854, 0.06563306599855423, 0.0656420886516571, 0.06580810993909836], "mse": [0.0028731203638017178, 0.0014602321898564696, 0.0013180493842810392, 0.0012412556679919362, 0.0011778681073337793, 0.0011327898828312755, 0.0010910136625170708, 0.0010930042481049895, 0.0010416415752843022, 0.0010377218713983893, 0.0010253848740831017, 0.0009988012025132775, 0.0009812497301027179, 0.0009829177288338542, 0.0009599990444257855, 0.0009646281832829118, 0.0009446405456401408, 0.000930402718950063, 0.0009204087546095252, 0.0009274233016185462, 0.00092205626424402, 0.0009156251908279955, 0.000901212973985821, 0.0009080993477255106, 0.0009008093038573861, 0.0008907014853321016, 0.0008867029682733119, 0.0008838486974127591, 0.0008837062050588429, 0.000885697256308049, 0.0008743949583731592, 0.000879625091329217, 0.0008748510153964162, 0.0008657211437821388, 0.0008622976602055132, 0.0008703313651494682, 0.0008568803896196187, 0.000853224191814661, 0.0008522447315044701, 0.0008630597149021924, 0.0008557240944355726, 0.000856188649777323, 0.0008548973710276186, 0.0008378924685530365, 0.0008433982147835195, 0.005498736631125212, 0.0071429540403187275, 0.007076708599925041, 0.0072294315323233604, 0.007022022269666195, 0.006910460069775581, 0.006993749178946018, 0.006933147553354502, 0.007412211038172245, 0.0071768322959542274, 0.007110823877155781, 0.007176367100328207, 0.00715655367821455, 0.007176652085036039], "val_loss": [0.2507091760635376, 0.23362790048122406, 0.1842038929462433, 0.17324629426002502, 0.15498626232147217, 0.15005961060523987, 0.15672020614147186, 0.1529529094696045, 0.15102681517601013, 0.14944469928741455, 0.14068090915679932, 0.1448998898267746, 0.13334441184997559, 0.14333181083202362, 0.14189204573631287, 0.14554189145565033, 0.14654366672039032, 0.1321423351764679, 0.13629387319087982, 0.1363690346479416, 0.1279086172580719, 0.12955564260482788, 0.13151134550571442, 0.13302825391292572, 0.1299842745065689, 0.1288471221923828, 0.13351471722126007, 0.13486279547214508, 0.13579054176807404, 0.12751272320747375, 0.12576988339424133, 0.12585106492042542, 0.12790153920650482, 0.12929019331932068, 0.13190172612667084, 0.1288582980632782, 0.13150650262832642, 0.12327974289655685, 0.12472077459096909, 0.13646644353866577, 0.12880875170230865, 0.12860992550849915, 0.12978675961494446, 0.12298231571912766, 0.13036014139652252, 0.9843692183494568, 0.8873082995414734, 1.0237336158752441, 1.0171951055526733, 0.9276241660118103, 0.9834904074668884, 0.9962158203125, 0.9711222052574158, 1.0973122119903564, 1.0113765001296997, 1.027586579322815, 1.0417773723602295, 1.0806238651275635, 1.0075643062591553], "val_mae": [0.029523009434342384, 0.02859952300786972, 0.027665693312883377, 0.023844372481107712, 0.02275349572300911, 0.02369493991136551, 0.025219008326530457, 0.022788608446717262, 0.023130716755986214, 0.02282998152077198, 0.02226289175450802, 0.022120065987110138, 0.021296363323926926, 0.022435666993260384, 0.022319510579109192, 0.023287830874323845, 0.02380489930510521, 0.020972194150090218, 0.023122726008296013, 0.02162330411374569, 0.02109418250620365, 0.02161232754588127, 0.020957764238119125, 0.021045660600066185, 0.020714977756142616, 0.021993795409798622, 0.020899128168821335, 0.022893542423844337, 0.02112298458814621, 0.02151041105389595, 0.021126694977283478, 0.021727899089455605, 0.02071896195411682, 0.020593132823705673, 0.02061472088098526, 0.021924445405602455, 0.021815357729792595, 0.02038431167602539, 0.021323367953300476, 0.02288145199418068, 0.020624816417694092, 0.022162118926644325, 0.02249152399599552, 0.020437980070710182, 0.020567767322063446, 0.06432978063821793, 0.0601218119263649, 0.06553785502910614, 0.06492143124341965, 0.06138993054628372, 0.06403347849845886, 0.06489358097314835, 0.06412793695926666, 0.06832576543092728, 0.06615905463695526, 0.06599631905555725, 0.06663346290588379, 0.06628767400979996, 0.06563841551542282], "val_mse": [0.001729481271468103, 0.0016203210689127445, 0.0012745449785143137, 0.0011919629760086536, 0.001069690682925284, 0.001033026142977178, 0.0010802842443808913, 0.0010576517088338733, 0.0010451743146404624, 0.0010370253585278988, 0.0009720799862407148, 0.0009991623228415847, 0.0009218835039064288, 0.0009903146419674158, 0.0009784054709598422, 0.0010093067539855838, 0.0010122519452124834, 0.0009163274080492556, 0.0009403217118233442, 0.0009415819076821208, 0.0008826208068057895, 0.0008934594807215035, 0.0009070731466636062, 0.0009186422685161233, 0.0008967980393208563, 0.0008900691755115986, 0.0009206469403579831, 0.0009314256603829563, 0.0009406402241438627, 0.0008776430040597916, 0.0008686098735779524, 0.0008696943987160921, 0.000884447421412915, 0.0008924927678890526, 0.0009141913615167141, 0.0008871994796209037, 0.000910371367353946, 0.0008500589756295085, 0.0008590355282649398, 0.0009433459490537643, 0.0008873709011822939, 0.0008856024360284209, 0.0008959991973824799, 0.0008505388395860791, 0.0009005950996652246, 0.006862723268568516, 0.006225371267646551, 0.0071882279589772224, 0.0071488553658127785, 0.006505871657282114, 0.00690029002726078, 0.006992784328758717, 0.0068068006075918674, 0.007685690186917782, 0.007087801117449999, 0.007205360569059849, 0.0073093995451927185, 0.007594723254442215, 0.007067980244755745]}