{"loss": [0.5512266755104065, 0.28584474325180054, 0.2347354292869568, 0.21695196628570557, 0.20530253648757935, 0.1965770721435547, 0.1926465481519699, 0.19008754193782806, 0.1828734576702118, 0.18457436561584473, 0.1786428540945053, 0.176423117518425, 0.17628692090511322, 0.17479227483272552, 0.1720195710659027, 0.17078450322151184, 0.170964777469635, 0.16905705630779266, 0.16710136830806732, 0.1664639711380005, 0.1648419201374054, 0.1647583395242691, 0.16470490396022797, 0.16321130096912384, 0.1634814292192459, 0.1617872714996338, 0.16028942167758942, 0.16016048192977905, 0.15974760055541992, 0.1595740020275116, 0.1594887673854828, 0.15864771604537964, 0.15765339136123657, 0.17909693717956543, 0.1593189388513565, 0.15609660744667053, 0.1555330455303192, 0.15679916739463806, 0.1547926813364029, 0.15645627677440643, 0.1551588475704193, 0.1564875990152359, 0.4295799434185028, 1.0752722024917603, 1.0717074871063232, 1.0762039422988892, 1.0712246894836426, 1.0763999223709106, 1.0732227563858032, 1.0744686126708984, 1.0496901273727417, 1.0583876371383667, 1.0595638751983643], "mae": [0.059718258678913116, 0.0421222448348999, 0.03805629163980484, 0.03653831034898758, 0.03550690412521362, 0.034797556698322296, 0.03443541377782822, 0.034197960048913956, 0.033493198454380035, 0.03367170691490173, 0.033098429441452026, 0.03289981931447983, 0.03279026225209236, 0.032710883766412735, 0.03244176506996155, 0.03235575556755066, 0.03229442611336708, 0.032128091901540756, 0.03196152672171593, 0.031906384974718094, 0.0317709855735302, 0.03174523264169693, 0.031672243028879166, 0.031588323414325714, 0.03155677020549774, 0.03139005973935127, 0.03126806765794754, 0.03126723691821098, 0.031266212463378906, 0.031195247545838356, 0.031187130138278008, 0.03108174353837967, 0.031070854514837265, 0.03348962217569351, 0.03124363161623478, 0.030933763831853867, 0.030879449099302292, 0.03090519830584526, 0.030757084488868713, 0.030920928344130516, 0.030745944008231163, 0.030889149755239487, 0.04702575504779816, 0.08378366380929947, 0.08838260173797607, 0.0885276272892952, 0.08833577483892441, 0.08848652988672256, 0.0883270874619484, 0.08824661374092102, 0.08750422298908234, 0.08779491484165192, 0.08780264854431152], "mse": [0.006011635065078735, 0.003093075705692172, 0.0025454990100115538, 0.0023491312749683857, 0.0022172562312334776, 0.0021289163269102573, 0.00208222190849483, 0.002057570032775402, 0.0019753165543079376, 0.0019903613720089197, 0.0019296400714665651, 0.0019088367698714137, 0.0019060467602685094, 0.0018921789014711976, 0.001856807037256658, 0.0018435546662658453, 0.0018485506298020482, 0.0018278096104040742, 0.0018041296862065792, 0.0017972958739846945, 0.0017817841144278646, 0.001778509235009551, 0.0017775838496163487, 0.0017659986624494195, 0.0017623626627027988, 0.001745827030390501, 0.001729987794533372, 0.0017308640526607633, 0.001727474038489163, 0.0017254239646717906, 0.0017220750451087952, 0.0017101527191698551, 0.0017008970025926828, 0.001935038948431611, 0.0017207087948918343, 0.0016879751347005367, 0.001684080925770104, 0.0016926189418882132, 0.001672877580858767, 0.001690943376161158, 0.0016742500010877848, 0.001693305908702314, 0.004684308543801308, 0.011715766042470932, 0.011721099726855755, 0.0117647685110569, 0.011711633764207363, 0.011776207014918327, 0.011732587590813637, 0.011746770702302456, 0.011479543522000313, 0.011579732410609722, 0.011582651175558567], "val_loss": [0.3500061333179474, 0.23944099247455597, 0.24642640352249146, 0.19869530200958252, 0.20686350762844086, 0.2045219987630844, 0.21658389270305634, 0.1841372847557068, 0.18115520477294922, 0.17203618586063385, 0.17217513918876648, 0.1658000499010086, 0.20462793111801147, 0.1694730520248413, 0.1818796545267105, 0.17214283347129822, 0.17010241746902466, 0.15862508118152618, 0.1644269973039627, 0.18144746124744415, 0.1826753467321396, 0.16401486098766327, 0.16896545886993408, 0.1596895456314087, 0.15910708904266357, 0.16284820437431335, 0.16037999093532562, 0.16023606061935425, 0.16294080018997192, 0.1585608273744583, 0.16313514113426208, 0.16108326613903046, 0.15897613763809204, 0.15990576148033142, 0.15908995270729065, 0.16713112592697144, 0.15585260093212128, 0.15396566689014435, 0.1649123579263687, 0.1609223634004593, 0.16783465445041656, 0.16077952086925507, 0.7315678000450134, 1.076784372329712, 1.138586401939392, 1.0506792068481445, 1.0641785860061646, 1.2213168144226074, 1.0897330045700073, 1.0185874700546265, 1.0613281726837158, 1.0592073202133179, 1.0471750497817993], "val_mae": [0.04793741554021835, 0.03852776810526848, 0.03880593553185463, 0.034281134605407715, 0.03596295043826103, 0.036842770874500275, 0.037575263530015945, 0.03393222391605377, 0.03317948803305626, 0.03277597948908806, 0.032127827405929565, 0.03156394883990288, 0.03530563414096832, 0.033107537776231766, 0.03440874442458153, 0.03238876536488533, 0.032239481806755066, 0.03115932270884514, 0.03160578012466431, 0.03320819139480591, 0.032972950488328934, 0.03137558698654175, 0.03192071244120598, 0.030765803530812263, 0.031107261776924133, 0.031189939007163048, 0.032455284148454666, 0.031052077189087868, 0.031089037656784058, 0.031146079301834106, 0.032518170773983, 0.031233707442879677, 0.03086244873702526, 0.031437668949365616, 0.03075273521244526, 0.03174581378698349, 0.03055996634066105, 0.030668901279568672, 0.031538594514131546, 0.030979542061686516, 0.03165936842560768, 0.031403250992298126, 0.06798102706670761, 0.08798296749591827, 0.09166639298200607, 0.08717480301856995, 0.08872812986373901, 0.09482673555612564, 0.09037290513515472, 0.0862138569355011, 0.08844605088233948, 0.08852006494998932, 0.08777705579996109], "val_mse": [0.0038226302713155746, 0.002600280335173011, 0.002678403165191412, 0.002144194208085537, 0.002255526138469577, 0.002214207546785474, 0.0023529755417257547, 0.0020018776413053274, 0.001960033318027854, 0.0018685311079025269, 0.0018607330275699496, 0.0017984689911827445, 0.002215435728430748, 0.0018360376125201583, 0.0019678049720823765, 0.001862620236352086, 0.0018391440389677882, 0.0017185191391035914, 0.0017864950932562351, 0.00196080026216805, 0.0019784572068601847, 0.0017776258755475283, 0.0018284318502992392, 0.0017301199259236455, 0.0017201023874804378, 0.0017638006247580051, 0.0017368081025779247, 0.0017360487254336476, 0.0017654080875217915, 0.0017193349776789546, 0.0017629449721425772, 0.0017428137362003326, 0.0017222192836925387, 0.001728047034703195, 0.0017209798097610474, 0.001815837575122714, 0.001685888390056789, 0.0016677933745086193, 0.0017866245470941067, 0.0017451164312660694, 0.001823524245992303, 0.0017415008042007685, 0.007983001880347729, 0.011808238923549652, 0.012441303580999374, 0.011523009277880192, 0.011653682217001915, 0.013314459472894669, 0.011913974769413471, 0.011165992356836796, 0.011620861478149891, 0.01159701682627201, 0.011467009782791138]}