{"loss": [0.5791825652122498, 0.2972669303417206, 0.20769447088241577, 0.18607424199581146, 0.1718960851430893, 0.1652873009443283, 0.15816694498062134, 0.15225982666015625, 0.15116454660892487, 0.1493724137544632, 0.1466822326183319, 0.14271478354930878, 0.14037123322486877, 0.14152930676937103, 0.1362524926662445, 0.13831616938114166, 0.1356860101222992, 0.13367483019828796, 0.13462892174720764, 0.13178899884223938, 0.13013774156570435, 0.13063251972198486, 0.13058613240718842, 0.1264791190624237, 0.12950000166893005, 0.12516231834888458, 0.12655897438526154, 0.12564751505851746, 0.12453647702932358, 0.124728262424469, 0.12270315736532211, 0.12317601591348648, 0.33721524477005005, 0.826500654220581, 0.8454625010490417, 0.8287033438682556], "mae": [0.06989409029483795, 0.04773250222206116, 0.03853074088692665, 0.036265745759010315, 0.03474406898021698, 0.03404581919312477, 0.03332148864865303, 0.03265610337257385, 0.03253081440925598, 0.03235927224159241, 0.03190002590417862, 0.03156587854027748, 0.03123393841087818, 0.031427133828401566, 0.030792605131864548, 0.030873678624629974, 0.03080175071954727, 0.030506828799843788, 0.030672913417220116, 0.030310846865177155, 0.03015316091477871, 0.030124126002192497, 0.030141333118081093, 0.02964022569358349, 0.03000727668404579, 0.02951553277671337, 0.02979492023587227, 0.02955520898103714, 0.029398873448371887, 0.029419196769595146, 0.02922971360385418, 0.029324719682335854, 0.04366026818752289, 0.08690344542264938, 0.08802777528762817, 0.08701711148023605], "mse": [0.008001596666872501, 0.004090096335858107, 0.0028537882026284933, 0.0025572122540324926, 0.0023597958497703075, 0.002269405173137784, 0.0021696996409446, 0.002088103210553527, 0.0020732779521495104, 0.0020500868558883667, 0.002011394128203392, 0.001957343425601721, 0.0019222594564780593, 0.0019414217676967382, 0.0018679298227652907, 0.0018884096061810851, 0.0018609872786328197, 0.0018347796285524964, 0.0018451320938766003, 0.001807240303605795, 0.001782389241270721, 0.0017942680278792977, 0.0017857992788776755, 0.00173449597787112, 0.0017752234125509858, 0.0017168220365419984, 0.0017363369697704911, 0.0017213532701134682, 0.001705046510323882, 0.001706378418020904, 0.0016814637929201126, 0.0016879659378901124, 0.004645794630050659, 0.01143224909901619, 0.011685552075505257, 0.011447599157691002], "val_loss": [0.42398443818092346, 0.2242332547903061, 0.19699318706989288, 0.20605747401714325, 0.17024582624435425, 0.1616082638502121, 0.18602190911769867, 0.1843402236700058, 0.1427236944437027, 0.15004830062389374, 0.15529076755046844, 0.1459755301475525, 0.14854656159877777, 0.13261306285858154, 0.15317223966121674, 0.1338912844657898, 0.13419626653194427, 0.13853532075881958, 0.15237188339233398, 0.14449794590473175, 0.12538312375545502, 0.12975238263607025, 0.15278705954551697, 0.12941943109035492, 0.14379438757896423, 0.13040733337402344, 0.13067327439785004, 0.13455480337142944, 0.13502055406570435, 0.1260155290365219, 0.13352079689502716, 0.1429062932729721, 0.8406371474266052, 0.8854304552078247, 0.8501483201980591, 0.8454557061195374], "val_mae": [0.0583617277443409, 0.040495458990335464, 0.037560321390628815, 0.03882720693945885, 0.034230053424835205, 0.03317103534936905, 0.03471630439162254, 0.037226103246212006, 0.032418154180049896, 0.03235744684934616, 0.032782431691884995, 0.03207018971443176, 0.03196008503437042, 0.030405588448047638, 0.03246867284178734, 0.030631422996520996, 0.030378829687833786, 0.030853401869535446, 0.03341441974043846, 0.03133794292807579, 0.02948671393096447, 0.029768073931336403, 0.03298434615135193, 0.029693150892853737, 0.031591981649398804, 0.029889630153775215, 0.03016660362482071, 0.030682653188705444, 0.031104983761906624, 0.029225025326013565, 0.030308932065963745, 0.029887447133660316, 0.0864754319190979, 0.09059622138738632, 0.08808852732181549, 0.08785700052976608], "val_mse": [0.0058690938167274, 0.0030992005486041307, 0.0027231525164097548, 0.0028261952102184296, 0.002354355063289404, 0.0022302826400846243, 0.00256468472070992, 0.002534366911277175, 0.001962444046512246, 0.0020698572043329477, 0.0021441965363919735, 0.0020141275599598885, 0.0020484940614551306, 0.0018229521811008453, 0.0021087133791297674, 0.0018444572342559695, 0.001845353515818715, 0.0019013581331819296, 0.0020916834473609924, 0.001989142969250679, 0.0017215317348018289, 0.001785351661965251, 0.002103845588862896, 0.0017780127236619592, 0.0019706152379512787, 0.0017971855122596025, 0.0017971310298889875, 0.0018455499084666371, 0.0018605682998895645, 0.0017353809671476483, 0.0018381028203293681, 0.001964741153642535, 0.011652259156107903, 0.01226996723562479, 0.011766956187784672, 0.011707459576427937]}