{"loss": [1.0450201034545898, 0.13251718878746033, 0.046403732150793076, 0.05071919783949852, 1.377541184425354, 1.0157049894332886, 0.8555799126625061, 1.0463374853134155, 0.830284833908081, 0.8540377020835876, 0.9139605164527893, 0.84560626745224, 0.9195168018341064, 0.843772828578949, 0.9127878546714783, 0.8196249008178711, 0.8816409707069397, 0.8959999680519104, 0.8415352702140808], "mae": [0.037989962846040726, 0.01381128653883934, 0.008713148534297943, 0.00905577838420868, 0.029150942340493202, 0.044480953365564346, 0.04002528637647629, 0.04428832605481148, 0.039274610579013824, 0.0400855652987957, 0.0415247417986393, 0.039528489112854004, 0.04136071726679802, 0.03982630372047424, 0.04125390574336052, 0.03910055011510849, 0.04074155539274216, 0.0409240759909153, 0.03943653777241707], "mse": [0.0036527488846331835, 0.00043977677705697715, 0.00015358180098701268, 0.00016752722149249166, 0.004707264248281717, 0.0033740606158971786, 0.0028368658386170864, 0.003447822295129299, 0.0027423491701483727, 0.0028428880032151937, 0.0030391295440495014, 0.00279066851362586, 0.003037441289052367, 0.0028018562588840723, 0.0030163144692778587, 0.0027169096283614635, 0.002925925888121128, 0.0029796166345477104, 0.002789008431136608], "val_loss": [0.31046032905578613, 0.04515034332871437, 0.0244767889380455, 0.02054978534579277, 2.5569345951080322, 0.9724811315536499, 1.0536636114120483, 0.6912738084793091, 0.7888551950454712, 0.6763166189193726, 0.689411997795105, 0.9325906038284302, 1.1981637477874756, 0.8417313098907471, 0.673824667930603, 0.6827677488327026, 0.6770691871643066, 0.7627549767494202, 0.7714617252349854], "val_mae": [0.024330051615834236, 0.007889706641435623, 0.0058328439481556416, 0.006707150489091873, 0.08191177994012833, 0.04371097683906555, 0.04615883156657219, 0.03426472097635269, 0.03947191685438156, 0.03363008052110672, 0.03419141471385956, 0.04286859557032585, 0.051945626735687256, 0.04002559185028076, 0.03361644968390465, 0.0341041274368763, 0.03409497067332268, 0.038357920944690704, 0.03813212364912033], "val_mse": [0.001036228728480637, 0.00015051451919134706, 8.132099901558831e-05, 6.750733882654458e-05, 0.008310333825647831, 0.003239352023229003, 0.0034994161687791348, 0.0023074422497302294, 0.002604642417281866, 0.0022546877153217793, 0.002296736463904381, 0.003094590501859784, 0.003903250675648451, 0.002806335221976042, 0.0022474846336990595, 0.002266641240566969, 0.0022605808917433023, 0.002526349388062954, 0.002543903887271881]}