{"sampleRate": 44100, "chunkSize": 88, "trainNvalSize": 74862, "lstmUnits": 96, "learningRate": 0.01, "epochs": 100, "patience": 15, "batchSize": 64, "shuffle": true, "randomState": 25, "trainTime": 165.62653040885925, "gain": "Low", "testing": 0.03262669965624809}