{"loss": [0.2658786177635193, 0.10057930648326874, 0.0438547283411026, 0.029660742729902267, 0.02311502955853939, 0.018252482637763023, 0.015125337056815624, 0.01342801284044981, 0.01149516087025404, 0.029899075627326965, 0.013090062886476517, 0.00944130402058363, 0.008821292780339718, 0.00842525064945221, 0.008289682678878307, 0.011178736574947834, 0.010501213371753693, 0.013729054480791092, 0.008903900161385536, 0.00897338055074215, 0.007788360118865967, 0.0070012458600103855, 0.007140063680708408, 0.006679950747638941, 0.006022097542881966, 0.006425004452466965, 0.006330251228064299, 0.006269661709666252, 0.005358358379453421, 0.0057369498535990715, 0.0052444301545619965, 0.005141358822584152, 0.005511147435754538, 0.005142501555383205, 0.005066996905952692, 0.004800560884177685, 0.0051655457355082035, 0.0054908632300794125, 0.004355631768703461, 0.004709845408797264, 0.004798092879354954, 0.004524680785834789, 0.004409201443195343, 0.004470307845622301, 0.004697861149907112, 0.0041489554569125175, 0.004639872815459967, 0.00402709748595953, 0.0042280456982553005, 0.004157663322985172, 0.004174827132374048, 0.004211612977087498, 0.004023411311209202, 0.003902863711118698, 0.004027033224701881, 0.004228687845170498, 0.00374570838175714, 0.005123173352330923, 0.004006094299256802, 0.003772975644096732, 0.0037902090698480606, 0.0036495865788310766, 0.003689439268782735, 0.004128717351704836, 0.004058843944221735, 0.003853708039969206, 0.003567304229363799, 0.003531409427523613, 0.0037283047568053007, 0.0036320348735898733, 0.003435972146689892, 0.003593441564589739, 0.0038692939560860395, 0.003402864560484886, 0.0036282576620578766, 0.003317486261948943, 0.003574670758098364, 0.0035177692770957947, 0.003451094962656498, 0.0033381187822669744, 0.003403762588277459, 0.0033133807592093945, 0.0037531761918216944, 0.004269855096936226, 0.0032735257409512997, 0.003294652793556452, 0.0032761588227003813, 0.0032438193447887897, 0.0032482619863003492, 0.003310260595753789, 0.003281377488747239, 0.003370600985363126, 0.07895789295434952, 0.02930276095867157], "mae": [0.028766755014657974, 0.017217354848980904, 0.01130054984241724, 0.009296687319874763, 0.008164696395397186, 0.007262906990945339, 0.006573437247425318, 0.006132292561233044, 0.005723252892494202, 0.008611555211246014, 0.006067525129765272, 0.005132257007062435, 0.00497391726821661, 0.004837140906602144, 0.004832770675420761, 0.0054604713805019855, 0.005439542233943939, 0.005695974454283714, 0.005007575266063213, 0.004992284346371889, 0.004688170738518238, 0.004439762327820063, 0.0044753216207027435, 0.004330765921622515, 0.004105604253709316, 0.004256555810570717, 0.004195852670818567, 0.00413674209266901, 0.003870652988553047, 0.003996285609900951, 0.003829297609627247, 0.003803674364462495, 0.0039159152656793594, 0.0037913182750344276, 0.0037258793599903584, 0.003680675756186247, 0.0037912020925432444, 0.00386466714553535, 0.003501185216009617, 0.003641105955466628, 0.003667658194899559, 0.003540546866133809, 0.003512183902785182, 0.0035467378329485655, 0.003562753554433584, 0.0034057176671922207, 0.003553298767656088, 0.0033682691864669323, 0.003449273994192481, 0.003403676440939307, 0.0033977460116147995, 0.0034075970761477947, 0.0033413900528103113, 0.0033267848193645477, 0.0033637520391494036, 0.0034425975754857063, 0.003247699700295925, 0.003744384739547968, 0.0033401940017938614, 0.0032483921386301517, 0.0032374237198382616, 0.0032220762223005295, 0.0032202163711190224, 0.0033944256138056517, 0.0033192834816873074, 0.0032735818531364202, 0.0031659400556236506, 0.003149565542116761, 0.0032384779769927263, 0.0031699249520897865, 0.0031283104326575994, 0.0031731678172945976, 0.0032581451814621687, 0.0031065538059920073, 0.0031542929355055094, 0.0030609993264079094, 0.003158826846629381, 0.0031555641908198595, 0.003123697591945529, 0.003061979077756405, 0.003080934751778841, 0.0030432548373937607, 0.003182634012773633, 0.003364339703693986, 0.0030429360922425985, 0.0030515582766383886, 0.003044980112463236, 0.003028802340850234, 0.0030183454509824514, 0.0030484190210700035, 0.0030375563073903322, 0.003074612468481064, 0.013289205729961395, 0.008685337379574776], "mse": [0.0014463886618614197, 0.0005425611743703485, 0.00023732305271551013, 0.00016039751062635332, 0.00012464703468140215, 9.88027750281617e-05, 8.125662134261802e-05, 7.255687523866072e-05, 6.184489029692486e-05, 0.00016131917072925717, 7.043303776299581e-05, 5.079096808913164e-05, 4.7413326683454216e-05, 4.535008702077903e-05, 4.4861353671876714e-05, 6.0003858379786834e-05, 5.651818719343282e-05, 7.310959335882217e-05, 4.795069617102854e-05, 4.8502650315640494e-05, 4.179311144980602e-05, 3.7763213185826316e-05, 3.845182072836906e-05, 3.597683098632842e-05, 3.260636731283739e-05, 3.45633270626422e-05, 3.421302972128615e-05, 3.3879154216265306e-05, 2.8914804715896025e-05, 3.082044349866919e-05, 2.8298154575168155e-05, 2.772535663098097e-05, 2.9774335416732356e-05, 2.7540187147678807e-05, 2.7195126676815562e-05, 2.5983583327615634e-05, 2.779044552880805e-05, 2.9557913876487873e-05, 2.360009602853097e-05, 2.5417470169486478e-05, 2.589833275123965e-05, 2.4431561541859992e-05, 2.3761884222039953e-05, 2.4171273253159598e-05, 2.5134964744211175e-05, 2.235143256257288e-05, 2.5020985049195588e-05, 2.1690930225304328e-05, 2.2892989363754168e-05, 2.2522843210026622e-05, 2.250876059406437e-05, 2.2779871869715862e-05, 2.1689098502974957e-05, 2.1149837266420946e-05, 2.1619700419250876e-05, 2.287055758642964e-05, 2.022499029408209e-05, 2.7695105018210597e-05, 2.1588188246823847e-05, 2.0331795894890092e-05, 2.0372599465190433e-05, 1.9635504941106774e-05, 1.9882889318978414e-05, 2.2279098629951477e-05, 2.183087417506613e-05, 2.0769322873093188e-05, 1.918528141686693e-05, 1.9121367586194538e-05, 2.0196202967781574e-05, 1.9679177057696506e-05, 1.8531718524172902e-05, 1.931062615767587e-05, 2.0860346921836026e-05, 1.8280370568390936e-05, 1.948697172338143e-05, 1.7944228602573276e-05, 1.9267234165454283e-05, 1.8883185475715436e-05, 1.863375655375421e-05, 1.8012286091106944e-05, 1.8294584151590243e-05, 1.7800757632358e-05, 2.020312058448326e-05, 2.2802558305556886e-05, 1.7583566659595817e-05, 1.7692464098217897e-05, 1.7698530427878723e-05, 1.7506155927549116e-05, 1.751981835695915e-05, 1.7821812434704043e-05, 1.7720345567795448e-05, 1.8106931747752242e-05, 0.00043155477032996714, 0.00016015704022720456],