{"sampleRate": 44100, "context": 352, "trainNvalSize": 75000, "lstmUnits": 64, "learningRate": 0.001, "epochs": 100, "patience": 15, "batchSize": 64, "shuffle": true, "randomState": 25, "trainTime": 1679.5217216014862, "gain": "Mid", "testESR": 0.01576402597129345}