{"sampleRate": 44100, "chunkSize": 44, "trainNvalSize": 74862, "lstmUnits": 96, "learningRate": 0.01, "epochs": 100, "patience": 15, "batchSize": 64, "shuffle": true, "randomState": 25, "trainTime": 475.64539885520935, "gain": "Mid", "testing": 0.029893675819039345}