{"loss": [0.6069146990776062, 0.31859609484672546, 0.2676234543323517, 0.24123147130012512, 0.2278212457895279, 0.22193636000156403, 0.2171788215637207, 0.2117541879415512, 0.20765571296215057, 0.20501886308193207, 0.20441821217536926, 0.20045426487922668, 0.1986052542924881, 0.19764363765716553, 0.1957133561372757, 0.1937665492296219, 0.19307439029216766, 0.19215567409992218, 0.19110006093978882, 0.19141770899295807, 0.18938930332660675, 0.18867860734462738, 0.1875513195991516, 0.1863367259502411, 0.1851923018693924, 0.1878206878900528, 0.1838740110397339, 0.18240179121494293, 0.18320274353027344, 0.1837824434041977, 0.18117164075374603, 0.1809937059879303, 0.1799522042274475, 0.18160410225391388, 0.1796291172504425, 0.18042543530464172, 0.17845092713832855, 0.17901644110679626, 0.17749914526939392, 0.17605209350585938, 0.1774984896183014, 0.1765497922897339, 0.1778106689453125, 0.17625319957733154, 0.17705000936985016, 0.1748586893081665, 0.17578506469726562, 0.17488856613636017, 0.1754516363143921, 0.17485427856445312, 0.17478089034557343, 0.17369955778121948, 0.4239450991153717, 0.4489409923553467, 0.4287749230861664, 0.41140368580818176, 0.3909403085708618, 0.3685252070426941, 0.3435575067996979, 0.3113682270050049], "mae": [0.07226818799972534, 0.05012723058462143, 0.04547320678830147, 0.04282733052968979, 0.041644275188446045, 0.040926288813352585, 0.040562115609645844, 0.039932478219270706, 0.03960062563419342, 0.03924133628606796, 0.03927495703101158, 0.0388776995241642, 0.038680046796798706, 0.03851708397269249, 0.03831864148378372, 0.03819858282804489, 0.03800381347537041, 0.037913739681243896, 0.03791441768407822, 0.03790402039885521, 0.03773137181997299, 0.03762048855423927, 0.037475891411304474, 0.03742410987615585, 0.03729792311787605, 0.03753338381648064, 0.03717217594385147, 0.03705361858010292, 0.03702011704444885, 0.03702908754348755, 0.0368257574737072, 0.036806870251894, 0.036799073219299316, 0.036836814135313034, 0.036683619022369385, 0.03670245036482811, 0.03651236370205879, 0.03660695627331734, 0.03641614317893982, 0.03630335256457329, 0.03642711043357849, 0.036429986357688904, 0.036496564745903015, 0.0363343209028244, 0.03645908460021019, 0.036221928894519806, 0.03633137792348862, 0.03619585931301117, 0.03624315932393074, 0.036228615790605545, 0.036147065460681915, 0.03600883111357689, 0.05698677524924278, 0.06032725051045418, 0.0588904470205307, 0.05756106972694397, 0.056051045656204224, 0.054287705570459366, 0.052431028336286545, 0.04975590482354164], "mse": [0.008439610712230206, 0.004414841067045927, 0.003700840286910534, 0.0033400976099073887, 0.0031471129041165113, 0.003066194010898471, 0.003001999342814088, 0.002921725157648325, 0.0028699717950075865, 0.0028286234010010958, 0.0028206161223351955, 0.002769564278423786, 0.002744911005720496, 0.0027255993336439133, 0.0026974109932780266, 0.002675254363566637, 0.0026623811572790146, 0.002653938950970769, 0.0026370298583060503, 0.0026383285876363516, 0.002614447148516774, 0.002607966074720025, 0.0025830818340182304, 0.002577588427811861, 0.002556221792474389, 0.002592912409454584, 0.0025404375046491623, 0.002521358197554946, 0.0025302667636424303, 0.0025357925333082676, 0.002500641392543912, 0.002495968248695135, 0.0024837893433868885, 0.0025020428001880646, 0.002479997929185629, 0.002489104401320219, 0.002462692093104124, 0.002470238832756877, 0.0024456707760691643, 0.0024277721531689167, 0.0024478964041918516, 0.0024389843456447124, 0.0024542955216020346, 0.0024303370155394077, 0.0024440032429993153, 0.0024122081231325865, 0.002420075936242938, 0.002413023030385375, 0.002419709227979183, 0.0024126425851136446, 0.0024054949171841145, 0.0023955933284014463, 0.005877032410353422, 0.006225330755114555, 0.005948933307081461, 0.005697021260857582, 0.005423737224191427, 0.0051030307076871395, 0.004761808086186647, 0.004303779918700457], "val_loss": [0.34973442554473877, 0.2880549728870392, 0.2626701593399048, 0.23669995367527008, 0.2253303974866867, 0.23464635014533997, 0.22302547097206116, 0.20523051917552948, 0.19603373110294342, 0.2036879062652588, 0.1991042196750641, 0.19999626278877258, 0.2003062516450882, 0.20294439792633057, 0.19209222495555878, 0.1935766488313675, 0.19560614228248596, 0.19899873435497284, 0.2015349566936493, 0.20756401121616364, 0.2182295024394989, 0.20886552333831787, 0.19371820986270905, 0.1870843768119812, 0.17921090126037598, 0.1844443529844284, 0.18324050307273865, 0.18897520005702972, 0.1993706375360489, 0.17959952354431152, 0.19022829830646515, 0.18700344860553741, 0.1788623034954071, 0.18937347829341888, 0.21553529798984528, 0.17665952444076538, 0.18168137967586517, 0.18977291882038116, 0.1911141723394394, 0.18015016615390778, 0.18030975759029388, 0.18482793867588043, 0.18015962839126587, 0.2094627171754837, 0.17272412776947021, 0.17979657649993896, 0.18370050191879272, 0.1823360174894333, 0.178159698843956, 0.17568439245224, 0.17850157618522644, 0.18742893636226654, 0.46270260214805603, 0.4445650577545166, 0.41699346899986267, 0.3973439037799835, 0.38596826791763306, 0.3558889329433441, 0.33446359634399414, 0.2929323613643646], "val_mae": [0.052807655185461044, 0.047131285071372986, 0.04502551630139351, 0.042290981858968735, 0.040733564645051956, 0.04151400551199913, 0.03996918350458145, 0.03907175734639168, 0.03804342448711395, 0.03939853608608246, 0.03805571794509888, 0.0392027385532856, 0.038592103868722916, 0.03812742233276367, 0.037901658564805984, 0.037660952657461166, 0.037865400314331055, 0.03765985742211342, 0.03816690668463707, 0.0396546833217144, 0.040733955800533295, 0.038411568850278854, 0.03795228525996208, 0.03750123083591461, 0.03637494146823883, 0.03662010282278061, 0.03711022436618805, 0.037707459181547165, 0.03772260621190071, 0.03660932555794716, 0.03697120025753975, 0.03749771788716316, 0.03627200052142143, 0.037336770445108414, 0.03911461681127548, 0.03619179129600525, 0.036775995045900345, 0.03658883273601532, 0.03773606941103935, 0.03683919459581375, 0.03597716987133026, 0.03714009374380112, 0.03628569096326828, 0.03795452043414116, 0.03529218211770058, 0.036365870386362076, 0.036673542112112045, 0.03693195432424545, 0.03575284779071808, 0.03608563542366028, 0.036553025245666504, 0.037488386034965515, 0.061160530894994736, 0.05985083058476448, 0.057848770171403885, 0.05656792223453522, 0.055595628917217255, 0.05304773896932602, 0.05154861882328987, 0.04788151755928993], "val_mse": [0.004815238062292337, 0.003957575652748346, 0.0036063874140381813, 0.0032374293077737093, 0.0030940664000809193, 0.003211517119780183, 0.003045047167688608, 0.0028181534726172686, 0.002680377569049597, 0.0027944999746978283, 0.0027261427603662014, 0.002738991053774953, 0.002736729569733143, 0.0027793091721832752, 0.002627607900649309, 0.0026522832922637463, 0.0026752057019621134, 0.002722514793276787, 0.002763490891084075, 0.0028376944828778505, 0.0029856630135327578, 0.0028617512434720993, 0.0026592183858156204, 0.0025607976131141186, 0.002452307380735874, 0.002523866482079029, 0.002512478968128562, 0.0025839267764240503, 0.0027234365697950125, 0.002463647862896323, 0.002607120666652918, 0.002558669773861766, 0.002447008853778243, 0.0025949710980057716, 0.0029533745255321264, 0.002417981391772628, 0.002490015234798193, 0.0026048568543046713, 0.002620343118906021, 0.002467321464791894, 0.0024718688800930977, 0.002531825564801693, 0.002464131684973836, 0.0028675817884504795, 0.002363801933825016, 0.00246164808049798, 0.0025132158771157265, 0.0024937554262578487, 0.002441744552925229, 0.0024009172338992357, 0.00244410359300673, 0.00256935297511518, 0.0063862791284918785, 0.0061373296193778515, 0.0057477266527712345, 0.0054743485525250435, 0.005314595531672239, 0.004898198880255222, 0.004597544204443693, 0.004024729132652283]}