{"loss": [0.6283847093582153, 0.275806188583374, 0.20936384797096252, 0.1924949586391449, 0.18259701132774353, 0.17483364045619965, 0.16652148962020874, 0.16181278228759766, 0.15663748979568481, 0.15343597531318665, 0.14962583780288696, 0.14669550955295563, 0.1442984640598297, 0.14229188859462738, 0.14326989650726318, 0.14084485173225403, 0.14076076447963715, 0.1379777044057846, 0.1353115439414978, 0.13635513186454773, 0.13585519790649414, 0.1353025585412979, 0.396383672952652, 0.5989062786102295, 0.5528325438499451, 0.524592936038971, 0.5370878577232361, 0.4951678216457367, 0.47599273920059204, 0.465335488319397, 0.44103294610977173, 0.403059184551239, 0.35234397649765015, 0.3703380227088928, 0.3041614592075348], "mae": [0.0642240047454834, 0.04112986847758293, 0.03560493513941765, 0.034110747277736664, 0.0332019180059433, 0.03251500427722931, 0.031672216951847076, 0.031354717910289764, 0.03065798245370388, 0.030323576182127, 0.029981112107634544, 0.029598860070109367, 0.029517704620957375, 0.029152827337384224, 0.029278293251991272, 0.02898048236966133, 0.02905208244919777, 0.028772221878170967, 0.028393633663654327, 0.02854645438492298, 0.028618060052394867, 0.028468528762459755, 0.0414617545902729, 0.06230485066771507, 0.05995415523648262, 0.05804175138473511, 0.05755015090107918, 0.056701868772506714, 0.055614929646253586, 0.05495988205075264, 0.05368492007255554, 0.05123578757047653, 0.0476989820599556, 0.048168860375881195, 0.043409548699855804], "mse": [0.006857648026198149, 0.002993590198457241, 0.002269249176606536, 0.002087527886033058, 0.0019768152851611376, 0.0018943945178762078, 0.00180560234002769, 0.0017529563046991825, 0.001694966689683497, 0.0016558178467676044, 0.0016167513094842434, 0.001584887388162315, 0.0015629848930984735, 0.0015348873566836119, 0.001550036366097629, 0.00152729288674891, 0.0015206898096948862, 0.0014921528054401278, 0.0014612388331443071, 0.001472015050239861, 0.0014701408799737692, 0.0014615997206419706, 0.004259855020791292, 0.006522346753627062, 0.006032553035765886, 0.0057136258110404015, 0.0058740898966789246, 0.00539493327960372, 0.005186900030821562, 0.00506957434117794, 0.004806492943316698, 0.004399116151034832, 0.003833342343568802, 0.004033043514937162, 0.0033064372837543488], "val_loss": [0.3596254289150238, 0.21010847389698029, 0.19797392189502716, 0.1846781075000763, 0.15481938421726227, 0.18963722884655, 0.16615448892116547, 0.17695659399032593, 0.14869554340839386, 0.17801567912101746, 0.1534319669008255, 0.14445681869983673, 0.156467467546463, 0.158547043800354, 0.15059570968151093, 0.14406032860279083, 0.14213284850120544, 0.13568195700645447, 0.13760137557983398, 0.1349332630634308, 0.13820941746234894, 0.13756926357746124, 0.6123065948486328, 0.5943165421485901, 0.5308922529220581, 0.5086100101470947, 0.4997374713420868, 0.4868567883968353, 0.49084484577178955, 0.48150888085365295, 0.43134158849716187, 0.4005214273929596, 0.3391905426979065, 0.32939478754997253, 0.2928268015384674], "val_mae": [0.047391150146722794, 0.036461833864450455, 0.0351988710463047, 0.033551570028066635, 0.03109922632575035, 0.033292558044195175, 0.031180232763290405, 0.033482931554317474, 0.029849430546164513, 0.03187179192900658, 0.02963799610733986, 0.029809070751070976, 0.029689613729715347, 0.030290119349956512, 0.03004813939332962, 0.029189039021730423, 0.0293430145829916, 0.028721896931529045, 0.028746100142598152, 0.027872193604707718, 0.028731754049658775, 0.02988462708890438, 0.0626739114522934, 0.062450677156448364, 0.05841164290904999, 0.0573749840259552, 0.056879833340644836, 0.055506158620119095, 0.056968435645103455, 0.05630325525999069, 0.05219975486397743, 0.050951212644577026, 0.04662137106060982, 0.04509589076042175, 0.04279506206512451], "val_mse": [0.0039045747835189104, 0.002275660401210189, 0.0021463572047650814, 0.0019976370967924595, 0.0016697858227416873, 0.002052171854302287, 0.0017922003753483295, 0.001906452002003789, 0.0016001001931726933, 0.0019188295118510723, 0.001657587941735983, 0.0015555850695818663, 0.0016860190080478787, 0.001716827042400837, 0.0016206064028665423, 0.001549887121655047, 0.0015330836176872253, 0.0014683888293802738, 0.0014803879894316196, 0.0014555803500115871, 0.0014854948967695236, 0.0014824375975877047, 0.006662554107606411, 0.006465685088187456, 0.0057686190120875835, 0.0055212960578501225, 0.005430147051811218, 0.005288535263389349, 0.005335403606295586, 0.005242701154202223, 0.0046964725479483604, 0.004349926952272654, 0.0036764787510037422, 0.0035731263924390078, 0.0031629845034331083]}