{"loss": [0.5245744585990906, 0.22864782810211182, 0.1875946819782257, 0.16670957207679749, 0.1559099704027176, 0.15209318697452545, 0.1461789458990097, 0.14283891022205353, 0.13730059564113617, 0.13794364035129547, 0.13318313658237457, 0.1322869211435318, 0.13075192272663116, 0.1294560432434082, 0.1286804974079132, 0.1309618353843689, 0.12665972113609314, 0.12561877071857452, 0.12495110929012299, 0.12283333390951157, 0.1236957386136055, 0.12309861183166504, 0.12122143059968948, 0.12151526659727097, 0.12120434641838074, 0.11839111149311066, 0.11734848469495773, 0.12198860943317413, 0.11849803477525711, 0.5228320956230164, 0.6605451703071594, 0.618007242679596, 0.5641622543334961, 0.49000436067581177, 0.41289031505584717, 0.35507315397262573, 0.3040485680103302, 0.24927636981010437, 0.5444979667663574, 0.5523996353149414, 0.5063515901565552, 0.4750959873199463, 0.4427955746650696, 0.4083130359649658], "mae": [0.05728897824883461, 0.0369081124663353, 0.03323300927877426, 0.03128679469227791, 0.030388183891773224, 0.03004387766122818, 0.029411248862743378, 0.02910018153488636, 0.028452785685658455, 0.02859673649072647, 0.028164103627204895, 0.02802467718720436, 0.02792361192405224, 0.027669116854667664, 0.027642864733934402, 0.02775716781616211, 0.027308348566293716, 0.027314763516187668, 0.02716248668730259, 0.02693069912493229, 0.0271534975618124, 0.02693108841776848, 0.02679598517715931, 0.02680083177983761, 0.026904042810201645, 0.02646392583847046, 0.026372874155640602, 0.026819678023457527, 0.026462508365511894, 0.05530258268117905, 0.06600458174943924, 0.06323318183422089, 0.060029804706573486, 0.05548037216067314, 0.05072740092873573, 0.04696914926171303, 0.04347430169582367, 0.03912736847996712, 0.05158250033855438, 0.06012456864118576, 0.057721417397260666, 0.05596622824668884, 0.05393804609775543, 0.05168400704860687], "mse": [0.005713421385735273, 0.0024788661394268274, 0.0020264992490410805, 0.001802522805519402, 0.0016875634901225567, 0.001647544209845364, 0.0015809234464541078, 0.001544244703836739, 0.0014855305198580027, 0.0014931062469258904, 0.001442280481569469, 0.0014321497874334455, 0.001414376893080771, 0.0013992340536788106, 0.001390143414027989, 0.0014181785518303514, 0.0013668523170053959, 0.0013557886704802513, 0.0013515535974875093, 0.0013252090429887176, 0.001339840586297214, 0.0013282464351505041, 0.0013108364073559642, 0.001313595799729228, 0.0013118315255269408, 0.0012760709505528212, 0.0012655030004680157, 0.0013176343636587262, 0.0012806474696844816, 0.00570863438770175, 0.00721256947144866, 0.006760073825716972, 0.006164843682199717, 0.005345296114683151, 0.00450533302500844, 0.0038680334109812975, 0.0033084878232330084, 0.002705124206840992, 0.005843756720423698, 0.006027471739798784, 0.00552059942856431, 0.005180541425943375, 0.004817075561732054, 0.004437876865267754], "val_loss": [0.2455504685640335, 0.1777488887310028, 0.15967696905136108, 0.1575448215007782, 0.17504197359085083, 0.14849314093589783, 0.1323024183511734, 0.13471364974975586, 0.13452187180519104, 0.1276048868894577, 0.11922387778759003, 0.12479173392057419, 0.12023496627807617, 0.1327192634344101, 0.1345156580209732, 0.13263536989688873, 0.11517471075057983, 0.12229461222887039, 0.12330981343984604, 0.11345189809799194, 0.1207343116402626, 0.11925055086612701, 0.11850111931562424, 0.12333390861749649, 0.1308017373085022, 0.11180716753005981, 0.11699853837490082, 0.1188841313123703, 0.10930497944355011, 0.7046141028404236, 0.6302822232246399, 0.5840703248977661, 0.5223857760429382, 0.46346592903137207, 0.3896944522857666, 0.31555017828941345, 0.2735447287559509, 0.2128690630197525, 0.5828996300697327, 0.5139629244804382, 0.5054664611816406, 0.444794625043869, 0.4115647077560425, 0.39681071043014526], "val_mae": [0.039078958332538605, 0.0318635068833828, 0.031015537679195404, 0.03109019435942173, 0.03133530914783478, 0.029803864657878876, 0.027997780591249466, 0.02899678610265255, 0.028101474046707153, 0.027647487819194794, 0.026422560214996338, 0.027502886950969696, 0.02654467523097992, 0.028873128816485405, 0.02873169258236885, 0.028224259614944458, 0.02622353658080101, 0.027452971786260605, 0.02684636227786541, 0.02570202201604843, 0.026736676692962646, 0.02627396769821644, 0.02689414471387863, 0.02711609937250614, 0.027866926044225693, 0.025660641491413116, 0.0261092372238636, 0.026793312281370163, 0.025438735261559486, 0.06843829154968262, 0.06418368965387344, 0.06138906627893448, 0.05740569159388542, 0.05443205684423447, 0.049626562744379044, 0.04429485648870468, 0.04100924730300903, 0.03632605820894241, 0.061823680996894836, 0.05859187990427017, 0.0584002360701561, 0.054131388664245605, 0.051961034536361694, 0.05129076912999153], "val_mse": [0.002675174968317151, 0.0019465790828689933, 0.0017374445451423526, 0.0017107203602790833, 0.0019157211063429713, 0.001616702531464398, 0.0014458440709859133, 0.0014678427251055837, 0.001456166384741664, 0.0013920458732172847, 0.0012971736723557115, 0.0013591997558251023, 0.0013081745710223913, 0.0014481372199952602, 0.0014732356648892164, 0.0014451463939622045, 0.0012547760270535946, 0.0013315231772139668, 0.0013427168596535921, 0.001235881936736405, 0.001309900893829763, 0.0012948206858709455, 0.0012920964509248734, 0.0013407719088718295, 0.0014290258986875415, 0.0012155951699241996, 0.0012723493855446577, 0.0012940074084326625, 0.001188187743537128, 0.007739698048681021, 0.006938992068171501, 0.006435739807784557, 0.005743477027863264, 0.005088356323540211, 0.004273542203009129, 0.003461149288341403, 0.0029955420177429914, 0.0023279008455574512, 0.0064188032411038876, 0.00565855298191309, 0.005560774356126785, 0.004879191052168608, 0.0045096855610609055, 0.004344812128692865]}