{"loss": [0.763037919998169, 0.6953258514404297, 0.6772023439407349, 0.6515844464302063, 0.5980648994445801, 0.5530534982681274, 0.5235019326210022, 0.5006411671638489, 0.48017534613609314, 0.4586320221424103, 0.43944066762924194, 0.4192103445529938, 0.4029964804649353, 0.38465332984924316, 0.36993831396102905, 0.3557160198688507, 0.34352174401283264, 0.3319406807422638, 0.3206529915332794, 0.3094494044780731, 0.29901134967803955, 0.2878693640232086, 0.2790055572986603, 0.26922956109046936, 0.2617810368537903, 0.2548375725746155, 0.24574019014835358, 0.23850233852863312, 0.23105184733867645, 0.22287960350513458, 0.21737392246723175, 0.21224801242351532, 0.20709969103336334, 0.20119276642799377, 0.19613011181354523, 0.19209803640842438, 0.1869039386510849, 0.18420283496379852, 0.18034903705120087, 0.178056001663208, 0.17522555589675903, 0.1735323667526245, 0.1694299876689911, 0.16828835010528564, 0.16661223769187927, 0.1654336005449295, 0.163399800658226, 0.16113881766796112, 0.15963497757911682, 0.1578693985939026, 0.1560676544904709, 0.15403737127780914, 0.1537856012582779, 0.15298239886760712, 0.1527673453092575, 0.15121325850486755, 0.15136262774467468, 0.14832793176174164, 0.14956383407115936, 0.14568035304546356, 0.14687009155750275, 0.14551325142383575, 0.14388228952884674, 0.1439092606306076, 0.1426989734172821, 0.14352856576442719, 0.14058896899223328, 0.14254139363765717, 0.14039939641952515, 0.13900552690029144, 0.13881021738052368, 0.13936768472194672, 0.13906344771385193, 0.13705547153949738, 0.13720329105854034, 0.13630951941013336, 0.13615770637989044, 0.13707348704338074, 0.1345764398574829, 0.1355922371149063, 0.13490800559520721, 0.1344456523656845, 0.13299202919006348, 0.13409529626369476, 0.13397301733493805, 0.13331179320812225, 0.132124662399292, 0.1327093243598938, 0.13166497647762299, 0.1320037692785263, 0.1312006562948227, 0.1313244253396988, 0.13116227090358734, 0.12967604398727417, 0.13101042807102203, 0.13089121878147125, 0.12998569011688232, 0.12853866815567017, 0.12838178873062134, 0.12808766961097717, 0.12833644449710846, 0.1273246705532074, 0.12857875227928162, 0.127458855509758, 0.12845994532108307, 0.12750160694122314, 0.12709753215312958, 0.12674930691719055, 0.12687800824642181, 0.12598027288913727, 0.12646450102329254, 0.12489619106054306, 0.12492645531892776, 0.12525388598442078, 0.12566521763801575, 0.12441077828407288], "mae": [0.08337098360061646, 0.07884010672569275, 0.07749197632074356, 0.07572683691978455, 0.07164715975522995, 0.0684015080332756, 0.06617267429828644, 0.0645124763250351, 0.06293817609548569, 0.06121576204895973, 0.059645459055900574, 0.057999882847070694, 0.05671583488583565, 0.05513720214366913, 0.053888946771621704, 0.05270271375775337, 0.05159361660480499, 0.05051913857460022, 0.04963864013552666, 0.048625167459249496, 0.04775740206241608, 0.04667337238788605, 0.04595952481031418, 0.04511268809437752, 0.044334713369607925, 0.04370526224374771, 0.04278343915939331, 0.04216459393501282, 0.04135680943727493, 0.040654923766851425, 0.04002388194203377, 0.03951260820031166, 0.03892228379845619, 0.03832895681262016, 0.037687722593545914, 0.037302374839782715, 0.03677751496434212, 0.036515973508358, 0.03606081008911133, 0.03578570485115051, 0.035471443086862564, 0.03518904000520706, 0.03486431762576103, 0.034651510417461395, 0.034470684826374054, 0.034298185259103775, 0.03407656028866768, 0.03387844190001488, 0.03369554877281189, 0.03341957926750183, 0.03322937712073326, 0.03307398781180382, 0.032930515706539154, 0.03279365971684456, 0.03278803080320358, 0.032597173005342484, 0.032589688897132874, 0.03231492638587952, 0.03238343074917793, 0.03205578029155731, 0.03210937976837158, 0.03197220712900162, 0.031783342361450195, 0.03181930258870125, 0.03168129548430443, 0.0316760279238224, 0.031480077654123306, 0.03161850571632385, 0.031374093145132065, 0.031189944595098495, 0.031212741509079933, 0.03120310790836811, 0.031163470819592476, 0.03104155696928501, 0.030975690111517906, 0.03091396577656269, 0.03091244213283062, 0.030925627797842026, 0.03074084036052227, 0.03081187605857849, 0.030691973865032196, 0.030670776963233948, 0.030521197244524956, 0.030651448294520378, 0.030602725222706795, 0.03053177334368229, 0.030432043597102165, 0.03035186603665352, 0.030334092676639557, 0.030275266617536545, 0.030240120366215706, 0.03024662658572197, 0.030185870826244354, 0.030085014179348946, 0.03026103600859642, 0.030218733474612236, 0.03010384738445282, 0.029961740598082542, 0.029976751655340195, 0.029933135956525803, 0.029901258647441864, 0.029841650277376175, 0.029904667288064957, 0.02979886345565319, 0.029867684468626976, 0.02978435344994068, 0.029794637113809586, 0.029772890731692314, 0.029698505997657776, 0.02964016981422901, 0.029628204181790352, 0.029528362676501274, 0.02949471026659012, 0.029510458931326866, 0.02954621985554695, 0.029468663036823273], "mse": [0.010562485083937645, 0.009620621800422668, 0.009360631927847862, 0.009013323113322258, 0.008271358907222748, 0.007637672126293182, 0.007226083893328905, 0.00691437441855669, 0.006625351496040821, 0.006332715041935444, 0.006057719234377146, 0.005788091570138931, 0.005556030198931694, 0.005305998492985964, 0.005105064250528812, 0.0049104997888207436, 0.004739152733236551, 0.004567774478346109, 0.004421995487064123, 0.0042624459601938725, 0.00412837415933609, 0.003965089563280344, 0.003850421402603388, 0.003711288096383214, 0.003606552956625819, 0.0035100094974040985, 0.0033791428431868553, 0.0032897370401769876, 0.0031829774379730225, 0.0030745896510779858, 0.002989398082718253, 0.002917846664786339, 0.002847390715032816, 0.0027629551477730274, 0.002692072419449687, 0.0026412666775286198, 0.002569012576714158, 0.002530299359932542, 0.0024765937123447657, 0.0024460533168166876, 0.002410215325653553, 0.0023852107115089893, 0.002326702233403921, 0.0023111801128834486, 0.002290167845785618, 0.0022699281107634306, 0.0022379893343895674, 0.0022123076487332582, 0.002190146828070283, 0.002165034646168351, 0.0021415448281913996, 0.002117701806128025, 0.0021095348056405783, 0.0020985479932278395, 0.0020950790494680405, 0.0020730984397232533, 0.002074283082038164, 0.0020333922002464533, 0.002051442628726363, 0.001998533960431814, 0.002013879595324397, 0.001993310870602727, 0.001969975885003805, 0.0019750806968659163, 0.001959230750799179, 0.0019647458102554083, 0.0019292093347758055, 0.0019549131393432617, 0.0019262789282947779, 0.0019012497505173087, 0.001904462231323123, 0.001907983561977744, 0.0019074305891990662, 0.0018804509891197085, 0.0018809757893905044, 0.0018712044693529606, 0.0018657115288078785, 0.0018797172233462334, 0.0018467139452695847, 0.0018569405656307936, 0.0018476974219083786, 0.0018440261483192444, 0.0018264208920300007, 0.001841526827774942, 0.001836696406826377, 0.001826167106628418, 0.0018111352110281587, 0.0018146769143640995, 0.001805939245969057, 0.0018080997979268432, 0.0017935369396582246, 0.0017977483803406358, 0.0017975663067772985, 0.0017786389216780663, 0.0017946027219295502, 0.0017924486892297864, 0.0017804136732593179, 0.0017609980423003435, 0.0017638058634474874, 0.0017603435553610325, 0.0017584575107321143, 0.001751387375406921, 0.0017641136655583978, 0.0017489093588665128, 0.001755926408804953, 0.0017490481259301305, 0.0017441981472074986, 0.0017397587653249502, 0.0017363233491778374, 0.0017277552979066968, 0.0017341767670586705, 0.0017144695157185197, 0.001710398937575519, 0.0017178076086565852, 0.001722436398267746, 0.0017064046114683151],