{"loss": [0.2794109582901001, 0.041909221559762955, 0.02950931340456009, 0.02684936858713627, 0.023912794888019562, 0.021828189492225647, 0.021898522973060608, 0.020622670650482178, 0.0187082402408123, 0.026083460077643394, 0.018548183143138885, 0.017596878111362457, 0.017547693103551865, 0.01756368763744831, 0.01727454736828804, 0.016930537298321724, 0.016600627452135086, 0.016642680391669273, 0.016172943636775017, 0.016142424196004868, 0.01587933860719204, 0.01655466854572296, 0.01577787660062313, 0.016254957765340805, 0.01585605926811695, 0.015233354642987251, 0.0152856120839715, 0.01476325187832117, 0.015130654908716679, 0.015006591565907001, 0.014999396167695522, 0.014500941149890423, 0.015364334918558598, 0.014687242917716503, 0.014733804389834404, 0.01476999931037426, 0.014630371704697609, 0.014356098137795925, 0.09109881520271301, 0.4280393123626709, 0.2217475175857544, 0.20142242312431335, 0.1897425502538681, 0.18095242977142334, 0.17464232444763184, 0.17258335649967194, 0.16649170219898224, 0.1624787300825119, 0.15436004102230072, 0.1447201818227768], "mae": [0.026407960802316666, 0.010982542298734188, 0.009268050082027912, 0.008880614303052425, 0.008365298621356487, 0.008037387393414974, 0.008049214258790016, 0.007744649890810251, 0.007420192006975412, 0.008359896950423717, 0.007414525840431452, 0.007211808115243912, 0.007215854711830616, 0.007204975932836533, 0.007114022504538298, 0.007049392443150282, 0.00703287310898304, 0.007020637858659029, 0.006931265816092491, 0.006937654688954353, 0.006827185396105051, 0.006924190558493137, 0.006820245645940304, 0.006906444672495127, 0.006799685303121805, 0.006713670212775469, 0.006729430519044399, 0.006589548196643591, 0.006682354025542736, 0.0066641331650316715, 0.006652921438217163, 0.006534936372190714, 0.006686121225357056, 0.006586521863937378, 0.006591078359633684, 0.006620257161557674, 0.006555441301316023, 0.006498322356492281, 0.010651540011167526, 0.03428658843040466, 0.025643132627010345, 0.0242460910230875, 0.023463012650609016, 0.02290649339556694, 0.022467272356152534, 0.022182166576385498, 0.021970577538013458, 0.02160939760506153, 0.021108871325850487, 0.020369622856378555], "mse": [0.0015110482927411795, 0.00022258439275901765, 0.00015648052794858813, 0.0001421496126567945, 0.00012744656123686582, 0.00011571178038138896, 0.00011621367593761533, 0.0001087124110199511, 9.882080485112965e-05, 0.00013913250586483628, 9.825606684898958e-05, 9.338063682662323e-05, 9.293932816945016e-05, 9.29557645577006e-05, 9.156606392934918e-05, 8.983219595393166e-05, 8.805916149867699e-05, 8.834154868964106e-05, 8.54596946737729e-05, 8.564328163629398e-05, 8.408983558183536e-05, 8.757233445066959e-05, 8.356084435945377e-05, 8.619473373983055e-05, 8.362687367480248e-05, 8.082197018666193e-05, 8.078901009866968e-05, 7.820600148988888e-05, 8.009147859411314e-05, 7.923890370875597e-05, 7.925117097329348e-05, 7.698643457842991e-05, 8.115200762404129e-05, 7.777696737321094e-05, 7.817068399162963e-05, 7.81338385422714e-05, 7.76098677306436e-05, 7.609037129441276e-05, 0.0005019963718950748, 0.0022749921772629023, 0.0011779112974181771, 0.001069308491423726, 0.0010060935746878386, 0.0009604358347132802, 0.0009309526649303734, 0.0009142213384620845, 0.0008844535332173109, 0.0008589848875999451, 0.0008186612976714969, 0.0007670489721931517], "val_loss": [0.050602078437805176, 0.03503531590104103, 0.031655628234148026, 0.022980522364377975, 0.02228412590920925, 0.020868564024567604, 0.02593858167529106, 0.019174007698893547, 0.02056337147951126, 0.023154623806476593, 0.017484046518802643, 0.015228766947984695, 0.016268989071249962, 0.01565448008477688, 0.01565632037818432, 0.015435575507581234, 0.01493009738624096, 0.016937799751758575, 0.015557575039565563, 0.014488780871033669, 0.014651292003691196, 0.01760704256594181, 0.014582927338778973, 0.015953203663229942, 0.015403246507048607, 0.015460130758583546, 0.016067342832684517, 0.013676752336323261, 0.013828165829181671, 0.014600330032408237, 0.013724086806178093, 0.013824083842337132, 0.019363723695278168, 0.014146687462925911, 0.01359823253005743, 0.015731750056147575, 0.01565668359398842, 0.013847594149410725, 0.23611822724342346, 0.24057191610336304, 0.214765265583992, 0.21509501338005066, 0.18326273560523987, 0.1759243607521057, 0.17675304412841797, 0.17409856617450714, 0.16196013987064362, 0.1576649695634842, 0.16233515739440918, 0.1391974240541458], "val_mae": [0.011492679826915264, 0.00996620673686266, 0.010055556893348694, 0.00794361811131239, 0.00803420227020979, 0.008037019520998001, 0.008991454727947712, 0.007569181267172098, 0.007879067212343216, 0.008061772212386131, 0.006956615950912237, 0.0065228743478655815, 0.0071561322547495365, 0.006587047129869461, 0.007007817272096872, 0.006524520926177502, 0.00659352308139205, 0.007383448071777821, 0.006844949442893267, 0.006469255778938532, 0.006689264439046383, 0.0070463018491864204, 0.0064187864772975445, 0.0068570589646697044, 0.00657610222697258, 0.007123609073460102, 0.00695487204939127, 0.006463354453444481, 0.006341352127492428, 0.00670316768810153, 0.006493041757494211, 0.006421196740120649, 0.007674981374293566, 0.006274771876633167, 0.006244317162781954, 0.006916014477610588, 0.007062521297484636, 0.006428966764360666, 0.026046615093946457, 0.027237944304943085, 0.024790940806269646, 0.024928081780672073, 0.023421242833137512, 0.02276323363184929, 0.022777533158659935, 0.021808885037899017, 0.02134976163506508, 0.02171768806874752, 0.02076822891831398, 0.01993330381810665], "val_mse": [0.0002699262695387006, 0.0001865341473603621, 0.00016811500245239586, 0.00012182473437860608, 0.0001186217850772664, 0.00011084871221100911, 0.00013756296539213508, 0.0001018736875266768, 0.00010901231144089252, 0.00012301906826905906, 9.294733899878338e-05, 8.089896437013522e-05, 8.618220454081893e-05, 8.305217488668859e-05, 8.310673001687974e-05, 8.21312569314614e-05, 7.95171654317528e-05, 8.979730046121404e-05, 8.257127046817914e-05, 7.677785470150411e-05, 7.771132368361577e-05, 9.349168976768851e-05, 7.73450592532754e-05, 8.496253576595336e-05, 8.169149077730253e-05, 8.203202014556155e-05, 8.528766193194315e-05, 7.274563540704548e-05, 7.355238631134853e-05, 7.739973807474598e-05, 7.291937799891457e-05, 7.345282210735604e-05, 0.00010285643656970933, 7.509582064813003e-05, 7.235534576466307e-05, 8.351522410521284e-05, 8.331676508532837e-05, 7.361632015090436e-05, 0.001258251490071416, 0.0012806690065190196, 0.0011453822953626513, 0.0011539077386260033, 0.0009772174526005983, 0.0009373129578307271, 0.0009428260964341462, 0.0009302963153459132, 0.0008651816169731319, 0.000840939290355891, 0.0008685190696269274, 0.0007415949366986752]}