{"loss": [0.6826242804527283, 0.5770948529243469, 0.53114253282547, 0.502940833568573, 0.4755688011646271, 0.4568485617637634, 0.43808653950691223, 0.4214347302913666, 0.40629106760025024, 0.3924958407878876, 0.3776229918003082, 0.36309686303138733, 0.34622353315353394, 0.32814496755599976, 0.30956578254699707, 0.28885748982429504, 0.27166345715522766, 0.2536664307117462, 0.23839810490608215, 0.22366532683372498, 0.2108941674232483, 0.19913546741008759, 0.18868163228034973, 0.17950591444969177, 0.17290489375591278, 0.16625164449214935, 0.16011761128902435, 0.1555202603340149, 0.15183548629283905, 0.14779894053936005, 0.1450703740119934, 0.14387370645999908, 0.14147919416427612, 0.13805928826332092, 0.13781872391700745, 0.1360912322998047, 0.1346375048160553, 0.13356991112232208, 0.13203777372837067, 0.13213923573493958, 0.13005006313323975, 0.12981998920440674, 0.12917925417423248, 0.1291166990995407, 0.12791144847869873, 0.12805616855621338, 0.12769073247909546, 0.12655776739120483, 0.12597183883190155, 0.1259775608778, 0.1257435530424118, 0.1253000944852829, 0.12435977160930634, 0.12386550009250641, 0.12429774552583694, 0.1234821304678917, 0.12318459898233414, 0.12331967055797577, 0.1234225407242775, 0.12230589240789413, 0.12199145555496216, 0.12205198407173157, 0.12207625061273575, 0.12113681435585022, 0.1222495511174202, 0.1207801103591919, 0.12053798884153366, 0.12061269581317902, 0.12058347463607788, 0.12014959007501602, 0.12008975446224213, 0.12005942314863205, 0.11913560330867767, 0.12013621628284454, 0.11891047656536102, 0.11837121099233627, 0.1194256842136383, 0.11944980174303055, 0.11949525028467178, 0.11779077351093292, 0.11772684007883072, 0.11805795878171921, 0.11785060912370682, 0.11818128079175949, 0.11708114296197891, 0.11778568476438522, 0.11670283228158951, 0.11742423474788666, 0.11691972613334656, 0.11643988639116287, 0.11625652760267258, 0.11706055700778961, 0.11671416461467743, 0.11575984954833984, 0.11545821279287338, 0.11583147943019867, 0.11567352712154388, 0.11514191329479218, 0.11529188603162766, 0.11525963991880417, 0.11502016335725784, 0.11456389725208282, 0.11501093208789825, 0.11550100892782211, 0.1146053895354271], "mae": [0.05110234394669533, 0.04672994837164879, 0.04441270977258682, 0.04297347366809845, 0.04148874059319496, 0.04041862487792969, 0.039449915289878845, 0.03850637376308441, 0.03773954138159752, 0.03690420091152191, 0.036150600761175156, 0.03530590608716011, 0.03439104184508324, 0.03330861032009125, 0.03223666548728943, 0.03118225187063217, 0.030166029930114746, 0.029188212007284164, 0.02829740196466446, 0.027497239410877228, 0.026641910895705223, 0.02592293545603752, 0.025226419791579247, 0.02467201091349125, 0.024306751787662506, 0.02377002127468586, 0.023326411843299866, 0.02298594079911709, 0.022733472287654877, 0.02244730107486248, 0.022216832265257835, 0.022165892645716667, 0.02196640893816948, 0.021730197593569756, 0.021725131198763847, 0.02154536359012127, 0.021380482241511345, 0.02131873555481434, 0.021219434216618538, 0.021212272346019745, 0.021109284833073616, 0.0210480447858572, 0.021022209897637367, 0.02103768289089203, 0.020944692194461823, 0.02088281139731407, 0.020860690623521805, 0.020765395835042, 0.020678434520959854, 0.02067701332271099, 0.020702725276350975, 0.020607711747288704, 0.020580559968948364, 0.020515870302915573, 0.020527353510260582, 0.020465128123760223, 0.020429829135537148, 0.020449195057153702, 0.020465677604079247, 0.02038625441491604, 0.020320136100053787, 0.020291822031140327, 0.020416099578142166, 0.02028147503733635, 0.020325789228081703, 0.020240994170308113, 0.020203933119773865, 0.020167900249361992, 0.020180944353342056, 0.02018515020608902, 0.020123671740293503, 0.02020188234746456, 0.020066464319825172, 0.020125970244407654, 0.0200912207365036, 0.020047258585691452, 0.020084135234355927, 0.020129919052124023, 0.020092977210879326, 0.019961053505539894, 0.019950460642576218, 0.019990717992186546, 0.01995680294930935, 0.020015887916088104, 0.019886374473571777, 0.01992199942469597, 0.019892007112503052, 0.019922491163015366, 0.01988237164914608, 0.019871899858117104, 0.019826384261250496, 0.01993643119931221, 0.019882623106241226, 0.019761960953474045, 0.01980339176952839, 0.019846338778734207, 0.019805733114480972, 0.019754448905587196, 0.01970362849533558, 0.01976018212735653, 0.019721370190382004, 0.019703395664691925, 0.01973652094602585, 0.019762970507144928, 0.01973430998623371], "mse": [0.004688662011176348, 0.003960573114454746, 0.003633400658145547, 0.0034521075431257486, 0.0032656164839863777, 0.0031224668491631746, 0.0029951808974146843, 0.002883566077798605, 0.0027923928573727608, 0.0026948582381010056, 0.0025916188023984432, 0.002489308826625347, 0.002376446733251214, 0.002247653203085065, 0.0021212343126535416, 0.0019853997509926558, 0.0018597433809190989, 0.0017375146271660924, 0.0016297504771500826, 0.001529986271634698, 0.0014392986195161939, 0.0013605136191472411, 0.0012833019718527794, 0.0012256717309355736, 0.0011772018624469638, 0.0011311605339869857, 0.0010896079475060105, 0.001057104323990643, 0.0010302395094186068, 0.001005489844828844, 0.0009845119202509522, 0.0009746595751494169, 0.0009594113798812032, 0.0009384074946865439, 0.0009348543826490641, 0.0009222319931723177, 0.0009114269050769508, 0.0009031728841364384, 0.0008970738854259253, 0.000896059034857899, 0.0008823573007248342, 0.000878289109095931, 0.0008758875774219632, 0.0008754595182836056, 0.0008670733077451587, 0.000867463939357549, 0.0008646472706459463, 0.0008578337146900594, 0.0008550113416276872, 0.0008521689451299608, 0.0008520350675098598, 0.0008462656987830997, 0.0008448068401776254, 0.0008401332888752222, 0.0008390336879529059, 0.0008359475177712739, 0.0008329605334438384, 0.0008344068774022162, 0.0008338428451679647, 0.0008288778481073678, 0.0008256247965618968, 0.0008248707745224237, 0.0008261679322458804, 0.0008195754489861429, 0.0008240155293606222, 0.0008166405605152249, 0.0008142089354805648, 0.0008139443816617131, 0.0008137423428706825, 0.0008128501940518618, 0.0008110358030535281, 0.000813470222055912, 0.0008065198780968785, 0.0008093606447800994, 0.0008073235512711108, 0.0008020297973416746, 0.0008046851144172251, 0.0008077636593952775, 0.0008064635912887752, 0.0007978467619977891, 0.0007971118320710957, 0.0007985635311342776, 0.0007960487273521721, 0.0008007115684449673, 0.0007916485192254186, 0.0007942200172692537, 0.0007912158616818488, 0.0007923032389953732, 0.0007917592884041369, 0.0007878768956288695, 0.0007873931317590177, 0.0007921202923171222, 0.0007881206693127751, 0.0007828939124010503, 0.0007828285451978445, 0.0007852828130125999, 0.0007830561953596771, 0.0007789334049448371, 0.0007791817770339549, 0.0007783279870636761, 0.000779263733420521, 0.0007766954367980361, 0.0007789761875756085, 0.0007786547066643834, 0.0007778233266435564],