{"loss": [0.7331070899963379, 0.27933141589164734, 0.17948898673057556, 0.15934260189533234, 0.15455938875675201, 0.15133044123649597, 0.1434176117181778, 0.13903255760669708, 0.13986937701702118, 0.13708069920539856, 0.13428719341754913, 0.13076481223106384, 0.1303853541612625, 0.12806615233421326, 0.12589068710803986, 0.12532487511634827, 0.12474127113819122, 0.12452322244644165, 0.1209273487329483, 0.12082497775554657, 0.1196049153804779, 0.11819105595350266, 0.11836101114749908, 0.11754469573497772, 0.1176048070192337, 0.11775410175323486, 0.11964574456214905, 0.11602094024419785, 0.11571890115737915, 0.11277208477258682, 0.11304555833339691, 0.11411453783512115, 0.3064672350883484, 0.5001901388168335, 0.479789674282074, 0.46364226937294006, 0.7971926331520081, 0.8518020510673523, 1.1750400066375732, 0.9711943864822388, 0.9740294814109802, 0.9275012016296387, 0.8210272789001465, 0.7852160334587097], "mae": [0.07017923891544342, 0.04126199334859848, 0.03278094902634621, 0.030866263434290886, 0.03029322624206543, 0.02995358407497406, 0.029250245541334152, 0.028705963864922523, 0.02874770388007164, 0.028568262234330177, 0.028251001611351967, 0.027865393087267876, 0.02780020423233509, 0.02759786695241928, 0.027450626716017723, 0.027262693271040916, 0.027139442041516304, 0.027183156460523605, 0.026791125535964966, 0.026773640885949135, 0.02663714624941349, 0.026564940810203552, 0.026532242074608803, 0.026357054710388184, 0.026433857157826424, 0.026423603296279907, 0.02648615650832653, 0.026297062635421753, 0.026238055899739265, 0.02591487020254135, 0.025892967358231544, 0.026102174073457718, 0.03982540965080261, 0.05591224133968353, 0.05460374057292938, 0.053204357624053955, 0.07122687250375748, 0.07535310089588165, 0.08508915454149246, 0.0835019126534462, 0.08420544117689133, 0.08176474273204803, 0.07560662180185318, 0.07316404581069946], "mse": [0.007995601743459702, 0.0030347229912877083, 0.0019424471538513899, 0.0017250013770535588, 0.0016711767530068755, 0.0016381618333980441, 0.0015560443280264735, 0.0015006903558969498, 0.0015122391050681472, 0.001482328400015831, 0.0014512228081002831, 0.0014131513889878988, 0.001411087461747229, 0.0013842590851709247, 0.001362336566671729, 0.0013529110001400113, 0.0013471259735524654, 0.0013455316657200456, 0.0013069596607238054, 0.0013071520952507854, 0.001291631255298853, 0.0012776264920830727, 0.0012776198564097285, 0.0012692876625806093, 0.0012711310992017388, 0.0012729312293231487, 0.001287212478928268, 0.001252414658665657, 0.0012476571137085557, 0.001218447694554925, 0.0012222884688526392, 0.0012316760839894414, 0.003338221926242113, 0.005456134676933289, 0.00523211108520627, 0.005063879769295454, 0.008670194074511528, 0.00931979063898325, 0.012753861956298351, 0.010639549233019352, 0.0106619568541646, 0.010163954459130764, 0.008982377126812935, 0.008586437441408634], "val_loss": [0.4515880346298218, 0.1949969083070755, 0.20843389630317688, 0.17362667620182037, 0.1507202684879303, 0.13280199468135834, 0.1371275782585144, 0.16770097613334656, 0.1411176472902298, 0.12681962549686432, 0.12729425728321075, 0.12255970388650894, 0.13084439933300018, 0.12441994994878769, 0.11890153586864471, 0.11755677312612534, 0.12686483561992645, 0.13113591074943542, 0.11359726637601852, 0.11663283407688141, 0.1197783425450325, 0.12706099450588226, 0.11840983480215073, 0.11623498797416687, 0.11561703681945801, 0.1338575780391693, 0.11930647492408752, 0.11101313680410385, 0.11065984517335892, 0.11257021129131317, 0.11746538430452347, 0.11334343254566193, 0.5094296932220459, 0.495553195476532, 0.5685078501701355, 0.47845035791397095, 0.8078902363777161, 0.7984814643859863, 0.9934238791465759, 0.9686087965965271, 0.9594554305076599, 0.8843123912811279, 0.786921501159668, 0.7652828693389893], "val_mae": [0.054594915360212326, 0.03323684632778168, 0.034702785313129425, 0.03119695372879505, 0.029860585927963257, 0.027588047087192535, 0.029154447838664055, 0.03344106301665306, 0.030171524733304977, 0.0270206518471241, 0.02738107740879059, 0.027439551427960396, 0.02809372916817665, 0.026977062225341797, 0.026379717513918877, 0.026297204196453094, 0.027962837368249893, 0.027979498729109764, 0.0258635263890028, 0.026486504822969437, 0.026385344564914703, 0.027487969025969505, 0.026523949578404427, 0.026257632300257683, 0.026229212060570717, 0.028129875659942627, 0.025988027453422546, 0.02579570934176445, 0.025092128664255142, 0.026250841096043587, 0.026517648249864578, 0.026111500337719917, 0.056845344603061676, 0.055304426699876785, 0.05453042685985565, 0.054182570427656174, 0.07531802356243134, 0.07403843104839325, 0.084327332675457, 0.08442985266447067, 0.08392420411109924, 0.07984694093465805, 0.07292048633098602, 0.07206883281469345], "val_mse": [0.004982686135917902, 0.002124303951859474, 0.0022754515521228313, 0.0018853229703381658, 0.0016366437776014209, 0.001445203903131187, 0.0014985045418143272, 0.0018240628996863961, 0.0015336875803768635, 0.0013833187986165285, 0.0013901892816647887, 0.0013349778018891811, 0.0014248202787712216, 0.0013579283840954304, 0.0012944386107847095, 0.0012794004287570715, 0.0013800375163555145, 0.0014245504280552268, 0.001237482181750238, 0.0012739964295178652, 0.001299821538850665, 0.0013836665311828256, 0.0012911349767819047, 0.001268525724299252, 0.001263940124772489, 0.0014617069391533732, 0.0013008350506424904, 0.001207986962981522, 0.001204365980811417, 0.00122159905731678, 0.0012776722433045506, 0.001237087999470532, 0.005587856285274029, 0.0054292744025588036, 0.006112166680395603, 0.005201934836804867, 0.008920145221054554, 0.00881832093000412, 0.011000635102391243, 0.01068386435508728, 0.010611025616526604, 0.00975733995437622, 0.0087027782574296, 0.008449617773294449]}