{"loss": [0.3361594080924988, 0.15562982857227325, 0.1377817690372467, 0.13211584091186523, 0.12692157924175262, 0.12063835561275482, 0.11319481581449509, 0.10535657405853271, 0.10070208460092545, 0.09623204916715622, 0.09253250807523727, 0.08838653564453125, 0.08403848856687546, 0.07953507453203201, 0.07330464571714401, 0.06547519564628601, 0.057187724858522415, 0.04997677356004715, 0.04411976411938667, 0.04008284583687782, 0.0366147980093956, 0.03411436080932617, 0.03198628127574921, 0.030375177040696144, 0.02860046923160553, 0.027202939614653587, 0.02600030042231083, 0.024744229391217232, 0.023802850395441055, 0.022929586470127106, 0.021924246102571487, 0.02094164490699768, 0.02017376385629177, 0.01938408799469471, 0.018859101459383965, 0.018222251906991005, 0.01797644980251789, 0.017506660893559456, 0.01699667237699032, 0.016742533072829247, 0.016359254717826843, 0.01601503975689411, 0.015880633145570755, 0.015613696537911892, 0.015285889618098736, 0.015128963626921177, 0.014932624064385891, 0.014698140323162079, 0.014704703353345394, 0.014467770233750343, 0.014345581643283367, 0.014196375384926796, 0.013989809900522232, 0.013924808241426945, 0.013590417802333832, 0.013610404916107655, 0.013478543609380722, 0.013342300429940224, 0.013229988515377045, 0.013106543570756912, 0.013047132641077042, 0.013011042028665543, 0.012760680168867111, 0.012780603021383286, 0.012568415142595768, 0.012438138015568256, 0.012402602471411228, 0.012469598092138767, 0.01229207031428814, 0.012242341414093971, 0.012124103493988514, 0.01213109027594328, 0.012009771540760994, 0.011973919346928596, 0.011929359287023544, 0.011882757768034935, 0.011781299486756325, 0.011806134134531021, 0.011781278066337109, 0.011672908440232277, 0.011621672660112381, 0.011609713546931744, 0.011438488960266113, 0.011446746066212654, 0.01139084342867136, 0.011457547545433044, 0.011300715617835522, 0.011302697472274303, 0.011251226998865604, 0.011317148804664612, 0.011244536377489567, 0.011181216686964035, 0.011066733859479427, 0.01124220248311758, 0.011117382906377316, 0.01097799465060234, 0.011090373620390892, 0.010973714292049408, 0.01091549452394247, 0.01103576272726059], "mae": [0.022924650460481644, 0.01568683609366417, 0.014568708837032318, 0.014121046289801598, 0.013795050792396069, 0.013409371487796307, 0.012883729301393032, 0.012403923086822033, 0.01209801435470581, 0.011690591461956501, 0.011420904658734798, 0.011104564182460308, 0.010786312632262707, 0.01042975950986147, 0.009932270273566246, 0.00936485268175602, 0.00877230055630207, 0.008175655268132687, 0.007698860019445419, 0.007314881309866905, 0.007043087854981422, 0.006798574235290289, 0.006578158121556044, 0.006460185628384352, 0.006271525286138058, 0.006130324676632881, 0.006059062201529741, 0.00589695293456316, 0.0057858373038470745, 0.005696273408830166, 0.005586461629718542, 0.00545823248103261, 0.005367532838135958, 0.005281991325318813, 0.005223094020038843, 0.005138555075973272, 0.005156951956450939, 0.005082510411739349, 0.0049973116256296635, 0.004996765870600939, 0.00492201279848814, 0.004889704752713442, 0.004905228968709707, 0.004848000127822161, 0.004787806421518326, 0.004766365978866816, 0.004749853629618883, 0.004703923128545284, 0.00470479391515255, 0.004690061789005995, 0.004669430200010538, 0.004633946344256401, 0.004613813944160938, 0.004584223963320255, 0.004541968461126089, 0.004542892333120108, 0.004545904230326414, 0.0044998899102211, 0.004471193999052048, 0.004456156399101019, 0.00445924187079072, 0.004443163517862558, 0.0043748221360147, 0.0043941340409219265, 0.004361340310424566, 0.004334025084972382, 0.004333980847150087, 0.004346837755292654, 0.004343606065958738, 0.004319238942116499, 0.004273074679076672, 0.004297257866710424, 0.004279996268451214, 0.004274383652955294, 0.0042909965850412846, 0.004228063393384218, 0.004245065618306398, 0.004230291582643986, 0.0042221094481647015, 0.004246965982019901, 0.004204091150313616, 0.004188686143606901, 0.004189202096313238, 0.004177224822342396, 0.004174806177616119, 0.004190841689705849, 0.004149083513766527, 0.0041603809222579, 0.004148051608353853, 0.004144439939409494, 0.004143812227994204, 0.004134601913392544, 0.004129561595618725, 0.004129917360842228, 0.004120359197258949, 0.004078842233866453, 0.004110957495868206, 0.004076033364981413, 0.0040950956754386425, 0.0041076624765992165], "mse": [0.0011457386426627636, 0.0005329676205292344, 0.0004719090647995472, 0.00044752206304110587, 0.00043017108691856265, 0.0004096121992915869, 0.00038359241443686187, 0.0003589153930079192, 0.00034187384881079197, 0.0003263471298851073, 0.00031352543737739325, 0.0003004173340741545, 0.00028749697958119214, 0.00027031140052713454, 0.0002489563194103539, 0.00022104408708401024, 0.0001937290362548083, 0.00016806719941087067, 0.0001486973196733743, 0.0001343033800367266, 0.0001232661452377215, 0.00011466800788184628, 0.00010722354636527598, 0.00010155806376133114, 9.55110663198866e-05, 9.112140833167359e-05, 8.682932093506679e-05, 8.28359552542679e-05, 7.922018994577229e-05, 7.630221807630733e-05, 7.339630974456668e-05, 7.024064689176157e-05, 6.729581218678504e-05, 6.487566133728251e-05, 6.282138201640919e-05, 6.086120993131772e-05, 5.966305252513848e-05, 5.806183980894275e-05, 5.649566082865931e-05, 5.567200787481852e-05, 5.441018220153637e-05, 5.3282754379324615e-05, 5.299176700646058e-05, 5.188390423427336e-05, 5.0890106649603695e-05, 5.024817437515594e-05, 4.955413896823302e-05, 4.875927697867155e-05, 4.852662459597923e-05, 4.790282400790602e-05, 4.7542507672915235e-05, 4.69709157187026e-05, 4.640830957214348e-05, 4.595684367814101e-05, 4.528816862148233e-05, 4.490916762733832e-05, 4.471604188438505e-05, 4.4297070417087525e-05, 4.379589154268615e-05, 4.345431079855189e-05, 4.325567715568468e-05, 4.3002099118893966e-05, 4.218708636472002e-05, 4.219557376927696e-05, 4.184487625025213e-05, 4.129936496610753e-05, 4.1199240513378754e-05, 4.1233852243749425e-05, 4.096722841495648e-05, 4.05565369874239e-05, 4.01928300561849e-05, 4.0287934098159894e-05, 3.993317295680754e-05, 3.976892548962496e-05, 3.961463153245859e-05, 3.9170041418401524e-05, 3.9092883525881916e-05, 3.903181277564727e-05, 3.890225707436912e-05, 3.883028693962842e-05, 3.8404363294830546e-05, 3.8219845009734854e-05, 3.802938590524718e-05, 3.791797280428e-05, 3.77368378394749e-05, 3.7839494325453416e-05, 3.7455429264809936e-05, 3.745552385225892e-05, 3.72998729289975e-05, 3.738188388524577e-05, 3.726110662682913e-05, 3.704629489220679e-05, 3.690801895572804e-05, 3.708679651026614e-05, 3.6792655009776354e-05, 3.6325705877970904e-05, 3.669366560643539e-05, 3.629858838394284e-05, 3.638332782429643e-05, 3.65073537977878e-05],