{"loss": [0.6273548603057861, 0.2560656666755676, 0.22564709186553955, 0.21919101476669312, 0.20199695229530334, 0.19818130135536194, 0.19498595595359802, 0.19342957437038422, 0.19007590413093567, 0.18499122560024261, 0.18227943778038025, 0.18266332149505615, 0.17926058173179626, 0.17741334438323975, 0.1755644530057907, 0.17320868372917175, 0.17077839374542236, 0.16962498426437378, 0.1691129356622696, 0.16985034942626953, 0.16721569001674652, 0.1656300276517868, 0.1632760465145111, 0.16312043368816376, 0.1644570231437683, 0.1618678718805313, 0.1611727923154831, 0.16289395093917847, 0.16037295758724213, 0.16007275879383087, 0.15849198400974274, 0.15817110240459442, 0.15798932313919067, 0.15785878896713257, 0.15644727647304535, 0.1583712100982666, 0.1579686403274536, 0.15590529143810272, 0.15417097508907318, 0.15628162026405334, 0.1548483818769455, 0.15893946588039398, 0.15450502932071686, 0.15183426439762115, 0.1528971791267395, 0.15283545851707458, 0.15218190848827362, 0.15289025008678436, 0.15271557867527008, 0.1503189206123352, 0.15078453719615936, 0.15718582272529602, 0.14955058693885803, 0.15079332888126373, 0.22266872227191925, 0.2398027926683426, 0.19869114458560944, 0.18016435205936432, 0.1687709540128708, 0.1635724902153015, 0.16053715348243713, 0.1579357385635376, 0.15698014199733734, 0.15431754291057587, 0.15196329355239868, 0.14998853206634521, 0.14962540566921234, 0.15159977972507477, 0.14808383584022522], "mae": [0.045147042721509933, 0.030512753874063492, 0.02849562279880047, 0.028090380132198334, 0.027114754542708397, 0.02677556499838829, 0.0265535656362772, 0.026461485773324966, 0.026232393458485603, 0.025932515040040016, 0.0256740003824234, 0.025700818747282028, 0.025496497750282288, 0.025254346430301666, 0.025080563500523567, 0.024869652464985847, 0.02484111860394478, 0.024673664942383766, 0.0245368592441082, 0.024572152644395828, 0.024395769461989403, 0.02434660494327545, 0.024178776890039444, 0.024083852767944336, 0.02425997145473957, 0.0239839106798172, 0.0239216610789299, 0.024051828309893608, 0.023886319249868393, 0.0238152127712965, 0.02363990992307663, 0.023635463789105415, 0.023698197677731514, 0.023656515404582024, 0.02353746071457863, 0.023657076060771942, 0.023630956187844276, 0.023493528366088867, 0.023358643054962158, 0.023467831313610077, 0.02339419536292553, 0.023633897304534912, 0.023335231468081474, 0.02319149300456047, 0.023240666836500168, 0.0232340507209301, 0.02322542481124401, 0.023238375782966614, 0.02321002446115017, 0.02305215783417225, 0.023038659244775772, 0.023507393896579742, 0.02290540561079979, 0.02307148464024067, 0.02751210704445839, 0.02929040417075157, 0.026788786053657532, 0.02549206092953682, 0.024659493938088417, 0.024138322100043297, 0.024020634591579437, 0.023711752146482468, 0.023666633293032646, 0.023391321301460266, 0.023205285891890526, 0.023095177486538887, 0.02298632264137268, 0.02312655933201313, 0.022867748513817787], "mse": [0.0042854780331254005, 0.001751008559949696, 0.0015405250014737248, 0.0014956939266994596, 0.001375654828734696, 0.001348884659819305, 0.0013277657562866807, 0.0013156275963410735, 0.0012938303407281637, 0.0012623978545889258, 0.001238975441083312, 0.0012419320410117507, 0.0012219056952744722, 0.0012077322462573647, 0.0011945157311856747, 0.0011761455098167062, 0.0011645924532786012, 0.001156090758740902, 0.0011487125884741545, 0.001152567914687097, 0.0011383109958842397, 0.0011266854126006365, 0.001113247824832797, 0.001110450946725905, 0.0011184816248714924, 0.0010994848562404513, 0.0010950007708743215, 0.0011079295072704554, 0.0010908246040344238, 0.0010872791754081845, 0.0010792517568916082, 0.0010747637134045362, 0.0010757759446278214, 0.0010743292514234781, 0.001064622774720192, 0.001073400373570621, 0.0010722674196586013, 0.0010604101698845625, 0.0010474581504240632, 0.0010618189116939902, 0.0010516744805499911, 0.0010837451554834843, 0.0010486813262104988, 0.0010331422090530396, 0.0010374666890129447, 0.0010398828890174627, 0.0010332087986171246, 0.0010395426070317626, 0.001037160400301218, 0.0010228188475593925, 0.0010238706599920988, 0.0010676444508135319, 0.0010178883094340563, 0.0010253071086481214, 0.0015128420200198889, 0.0016382386675104499, 0.0013560057850554585, 0.0012250280706211925, 0.0011525849113240838, 0.0011097509413957596, 0.0010925052920356393, 0.0010712145594879985, 0.0010667932219803333, 0.001047218800522387, 0.0010331013472750783, 0.0010210004402324557, 0.0010145180858671665, 0.0010276924585923553, 0.001007248181849718], "val_loss": [0.2760685682296753, 0.25339457392692566, 0.2069450467824936, 0.2006624937057495, 0.1988144814968109, 0.19105574488639832, 0.17994646728038788, 0.17041854560375214, 0.17370499670505524, 0.17277051508426666, 0.18409216403961182, 0.16728737950325012, 0.19114990532398224, 0.1743287295103073, 0.16459237039089203, 0.16547352075576782, 0.16727903485298157, 0.17100892961025238, 0.15838856995105743, 0.16153085231781006, 0.15978744626045227, 0.15839993953704834, 0.1599206030368805, 0.16513700783252716, 0.15775538980960846, 0.15531031787395477, 0.16127148270606995, 0.1522756963968277, 0.1578398495912552, 0.16889852285385132, 0.15965020656585693, 0.1562267243862152, 0.15437445044517517, 0.15453596413135529, 0.15315766632556915, 0.16308294236660004, 0.15181104838848114, 0.15303413569927216, 0.14761874079704285, 0.1532665640115738, 0.15358857810497284, 0.15522794425487518, 0.17910639941692352, 0.15157604217529297, 0.16447065770626068, 0.1562941074371338, 0.14883679151535034, 0.15592077374458313, 0.1482784003019333, 0.151415154337883, 0.16191786527633667, 0.14892549812793732, 0.15556171536445618, 0.14740796387195587, 0.2840220332145691, 0.21321739256381989, 0.18733713030815125, 0.17121106386184692, 0.1657423973083496, 0.1615903228521347, 0.15879707038402557, 0.16980043053627014, 0.15488693118095398, 0.1499188244342804, 0.14959591627120972, 0.14981423318386078, 0.1474587321281433, 0.16358739137649536, 0.151418998837471], "val_mae": [0.030462028458714485, 0.02924988605082035, 0.028572678565979004, 0.02777090296149254, 0.025926288217306137, 0.027024079114198685, 0.025701317936182022, 0.024493608623743057, 0.024248627945780754, 0.025834953412413597, 0.026054622605443, 0.024006051942706108, 0.028352275490760803, 0.024277569726109505, 0.024609263986349106, 0.024169664829969406, 0.024448605254292488, 0.02407943457365036, 0.023946689441800117, 0.02314833737909794, 0.023577146232128143, 0.02344428189098835, 0.02307005785405636, 0.02352425642311573, 0.022849781438708305, 0.023771192878484726, 0.023050017654895782, 0.022994356229901314, 0.023042812943458557, 0.024863548576831818, 0.024759378284215927, 0.02392551116645336, 0.02282901294529438, 0.02353072166442871, 0.023224538192152977, 0.025529932230710983, 0.023400362581014633, 0.023702828213572502, 0.022632058709859848, 0.02412344515323639, 0.022704171016812325, 0.02404825948178768, 0.024372493848204613, 0.022866278886795044, 0.023685278370976448, 0.02314664050936699, 0.022885337471961975, 0.0238654725253582, 0.02260182984173298, 0.022691527381539345, 0.024422703310847282, 0.02244970016181469, 0.022694258019328117, 0.02238728292286396, 0.030790170654654503, 0.026775097474455833, 0.025120442733168602, 0.02492855116724968, 0.023603957146406174, 0.023201409727334976, 0.02300756610929966, 0.02654382586479187, 0.02395550161600113, 0.02282080613076687, 0.022922463715076447, 0.022691944614052773, 0.022250181064009666, 0.023671993985772133, 0.024213679134845734],