{"loss": [0.7906134128570557, 0.7158849239349365, 0.7021543979644775, 0.6961491703987122, 0.6894998550415039, 0.6828601956367493, 0.6719813942909241, 0.6411254405975342, 0.6108178496360779, 0.581708550453186, 0.5603682398796082, 0.5361179709434509, 0.5112801194190979, 0.4871498942375183, 0.4647672474384308, 0.4446338415145874, 0.42454007267951965, 0.4074471592903137, 0.3919052183628082, 0.375270277261734, 0.3633488416671753, 0.3504975140094757, 0.3390958607196808, 0.328748494386673, 0.3187948167324066, 0.308381050825119, 0.3002622127532959, 0.2920428216457367, 0.2839454412460327, 0.27614718675613403, 0.27029046416282654, 0.26386189460754395, 0.25998878479003906, 0.25350645184516907, 0.24941663444042206, 0.24484717845916748, 0.241368368268013, 0.2365460991859436, 0.23577214777469635, 0.23251554369926453, 0.23040054738521576, 0.22768618166446686, 0.2249988168478012, 0.2240699678659439, 0.22147391736507416, 0.2179080843925476, 0.21765275299549103, 0.21626964211463928, 0.21684642136096954, 0.2138732373714447, 0.21259522438049316, 0.21024005115032196, 0.20976856350898743, 0.208396777510643, 0.2093317210674286, 0.20628805458545685, 0.2074323147535324, 0.20568472146987915, 0.2045046091079712, 0.20573756098747253, 0.20289114117622375, 0.2023853063583374, 0.20078884065151215, 0.20108342170715332, 0.20000433921813965, 0.19988630712032318, 0.19941569864749908, 0.19983850419521332, 0.19884517788887024, 0.19712652266025543, 0.19789141416549683, 0.1973208636045456, 0.19703367352485657, 0.1962110549211502, 0.1954576075077057, 0.1962219923734665, 0.19576014578342438, 0.19440685212612152, 0.19508451223373413, 0.19392144680023193, 0.19366763532161713, 0.19313928484916687, 0.19365765154361725, 0.19295839965343475, 0.19307297468185425, 0.19174116849899292, 0.19251595437526703, 0.1921822875738144, 0.19076716899871826, 0.19087998569011688, 0.1899990290403366, 0.19107560813426971, 0.19115875661373138, 0.18936681747436523, 0.18918707966804504, 0.18935464322566986, 0.18941478431224823, 0.188837930560112, 0.18885384500026703, 0.1877552568912506, 0.18871505558490753, 0.18825772404670715, 0.18836432695388794, 0.18778705596923828, 0.18697874248027802, 0.18704697489738464, 0.18740220367908478, 0.18739132583141327, 0.18683703243732452, 0.18721963465213776, 0.1870873123407364, 0.1865856647491455, 0.1852279156446457, 0.18694531917572021, 0.18549928069114685, 0.18487083911895752, 0.18446950614452362], "mae": [0.0848563015460968, 0.0794045552611351, 0.07826253026723862, 0.07785893231630325, 0.0773407369852066, 0.07685660570859909, 0.07603774964809418, 0.07365171611309052, 0.07153338938951492, 0.06945691257715225, 0.06807667762041092, 0.06638454645872116, 0.0647236779332161, 0.06309866160154343, 0.06155296415090561, 0.06012949347496033, 0.05851602181792259, 0.05725541338324547, 0.056097835302352905, 0.054911140352487564, 0.05379267781972885, 0.05269651114940643, 0.051828302443027496, 0.051012057811021805, 0.05013478547334671, 0.04934003949165344, 0.048598166555166245, 0.04791521653532982, 0.047285594046115875, 0.0465664342045784, 0.04595848545432091, 0.04545393958687782, 0.04512714967131615, 0.04446600750088692, 0.044001493602991104, 0.04364428296685219, 0.043338850140571594, 0.04288135841488838, 0.042758725583553314, 0.04249553382396698, 0.04222319275140762, 0.04194727912545204, 0.0416533462703228, 0.04155628755688667, 0.041293151676654816, 0.04092831537127495, 0.040949221700429916, 0.040785957127809525, 0.040864259004592896, 0.040612269192934036, 0.04035642370581627, 0.0402139388024807, 0.0400458388030529, 0.03995969891548157, 0.039980657398700714, 0.03972069174051285, 0.039830971509218216, 0.03958859667181969, 0.03953002765774727, 0.03959137946367264, 0.0392768457531929, 0.03931721672415733, 0.03913462534546852, 0.03918244317173958, 0.039095859974622726, 0.03908250480890274, 0.03896082937717438, 0.03896066173911095, 0.038853127509355545, 0.038781799376010895, 0.038795020431280136, 0.0387740321457386, 0.03860814869403839, 0.0386507511138916, 0.03855559229850769, 0.038590218871831894, 0.038565270602703094, 0.03837138041853905, 0.03844648227095604, 0.03842197731137276, 0.038360610604286194, 0.038285404443740845, 0.03835302218794823, 0.03831419348716736, 0.03832022845745087, 0.038055818527936935, 0.03819439187645912, 0.03814135864377022, 0.03805796056985855, 0.038087520748376846, 0.037957582622766495, 0.03803854063153267, 0.038028936833143234, 0.03789852187037468, 0.03782728686928749, 0.03786543756723404, 0.03783201798796654, 0.037804290652275085, 0.037818267941474915, 0.03769611939787865, 0.03780743107199669, 0.03774319589138031, 0.03770812228322029, 0.03769060596823692, 0.0376008078455925, 0.03756840527057648, 0.037664104253053665, 0.037599921226501465, 0.03757486492395401, 0.03762495145201683, 0.0375622920691967, 0.03753119707107544, 0.03744400292634964, 0.037529315799474716, 0.03742855787277222, 0.03743049502372742, 0.03739051893353462], "mse": [0.0110176308080554, 0.009978393092751503, 0.009783497080206871, 0.009702561423182487, 0.009607663378119469, 0.009516050107777119, 0.009358475916087627, 0.008931069634854794, 0.008494078181684017, 0.008084749802947044, 0.0077848294749855995, 0.0074552809819579124, 0.0071064867079257965, 0.006766069680452347, 0.006451396271586418, 0.0061781760305166245, 0.005885402671992779, 0.005650533828884363, 0.005430757999420166, 0.0052124313078820705, 0.005037962459027767, 0.0048635490238666534, 0.004701120313256979, 0.004558720160275698, 0.004417935851961374, 0.004272675607353449, 0.004157730378210545, 0.00404519634321332, 0.0039328522980213165, 0.0038288936484605074, 0.0037366340402513742, 0.003653579391539097, 0.0036021475680172443, 0.0035121312830597162, 0.003443072782829404, 0.003389214864000678, 0.0033357329666614532, 0.003276589559391141, 0.0032656171824783087, 0.003224101383239031, 0.0031829571817070246, 0.00315099791623652, 0.003109429031610489, 0.0030929299537092447, 0.003057069843634963, 0.003010240150615573, 0.0030031714122742414, 0.0029876066837459803, 0.002996113384142518, 0.0029600351117551327, 0.0029391164425760508, 0.0029063818510621786, 0.002898869337514043, 0.002878734841942787, 0.0028898660093545914, 0.0028504044748842716, 0.002866990864276886, 0.002838357351720333, 0.0028252846095710993, 0.0028398274444043636, 0.002799446228891611, 0.002794720232486725, 0.0027745647821575403, 0.002780994400382042, 0.0027660257183015347, 0.0027675761375576258, 0.002753646345809102, 0.002753477543592453, 0.002742159180343151, 0.0027244212105870247, 0.002731901593506336, 0.0027267574332654476, 0.002713446971029043, 0.0027088753413408995, 0.0027031050994992256, 0.0027085780166089535, 0.002705024089664221, 0.002685842104256153, 0.002689703367650509, 0.002677799668163061, 0.0026786501985043287, 0.002666458487510681, 0.002672279719263315, 0.0026633425150066614, 0.0026618356350809336, 0.0026452355086803436, 0.002661853563040495, 0.0026528064627200365, 0.002636837540194392, 0.0026394068263471127, 0.0026259489823132753, 0.002635292476043105, 0.002635924145579338, 0.002618740312755108, 0.0026072997134178877, 0.0026129954494535923, 0.0026132476050406694, 0.0026047464925795794, 0.0026071383617818356, 0.0025963434018194675, 0.002606147900223732, 0.002598651684820652, 0.0025994766037911177, 0.0025947836693376303, 0.002582785440608859, 0.0025822327006608248, 0.0025875333230942488, 0.002590640215203166, 0.002577762585133314, 0.0025817255955189466, 0.0025756913237273693, 0.0025755497626960278, 0.0025561589282006025, 0.0025768468622118235, 0.0025611650198698044, 0.00255403621122241, 0.002549006137996912],