{"loss": [0.22207820415496826, 0.04645610228180885, 0.03600205108523369, 0.029083941131830215, 0.025956768542528152, 0.025059862062335014, 0.02564709447324276, 0.02176102250814438, 0.02177298814058304, 0.020298967137932777, 0.026178810745477676, 0.019576871767640114, 0.02012217976152897, 0.019371844828128815, 0.0193670392036438, 0.019774943590164185, 0.02108447253704071, 0.018626665696501732, 0.018545733764767647, 0.01865251362323761, 0.018620843067765236, 0.01819772645831108, 0.01823762059211731, 0.018181689083576202, 0.017696551978588104, 0.01805945858359337, 0.017502035945653915, 0.017477864399552345, 0.017288900911808014, 0.017245713621377945, 0.0176714900881052, 0.017219487577676773, 0.01713370718061924, 0.01734229177236557, 0.017236504703760147, 0.01702137105166912, 0.016809502616524696, 0.017388952895998955, 0.017188236117362976, 0.016576314345002174, 0.016707967966794968, 0.0164839755743742, 0.0170468557626009, 0.016666235402226448, 0.016455430537462234, 0.01697775162756443, 0.016524603590369225, 0.016655350103974342, 0.016326632350683212, 0.01655096560716629, 0.016342977061867714, 0.4582858085632324, 0.8746917247772217], "mae": [0.02344314381480217, 0.011694764718413353, 0.010230476967990398, 0.00926888082176447, 0.00884428434073925, 0.008644343353807926, 0.00873527955263853, 0.008108038455247879, 0.008133643306791782, 0.007802713196724653, 0.008598687127232552, 0.007726843468844891, 0.007844830863177776, 0.007666409946978092, 0.00767595786601305, 0.007719766814261675, 0.007879437878727913, 0.007513014134019613, 0.007487240247428417, 0.007523066829890013, 0.007512248586863279, 0.0074500697664916515, 0.007435188628733158, 0.007440165150910616, 0.007328106090426445, 0.007392605300992727, 0.00726215960457921, 0.007268244866281748, 0.007224482949823141, 0.007241962943226099, 0.00732452841475606, 0.007221347186714411, 0.007197610568255186, 0.007242085412144661, 0.00720983324572444, 0.007178622297942638, 0.007120470516383648, 0.0072144097648561, 0.007198390085250139, 0.007075498346239328, 0.00711344089359045, 0.007054105866700411, 0.007169665768742561, 0.00707077793776989, 0.007037587929517031, 0.007157177198678255, 0.0070627895183861256, 0.007109603378921747, 0.007029110100120306, 0.007069189101457596, 0.007008921820670366, 0.028878426179289818, 0.048011619597673416], "mse": [0.0011877543292939663, 0.0002478483074810356, 0.0001914798776851967, 0.00015463924501091242, 0.00013862676860298961, 0.00013328040950000286, 0.00013626509462483227, 0.00011617171549005434, 0.00011586252367123961, 0.0001079984795069322, 0.0001401972258463502, 0.0001042232324834913, 0.00010734699753811583, 0.00010334031685488299, 0.00010306224430678412, 0.000105490573332645, 0.00011247968359384686, 9.92635905276984e-05, 9.885333565762267e-05, 9.938482253346592e-05, 9.922638128045946e-05, 9.690132719697431e-05, 9.717469947645441e-05, 9.720813250169158e-05, 9.409708582097664e-05, 9.618042531656101e-05, 9.315509669249877e-05, 9.318059164797887e-05, 9.228775888914242e-05, 9.180135384667665e-05, 9.40436075325124e-05, 9.185712406178936e-05, 9.120033791987225e-05, 9.219501953339204e-05, 9.172379941446707e-05, 9.076439164346084e-05, 8.959664410213009e-05, 9.27333312574774e-05, 9.15767959668301e-05, 8.84329856489785e-05, 8.929333125706762e-05, 8.79170693224296e-05, 9.072808461496606e-05, 8.869793964549899e-05, 8.761099161347374e-05, 9.026284533319995e-05, 8.805192192085087e-05, 8.867537690093741e-05, 8.707969391252846e-05, 8.83101238287054e-05, 8.700651960680261e-05, 0.0024771210737526417, 0.004848857875913382], "val_loss": [0.05219540745019913, 0.042656783014535904, 0.023676158860325813, 0.027188677340745926, 0.02186303585767746, 0.04572106525301933, 0.031273748725652695, 0.024090154096484184, 0.021571194753050804, 0.02063683606684208, 0.020461149513721466, 0.019038470461964607, 0.02395053207874298, 0.01752009429037571, 0.025624582543969154, 0.027475696057081223, 0.02135685831308365, 0.01783815026283264, 0.018266284838318825, 0.01716187596321106, 0.017521895468235016, 0.018967464566230774, 0.017641665413975716, 0.017570970579981804, 0.017863793298602104, 0.017185164615511894, 0.017091628164052963, 0.018572237342596054, 0.018759919330477715, 0.01710917428135872, 0.01979704573750496, 0.016808094456791878, 0.020534729585051537, 0.017095118761062622, 0.017125234007835388, 0.018766535446047783, 0.016557488590478897, 0.01582452841103077, 0.017030445858836174, 0.018201347440481186, 0.018494699150323868, 0.016693083569407463, 0.017234036698937416, 0.016228437423706055, 0.016067329794168472, 0.016412921249866486, 0.018092786893248558, 0.01644498109817505, 0.018162159249186516, 0.016792261973023415, 0.016186386346817017, 0.7555737495422363, 0.658196210861206], "val_mae": [0.012246479280292988, 0.011013892479240894, 0.008046687580645084, 0.009287036024034023, 0.007964834570884705, 0.0122841140255332, 0.009873046539723873, 0.008441758342087269, 0.007790634408593178, 0.007584062404930592, 0.008010935969650745, 0.0073810904286801815, 0.008120659738779068, 0.007217385806143284, 0.009513046592473984, 0.009035760536789894, 0.008327760733664036, 0.007113992236554623, 0.007257112767547369, 0.007060064934194088, 0.007075847126543522, 0.0075007593259215355, 0.007075314410030842, 0.007349764462560415, 0.007107606157660484, 0.007348332554101944, 0.007354177534580231, 0.007285845931619406, 0.007805508095771074, 0.007122477050870657, 0.007456319872289896, 0.00692155072465539, 0.008021658286452293, 0.007140131201595068, 0.007295411080121994, 0.007651814725250006, 0.006864266470074654, 0.006793059874325991, 0.0069433655589818954, 0.0073867738246917725, 0.007669040001928806, 0.006965859793126583, 0.006990658584982157, 0.006775787100195885, 0.006831447593867779, 0.00692581944167614, 0.007707058917731047, 0.007090974133461714, 0.007344991434365511, 0.0072016725316643715, 0.006855065003037453, 0.0502072349190712, 0.04616394266486168], "val_mse": [0.0002798271307256073, 0.00022711492783855647, 0.0001269680360564962, 0.00014474746421910822, 0.0001168449962278828, 0.00024248432600870728, 0.00016615896311122924, 0.00012825161684304476, 0.00011521048145368695, 0.00010994524200214073, 0.00010925144306384027, 0.00010140803351532668, 0.00012765987776219845, 9.330105240223929e-05, 0.00013662203855346888, 0.00014790291606914252, 0.00011388588609406725, 9.513481927569956e-05, 9.725338168209419e-05, 9.166183008346707e-05, 9.332037006970495e-05, 0.00010119101352756843, 9.416505054105073e-05, 9.37088334467262e-05, 9.515184501651675e-05, 9.155359293799847e-05, 9.101929026655853e-05, 9.896129631670192e-05, 9.992489503929392e-05, 9.10964809008874e-05, 0.00010568834113655612, 8.96349229151383e-05, 0.00010952505544992164, 9.117709851125255e-05, 9.138615132542327e-05, 0.00010028391261585057, 8.809898281469941e-05, 8.433893526671454e-05, 9.072113607544452e-05, 9.705591946840286e-05, 9.85398146440275e-05, 8.882331167114899e-05, 9.171513374894857e-05, 8.644387708045542e-05, 8.55749094625935e-05, 8.757827163208276e-05, 9.648525156080723e-05, 8.774921298027039e-05, 9.644394594943151e-05, 8.941660053096712e-05, 8.607792551629245e-05, 0.00407869927585125, 0.0035585579462349415]}