{"loss": [0.7748410701751709, 0.7073544263839722, 0.6888510584831238, 0.6736479997634888, 0.6460183262825012, 0.6078602075576782, 0.5745273232460022, 0.5476447939872742, 0.5250009894371033, 0.504385232925415, 0.48121386766433716, 0.45706695318222046, 0.4325156509876251, 0.4112853705883026, 0.39381828904151917, 0.3789122700691223, 0.3621264100074768, 0.3494168221950531, 0.336391419172287, 0.3252134323120117, 0.3119751513004303, 0.3031478524208069, 0.29320672154426575, 0.28652286529541016, 0.27597737312316895, 0.2671048045158386, 0.2582078278064728, 0.25247618556022644, 0.24321357905864716, 0.23532584309577942, 0.23206181824207306, 0.2259988784790039, 0.21977412700653076, 0.21445313096046448, 0.21008868515491486, 0.2053423821926117, 0.20349723100662231, 0.19948400557041168, 0.19703054428100586, 0.19551919400691986, 0.19213253259658813, 0.18848125636577606, 0.18753357231616974, 0.18570151925086975, 0.18237841129302979, 0.18090760707855225, 0.17795713245868683, 0.17800553143024445, 0.17685391008853912, 0.17635613679885864, 0.17458340525627136, 0.172901451587677, 0.17099890112876892, 0.17040230333805084, 0.16855864226818085, 0.1695174127817154, 0.1685228943824768, 0.16668637096881866, 0.16578549146652222, 0.164391428232193, 0.16424451768398285, 0.1641814112663269, 0.16255827248096466, 0.16249707341194153, 0.16133087873458862, 0.16043950617313385, 0.15913943946361542, 0.16031648218631744, 0.15844915807247162, 0.15822820365428925, 0.15799647569656372, 0.15683044493198395, 0.15726731717586517, 0.15693478286266327, 0.155459463596344, 0.15439993143081665, 0.15590845048427582, 0.15353795886039734, 0.15400002896785736, 0.15279141068458557, 0.15389323234558105, 0.15408214926719666, 0.15171660482883453, 0.15258599817752838, 0.1520008146762848, 0.15056562423706055, 0.15186476707458496, 0.1518024057149887, 0.14976802468299866, 0.1513720601797104, 0.14986318349838257, 0.14965546131134033, 0.14842425286769867, 0.14834794402122498, 0.14844347536563873, 0.14907371997833252, 0.1477387696504593, 0.14676743745803833, 0.14870664477348328, 0.148149311542511, 0.14680306613445282, 0.14612431824207306, 0.14676009118556976, 0.14539852738380432], "mae": [0.08395770192146301, 0.07956550270318985, 0.07828810065984726, 0.07719095051288605, 0.07499208301305771, 0.07213050127029419, 0.06958295404911041, 0.06772821396589279, 0.06604684889316559, 0.06463292986154556, 0.06292079389095306, 0.06107020750641823, 0.059126272797584534, 0.057564545422792435, 0.05611557140946388, 0.05494034290313721, 0.05367349460721016, 0.052536267787218094, 0.0514172688126564, 0.050421178340911865, 0.04929570481181145, 0.04852771386504173, 0.04761188477277756, 0.04699619859457016, 0.04610748589038849, 0.04526806250214577, 0.04449648782610893, 0.043956708163022995, 0.043082598596811295, 0.04226206615567207, 0.04185488820075989, 0.04125276580452919, 0.040588706731796265, 0.04010021686553955, 0.03959239646792412, 0.0391547717154026, 0.0388779379427433, 0.038463152945041656, 0.038221683353185654, 0.03797777742147446, 0.03763842210173607, 0.03731776773929596, 0.03713476285338402, 0.03696221113204956, 0.03662809357047081, 0.036392051726579666, 0.036143988370895386, 0.03608148917555809, 0.03597961366176605, 0.03589944168925285, 0.03565902262926102, 0.03555985167622566, 0.035285431891679764, 0.03523505851626396, 0.035030119121074677, 0.03512544557452202, 0.03505710884928703, 0.03482919931411743, 0.03471323847770691, 0.034548502415418625, 0.034568145871162415, 0.034524232149124146, 0.034367240965366364, 0.03428150713443756, 0.0341234989464283, 0.034053754061460495, 0.03399474918842316, 0.03402028977870941, 0.033913400024175644, 0.033786747604608536, 0.03375393524765968, 0.03366915509104729, 0.03363770246505737, 0.0336339958012104, 0.03347600996494293, 0.033357758074998856, 0.033488545566797256, 0.03325676918029785, 0.033295344561338425, 0.033119671046733856, 0.03330584242939949, 0.033219996839761734, 0.03303849697113037, 0.03315269201993942, 0.032992783933877945, 0.03292209282517433, 0.03302263841032982, 0.032959435135126114, 0.03280545398592949, 0.03289538994431496, 0.0327923484146595, 0.032749567180871964, 0.03269932419061661, 0.032639723271131516, 0.032656773924827576, 0.03259313479065895, 0.03258545696735382, 0.032511137425899506, 0.0326719768345356, 0.03254294395446777, 0.032467398792505264, 0.032350558787584305, 0.03250276297330856, 0.03226214274764061], "mse": [0.010747275315225124, 0.00980312004685402, 0.00954408012330532, 0.00933874025940895, 0.008953950367867947, 0.00841977447271347, 0.007947524078190327, 0.007571803871542215, 0.00725220562890172, 0.006970856338739395, 0.006645871791988611, 0.006310096476227045, 0.005969685968011618, 0.005684480536729097, 0.005432927515357733, 0.00522641371935606, 0.0050027878023684025, 0.004820472095161676, 0.004639343824237585, 0.0044891913421452045, 0.004310147371143103, 0.0041800253093242645, 0.004044025670737028, 0.003947531804442406, 0.0038089861627668142, 0.003682184498757124, 0.0035609202459454536, 0.003478866070508957, 0.0033523228485137224, 0.003241433296352625, 0.00319490535184741, 0.0031121543142944574, 0.0030255902092903852, 0.002956380369141698, 0.002891749609261751, 0.0028302159626036882, 0.002797088585793972, 0.0027464304585009813, 0.0027081139851361513, 0.0026881250087171793, 0.0026453903410583735, 0.002593309385702014, 0.002582167275249958, 0.0025556187611073256, 0.0025091662537306547, 0.0024831306654959917, 0.0024467373732477427, 0.002444558311253786, 0.0024346241261810064, 0.0024295502807945013, 0.0024021898861974478, 0.002373774303123355, 0.002352377399802208, 0.002337259240448475, 0.00231552729383111, 0.002327151596546173, 0.002313526114448905, 0.002292721765115857, 0.0022771686781197786, 0.0022602174431085587, 0.002257063053548336, 0.002255476312711835, 0.002235867315903306, 0.002231958322227001, 0.0022160825319588184, 0.0022008020896464586, 0.002190535655245185, 0.0022025282960385084, 0.002176171401515603, 0.0021746002603322268, 0.002167554572224617, 0.002154242480173707, 0.002154385671019554, 0.002158125163987279, 0.0021323985420167446, 0.002117617055773735, 0.0021440349519252777, 0.0021090011578053236, 0.0021114610135555267, 0.0020948939491063356, 0.002110382542014122, 0.002113121561706066, 0.0020867246203124523, 0.0020987146999686956, 0.0020889448933303356, 0.0020652313251048326, 0.0020865031983703375, 0.0020830263383686543, 0.002058449201285839, 0.002072890754789114, 0.0020515224896371365, 0.002057706704363227, 0.002039484679698944, 0.002039342885836959, 0.0020391547586768866, 0.0020475834608078003, 0.002029714174568653, 0.0020187466870993376, 0.0020401887595653534, 0.002032850868999958, 0.0020196568220853806, 0.002010536612942815, 0.0020107708405703306, 0.001993298763409257],