{"loss": [0.24610060453414917, 0.08068379014730453, 0.03891316428780556, 0.02827790379524231, 0.023081067949533463, 0.019959500059485435, 0.015910228714346886, 0.01371980644762516, 0.01223282516002655, 0.011914401315152645, 0.011235714890062809, 0.009578181430697441, 0.00938755925744772, 0.009327479638159275, 0.008549565449357033, 0.008644603192806244, 0.008432342670857906, 0.007919708266854286, 0.007638385519385338, 0.007687180303037167, 0.007102547213435173, 0.00729526299983263, 0.007078993134200573, 0.006699563004076481, 0.007103449665009975, 0.006976730190217495, 0.006901368964463472, 0.006225872784852982, 0.006599615328013897, 0.006496751215308905, 0.006073225289583206, 0.006094378884881735, 0.006337808445096016, 0.006759776268154383, 0.0058044735342264175, 0.005773705895990133, 0.006220690440386534, 0.005740155000239611, 0.006135732401162386, 0.00605158181861043, 0.005500958766788244, 0.005597041454166174, 0.005228017922490835, 0.005783589091151953, 0.005562275182455778, 0.005287370178848505, 0.0056768981739878654, 0.005462773609906435, 0.005197164602577686, 0.005524889100342989, 0.005597257521003485, 0.005228853318840265, 0.005401482805609703, 0.004992412403225899, 0.005094319116324186, 0.005075645167380571, 0.004925514571368694, 0.004848033655434847, 0.005280355457216501, 0.005531991831958294, 0.0046331691555678844, 0.004754946101456881, 0.004997079260647297, 0.004677171353250742, 0.004771351348608732, 0.006166029255837202, 0.004464349709451199, 0.0047208042815327644, 0.004813700914382935, 0.004662454128265381, 0.004880428779870272, 0.004456831607967615, 0.004628791939467192, 0.00471291271969676, 0.004729156382381916, 0.004596990067511797, 0.004508406389504671, 0.004565977957099676, 0.004607193171977997, 0.004538696724921465, 0.004555723629891872, 0.004335991572588682, 0.004359503276646137, 0.004390698857605457, 0.004364561755210161, 0.004347915295511484, 0.004291466437280178, 0.004426196683198214, 0.004377934616059065, 0.004269977565854788, 0.004249701742082834, 0.004278392530977726, 0.004328605718910694, 0.004822697956115007, 0.00427623325958848, 0.004257585387676954, 0.004275219980627298, 0.0041504730470478535, 0.004100820515304804, 0.004574927035719156], "mae": [0.0273115336894989, 0.015094674192368984, 0.01057792641222477, 0.00899070966988802, 0.00811903364956379, 0.00746841449290514, 0.006680500227957964, 0.006199675612151623, 0.005857420153915882, 0.005771307740360498, 0.005593104753643274, 0.005165748298168182, 0.00511926831677556, 0.005107270088046789, 0.004906238988041878, 0.004914855118840933, 0.004853717517107725, 0.004651062656193972, 0.004616359248757362, 0.004625069443136454, 0.004468823317438364, 0.004516102839261293, 0.004469774197787046, 0.004330549389123917, 0.004487879574298859, 0.0043792868964374065, 0.004350191447883844, 0.004193363711237907, 0.004296688362956047, 0.004272733815014362, 0.004136888310313225, 0.004150066524744034, 0.0042301747016608715, 0.004299518186599016, 0.004020145162940025, 0.004041902720928192, 0.004143102094531059, 0.0040252432227134705, 0.004134988412261009, 0.00411369139328599, 0.003924948163330555, 0.003940656315535307, 0.003840274177491665, 0.004002102185040712, 0.0039556291885674, 0.0038547012954950333, 0.003981766290962696, 0.00390985980629921, 0.003827624022960663, 0.003938628360629082, 0.003907960839569569, 0.0038186360616236925, 0.003862942336127162, 0.0037406920455396175, 0.00376617768779397, 0.003764198860153556, 0.003730211639776826, 0.003692448837682605, 0.0038300114683806896, 0.0038616557139903307, 0.0035997319500893354, 0.0036354728508740664, 0.0037334903609007597, 0.003622377524152398, 0.00364670529961586, 0.003991845063865185, 0.003534354269504547, 0.0036534725222736597, 0.003666454693302512, 0.0036169481463730335, 0.0036932947114109993, 0.003543868428096175, 0.003588871331885457, 0.003627373371273279, 0.0036349736619740725, 0.003581387922167778, 0.003559739561751485, 0.0035869861021637917, 0.003571961307898164, 0.0035521448589861393, 0.003567029954865575, 0.0034914787393063307, 0.003498445963487029, 0.0035029854625463486, 0.003482039785012603, 0.0034967674873769283, 0.003456424456089735, 0.0035114388447254896, 0.00349563080817461, 0.003460777224972844, 0.003443419933319092, 0.003469073446467519, 0.0034683537669479847, 0.003648121375590563, 0.003450607880949974, 0.003430173732340336, 0.0034494351129978895, 0.0034220218658447266, 0.003389811608940363, 0.003535522846505046], "mse": [0.0013218175154179335, 0.0004281535802874714, 0.0002069370384560898, 0.0001499972422607243, 0.00012228738341946155, 0.0001056916153174825, 8.472763875033706e-05, 7.287359039764851e-05, 6.479134026449174e-05, 6.308087176876143e-05, 5.9419136960059404e-05, 5.082842108095065e-05, 4.979027289664373e-05, 4.962474849889986e-05, 4.5205099013401195e-05, 4.578012885758653e-05, 4.471880674827844e-05, 4.186198202660307e-05, 4.0382612496614456e-05, 4.093149982509203e-05, 3.7727913877461106e-05, 3.856961484416388e-05, 3.753358032554388e-05, 3.548090535332449e-05, 3.763700442505069e-05, 3.696937710628845e-05, 3.663772076833993e-05, 3.2972566259559244e-05, 3.495030614431016e-05, 3.4399767173454165e-05, 3.221539736841805e-05, 3.229715730412863e-05, 3.357058085384779e-05, 3.583794386941008e-05, 3.0650404369225726e-05, 3.0609113309765235e-05, 3.309799649287015e-05, 3.0483894079225138e-05, 3.25821565638762e-05, 3.205189568689093e-05, 2.9121900297468528e-05, 2.969273555208929e-05, 2.7830486942548305e-05, 3.069746162509546e-05, 2.945168125734199e-05, 2.804960240609944e-05, 3.0025170417502522e-05, 2.8967015168746002e-05, 2.7600432076724246e-05, 2.927324931079056e-05, 2.9638942578458227e-05, 2.780361865006853e-05, 2.8530312192742713e-05, 2.6484940462978557e-05, 2.6907997380476445e-05, 2.6913518013316207e-05, 2.6172960133408196e-05, 2.5761048163985834e-05, 2.7984244297840632e-05, 2.941679304058198e-05, 2.459347524563782e-05, 2.522609065636061e-05, 2.6463943868293427e-05, 2.4798458980512805e-05, 2.533612678234931e-05, 3.270491288276389e-05, 2.364001193200238e-05, 2.4973305698949844e-05, 2.555001810833346e-05, 2.4695722459000535e-05, 2.5855586500256322e-05, 2.364266401855275e-05, 2.4486760594299994e-05, 2.4955012122518383e-05, 2.507058707124088e-05, 2.4352146283490583e-05, 2.38743050431367e-05, 2.4223700165748596e-05, 2.4465691240038723e-05, 2.4050805222941563e-05, 2.421391400275752e-05, 2.307247086719144e-05, 2.311148273292929e-05, 2.330325878574513e-05, 2.316878453711979e-05, 2.3064654669724405e-05, 2.2748092305846512e-05, 2.3432232410414144e-05, 2.3170152417151257e-05, 2.2656231521978043e-05, 2.2593965695705265e-05, 2.2716763851349242e-05, 2.299182233400643e-05, 2.5580215151421726e-05, 2.27119708142709e-05, 2.261494955746457e-05, 2.264219438075088e-05, 2.2006026483722962e-05, 2.1792788174934685e-05, 2.4185097572626546e-05],