{"sampleRate": 44100, "contextSize": 264, "trainNvalSize": 75000, "lstmUnits": 64, "learningRate": 0.001, "trainEpochs": 100, "epochs": 100, "patience": 15, "batchSize": 64, "shuffle": true, "randomState": 25, "trainTime": 1360.9063818454742, "gain": "Mid", "testESR": 0.02163071371614933}