{"loss": [0.4715157747268677, 0.29498031735420227, 0.2574782371520996, 0.24348783493041992, 0.22667917609214783, 0.19908544421195984, 0.17601247131824493, 0.15279962122440338, 0.13658969104290009, 0.12371260672807693, 0.11288372427225113, 0.10190009325742722, 0.09211767464876175, 0.08392275124788284, 0.07628817111253738, 0.07109668850898743, 0.06604020297527313, 0.06065673753619194, 0.05650636926293373, 0.052426762878894806, 0.049579668790102005, 0.04746316745877266, 0.0451841838657856, 0.04345051944255829, 0.04185587540268898, 0.04076839238405228, 0.039214469492435455, 0.03787634149193764, 0.036314744502305984, 0.03599131107330322, 0.03460684046149254, 0.03434046357870102, 0.03349010646343231, 0.03220851719379425, 0.03187333792448044, 0.03138061612844467, 0.03094548173248768, 0.030347812920808792, 0.029479851946234703, 0.029468199238181114, 0.029002897441387177, 0.028610361739993095, 0.028180360794067383, 0.027804790064692497, 0.027258742600679398, 0.02691069431602955, 0.027013691142201424, 0.02660362794995308, 0.02624209225177765, 0.025955885648727417, 0.02588190883398056, 0.025595208629965782, 0.025608645752072334, 0.02510049194097519, 0.02496984973549843, 0.024726413190364838, 0.02438277378678322, 0.02427617460489273, 0.02416221797466278, 0.024008354172110558, 0.02401033788919449, 0.0234882403165102, 0.02364269644021988, 0.023159895092248917, 0.02335793524980545, 0.022911639884114265, 0.022917404770851135, 0.0229920856654644, 0.022742975503206253, 0.022398635745048523, 0.022372210398316383, 0.022229941561818123, 0.022071292623877525, 0.022213879972696304, 0.02190905436873436, 0.021722758188843727, 0.021670600399374962, 0.021504048258066177, 0.0212837103754282, 0.02120119333267212, 0.021301332861185074, 0.02122529037296772, 0.021016379818320274, 0.02105019800364971, 0.020825505256652832, 0.02091178111732006, 0.02072455920279026, 0.02087239734828472, 0.020791085436940193, 0.020432546734809875, 0.020400235429406166, 0.02034321054816246, 0.020396048203110695, 0.02009161189198494, 0.020143631845712662, 0.01988569088280201, 0.0198122039437294, 0.019984714686870575, 0.019718699157238007, 0.01976880058646202], "mae": [0.04269668832421303, 0.03343253955245018, 0.03087306208908558, 0.02990557625889778, 0.02876194566488266, 0.026812678202986717, 0.024975627660751343, 0.02305537462234497, 0.02165217325091362, 0.020522288978099823, 0.01954646408557892, 0.018515856936573982, 0.01758197322487831, 0.01676585152745247, 0.01596778817474842, 0.01544180978089571, 0.014872880652546883, 0.014248127117753029, 0.013805778697133064, 0.013300382532179356, 0.012921343557536602, 0.012628004886209965, 0.012294383719563484, 0.01209127064794302, 0.011883603408932686, 0.011751643382012844, 0.011519287712872028, 0.011331175453960896, 0.011073670350015163, 0.01105649583041668, 0.010849003680050373, 0.010805077850818634, 0.010653778910636902, 0.010441233403980732, 0.010405784472823143, 0.010332770645618439, 0.010265728458762169, 0.010135289281606674, 0.010003572329878807, 0.010020424611866474, 0.009939879179000854, 0.009861433878540993, 0.009784108027815819, 0.009730558842420578, 0.009631693363189697, 0.009565257467329502, 0.009603491984307766, 0.009512101300060749, 0.009456787258386612, 0.00940734799951315, 0.0093836709856987, 0.00933834444731474, 0.009351463057100773, 0.009250367991626263, 0.009220203384757042, 0.00914778746664524, 0.009094714187085629, 0.009100343100726604, 0.009067135863006115, 0.009030901826918125, 0.009044328704476357, 0.008935741148889065, 0.008980660699307919, 0.008883871138095856, 0.008914992213249207, 0.00881261844187975, 0.008824246004223824, 0.008840721100568771, 0.008794734254479408, 0.008721458725631237, 0.00870655756443739, 0.008690968155860901, 0.008632213808596134, 0.008684278465807438, 0.00861581601202488, 0.008564847521483898, 0.008575459010899067, 0.008542406372725964, 0.008475959300994873, 0.008494547568261623, 0.008497226983308792, 0.008472133427858353, 0.008440605364739895, 0.008427743799984455, 0.008393073454499245, 0.008407985791563988, 0.008374647237360477, 0.008390668779611588, 0.008358227089047432, 0.008313098922371864, 0.008286874741315842, 0.008264639414846897, 0.008273824118077755, 0.008225674740970135, 0.008218922652304173, 0.008199760690331459, 0.008176883682608604, 0.00820276327431202, 0.00813758373260498, 0.00816582702100277], "mse": [0.0028663917910307646, 0.0017844204558059573, 0.0015534943668171763, 0.0014705890789628029, 0.0013662339188158512, 0.001200754544697702, 0.0010607196018099785, 0.0009200965287163854, 0.0008187355706468225, 0.0007435009465552866, 0.000677682866808027, 0.0006110543617978692, 0.0005526295281015337, 0.0005022049881517887, 0.0004569558659568429, 0.0004259840352460742, 0.0003953346167691052, 0.0003633275628089905, 0.00033875202643685043, 0.0003149220428895205, 0.0002971812791656703, 0.0002837921492755413, 0.0002697581076063216, 0.000259832275332883, 0.00025048220413737, 0.0002437440271023661, 0.00023422254889737815, 0.00022672148770652711, 0.00021713011665269732, 0.00021546718198806047, 0.0002075243683066219, 0.00020545559527818114, 0.00020020549709443003, 0.00019278489344287664, 0.00019040980259887874, 0.00018746843852568418, 0.000185133219929412, 0.00018140996689908206, 0.00017621155711822212, 0.0001763992477208376, 0.00017341830243822187, 0.00017081901023630053, 0.0001684196904534474, 0.0001663210423430428, 0.00016319235146511346, 0.00016083703667391092, 0.0001614260399946943, 0.00015902765153441578, 0.00015697520575486124, 0.00015537874423898757, 0.000154635330545716, 0.00015274371253326535, 0.0001532665191916749, 0.00014966350863687694, 0.00014917088265065104, 0.0001473357406212017, 0.00014561678108293563, 0.00014518803800456226, 0.00014424049004446715, 0.00014342597569338977, 0.0001439964835299179, 0.00014060702233109623, 0.00014171823568176478, 0.00013846221554558724, 0.0001394428254570812, 0.00013699813280254602, 0.00013722144649364054, 0.00013724203745368868, 0.00013605787535198033, 0.00013419824244920164, 0.00013376532297115773, 0.00013290041533764452, 0.00013168063014745712, 0.00013265915913507342, 0.00013083897647447884, 0.00012969193630851805, 0.00012947489449288696, 0.00012862398580182344, 0.00012731376045849174, 0.00012722646351903677, 0.0001273246161872521, 0.00012673097080551088, 0.00012587656965479255, 0.00012557455920614302, 0.00012464293104130775, 0.0001249181223101914, 0.00012369148316793144, 0.00012440516729839146, 0.0001236723765032366, 0.0001221557322423905, 0.00012187231914140284, 0.000121324832434766, 0.0001215630691149272, 0.00012002468429272994, 0.0001201584527734667, 0.00011906807776540518, 0.00011869838635902852, 0.00011937563976971433, 0.00011768863623728976, 0.00011821700172731653],