{"loss": [0.4322296380996704, 0.2887537181377411, 0.2629142999649048, 0.2369362711906433, 0.20443058013916016, 0.1752673089504242, 0.15481878817081451, 0.1374269276857376, 0.12091433256864548, 0.10705620795488358, 0.0939878523349762, 0.0826508030295372, 0.07430793344974518, 0.0676455944776535, 0.061354365199804306, 0.05670199915766716, 0.05243461951613426, 0.04878275841474533, 0.045039985328912735, 0.04141583666205406, 0.03859427198767662, 0.03695215284824371, 0.03485843911767006, 0.03284881263971329, 0.031462766230106354, 0.030185602605342865, 0.029277317225933075, 0.028492536395788193, 0.027437085285782814, 0.026550045236945152, 0.025779269635677338, 0.025118200108408928, 0.024521028622984886, 0.02417718805372715, 0.023476341739296913, 0.023303819820284843, 0.022691337391734123, 0.02236902341246605, 0.021904293447732925, 0.02156507596373558, 0.02127969264984131, 0.020818723365664482, 0.02060767449438572, 0.0201271865516901, 0.020047500729560852, 0.019847597926855087, 0.019712869077920914, 0.01952618919312954, 0.019230058416724205, 0.018913142383098602, 0.018697988241910934, 0.01876223273575306, 0.01838606595993042, 0.018591251224279404, 0.018311820924282074, 0.01803719252347946, 0.01784411072731018, 0.017669303342700005, 0.017692282795906067, 0.017445312812924385, 0.017344890162348747, 0.017331335693597794, 0.01702265255153179, 0.017028579488396645, 0.016863007098436356, 0.016680488362908363, 0.016760872676968575, 0.01672014407813549, 0.01652596704661846, 0.016717787832021713, 0.016361525282263756, 0.016344234347343445, 0.016255462542176247, 0.01621457189321518, 0.016069727018475533, 0.015987958759069443, 0.015907013788819313, 0.01588645949959755, 0.01577678881585598, 0.015714457258582115, 0.015708377584815025, 0.015667036175727844, 0.015622304752469063, 0.015587914735078812, 0.015500666573643684, 0.015538336709141731, 0.015442230738699436, 0.015244128182530403, 0.015309546142816544, 0.0152177968993783, 0.015344208106398582, 0.015320616774260998, 0.015181870199739933, 0.015066981315612793, 0.014935562387108803, 0.014823134057223797, 0.014909086748957634, 0.014998200349509716, 0.01500009372830391, 0.014863935299217701], "mae": [0.04083070158958435, 0.032814014703035355, 0.031068993732333183, 0.029374951496720314, 0.026933753862977028, 0.02459333837032318, 0.022913651540875435, 0.02149513177573681, 0.02006411738693714, 0.018910348415374756, 0.017660697922110558, 0.016524508595466614, 0.015645502135157585, 0.014861449599266052, 0.014150548726320267, 0.013575811870396137, 0.013006788678467274, 0.012554089538753033, 0.012122024782001972, 0.011611971072852612, 0.011233809404075146, 0.010986189357936382, 0.010702691972255707, 0.010408197529613972, 0.010184585116803646, 0.009977475740015507, 0.009848316200077534, 0.009696290828287601, 0.00951998308300972, 0.009360223077237606, 0.0092548793181777, 0.009112595580518246, 0.009008769877254963, 0.00898755807429552, 0.00883917510509491, 0.00881535466760397, 0.008689600974321365, 0.008636030368506908, 0.008530699647963047, 0.008495558984577656, 0.008417677134275436, 0.00831794273108244, 0.008271530270576477, 0.00818653404712677, 0.008157915435731411, 0.00813265424221754, 0.008112257346510887, 0.008051499724388123, 0.008005793206393719, 0.007937532849609852, 0.007888363674283028, 0.007916221395134926, 0.007790295407176018, 0.007863964885473251, 0.007786496076732874, 0.007741759531199932, 0.007696326822042465, 0.007673235610127449, 0.007674907334148884, 0.007642259355634451, 0.007606273517012596, 0.007568347733467817, 0.007514937315136194, 0.007525976747274399, 0.007496909704059362, 0.007448074407875538, 0.0074953678995370865, 0.007452752906829119, 0.007421093061566353, 0.007452630437910557, 0.00735244108363986, 0.007392444647848606, 0.007349187508225441, 0.007334626279771328, 0.007319348864257336, 0.0072954013012349606, 0.007289753295481205, 0.007283278275281191, 0.007255502510815859, 0.007225083652883768, 0.007220032159239054, 0.007222657557576895, 0.007199347950518131, 0.007225020322948694, 0.007186572998762131, 0.007168476469814777, 0.007178357802331448, 0.007111844141036272, 0.007146331947296858, 0.007117381319403648, 0.007155628874897957, 0.007145509589463472, 0.007103224750608206, 0.007087207864969969, 0.0070526087656617165, 0.007015889976173639, 0.007049510721117258, 0.007060542702674866, 0.007057073526084423, 0.007029931992292404], "mse": [0.00262152636423707, 0.0017474011983722448, 0.0015886762412264943, 0.0014308211393654346, 0.0012314881896600127, 0.0010545433033257723, 0.0009316775831393898, 0.0008283259230665863, 0.0007270156056620181, 0.0006431399378925562, 0.000565344700589776, 0.0004971695016138256, 0.000445822806796059, 0.0004052112635690719, 0.0003696476051118225, 0.00034006056375801563, 0.00031331906211562455, 0.0002907975285779685, 0.00027025165036320686, 0.0002481736883055419, 0.00023156586394179612, 0.0002206841018050909, 0.00020849630527663976, 0.00019633556075859815, 0.0001884182565845549, 0.00018083423492498696, 0.00017472497711423784, 0.00017006193229462951, 0.00016419337771367282, 0.00015847622125875205, 0.00015385402366518974, 0.00015001840074546635, 0.0001465267559979111, 0.00014459753583651036, 0.00014040771930012852, 0.00013934148591943085, 0.00013549908180721104, 0.0001338968431809917, 0.00013113647582940757, 0.00012900459114462137, 0.00012712935858871788, 0.00012412758951541036, 0.0001231420028489083, 0.00012068153591826558, 0.00011977305985055864, 0.00011867649300256744, 0.0001176272562588565, 0.00011636920680757612, 0.00011481894762255251, 0.00011309675028314814, 0.00011205042392248288, 0.00011210810771444812, 0.00010979217768181115, 0.00011091840133303776, 0.00010894877777900547, 0.00010766429477371275, 0.0001065452815964818, 0.000105638726381585, 0.000105763174360618, 0.0001043822048814036, 0.00010381199535913765, 0.00010340466542402282, 0.00010173012560699135, 0.00010183732956647873, 0.00010076402395498008, 9.953819971997291e-05, 0.00010034126171376556, 9.979447349905968e-05, 9.875109390122816e-05, 9.969657548936084e-05, 9.757249063113704e-05, 9.766950824996457e-05, 9.707116259960458e-05, 9.700478403829038e-05, 9.600506746210158e-05, 9.546465298626572e-05, 9.521293395664543e-05, 9.484220936428756e-05, 9.421160211786628e-05, 9.383270662510768e-05, 9.364901052322239e-05, 9.346407023258507e-05, 9.311451867688447e-05, 9.320746175944805e-05, 9.263404353987426e-05, 9.260158549295738e-05, 9.243727254215628e-05, 9.100329771172255e-05, 9.142574708675966e-05, 9.073888941202313e-05, 9.172731370199472e-05, 9.127301018452272e-05, 9.06451532500796e-05, 9.004159073811024e-05, 8.930982585297897e-05, 8.851120946928859e-05, 8.905881986720487e-05, 8.952310599852353e-05, 8.948530739871785e-05, 8.886721479939297e-05],