{"sampleRate": 44100, "contextSize": 88, "trainNvalSize": 74862, "lstmUnits": 96, "learningRate": 0.0001, "trainEpochs": 100, "epochs": 100, "patience": 15, "batchSize": 64, "shuffle": true, "randomState": 25, "trainTime": 653.5643858909607, "gain": "High", "testESR": 0.034969840198755264}