{"loss": [0.47640684247016907, 0.29958242177963257, 0.26514509320259094, 0.24620695412158966, 0.22101137042045593, 0.2017020285129547, 0.17965605854988098, 0.16103261709213257, 0.1483079493045807, 0.13536866009235382, 0.12236461788415909, 0.11066389828920364, 0.10071638226509094, 0.09136270731687546, 0.0840456560254097, 0.07763005793094635, 0.07222282141447067, 0.06754320114850998, 0.06307762116193771, 0.05972133204340935, 0.05605676397681236, 0.0529673770070076, 0.0505167692899704, 0.0476083904504776, 0.045344412326812744, 0.04304143413901329, 0.04137803241610527, 0.03964431583881378, 0.03786984831094742, 0.03649458661675453, 0.0351298488676548, 0.03370269760489464, 0.033006709069013596, 0.03195692598819733, 0.031022677198052406, 0.030299236997961998, 0.029924869537353516, 0.028873439878225327, 0.028730735182762146, 0.027988826856017113, 0.027234500274062157, 0.0270727276802063, 0.026219913735985756, 0.025878092274069786, 0.025233866646885872, 0.024980414658784866, 0.02463340014219284, 0.02425779588520527, 0.023956088349223137, 0.023539314046502113, 0.023243969306349754, 0.023111676797270775, 0.022985536605119705, 0.02254711091518402, 0.022094888612627983, 0.022444920614361763, 0.02213972434401512, 0.021710116416215897, 0.02146752178668976, 0.021293876692652702, 0.021340386942029, 0.020978527143597603, 0.020753517746925354, 0.020606989040970802, 0.020606929436326027, 0.02028213068842888, 0.020145798102021217, 0.02015971578657627, 0.020075976848602295, 0.019905563443899155, 0.019617371261119843, 0.019547002390027046, 0.019714226946234703, 0.019133133813738823, 0.019176796078681946, 0.019055994227528572, 0.01880672760307789, 0.01890195719897747, 0.018614772707223892, 0.018825694918632507, 0.018618633970618248, 0.018514052033424377, 0.01852540113031864, 0.018389379605650902, 0.01823207177221775, 0.017964618280529976, 0.018047600984573364, 0.01798243448138237, 0.017951371148228645, 0.017725901678204536, 0.0177336223423481, 0.017796169966459274, 0.017744779586791992, 0.01749209128320217, 0.017428969964385033, 0.017429720610380173, 0.017327571287751198, 0.01722107268869877, 0.017162861302495003, 0.017209453508257866], "mae": [0.042854487895965576, 0.03368297964334488, 0.031279731541872025, 0.030017195269465446, 0.028241975232958794, 0.026760278269648552, 0.024983106181025505, 0.02352685108780861, 0.02242029644548893, 0.021369632333517075, 0.0202387273311615, 0.019211919978260994, 0.018261579796671867, 0.017401454970240593, 0.016671374440193176, 0.016001887619495392, 0.015444828197360039, 0.014841574244201183, 0.014322898350656033, 0.013897651806473732, 0.013448183424770832, 0.013106277212500572, 0.012753485701978207, 0.012436196208000183, 0.012127358466386795, 0.011849586851894855, 0.011616893112659454, 0.01140341255813837, 0.011102442629635334, 0.010927296243607998, 0.010738000273704529, 0.010545584373176098, 0.010432981885969639, 0.010251307860016823, 0.010131563991308212, 0.010017137974500656, 0.009950175881385803, 0.009754037484526634, 0.009768039919435978, 0.009618227370083332, 0.009507077746093273, 0.009478319436311722, 0.00931030884385109, 0.009254916571080685, 0.00911595020443201, 0.009089282713830471, 0.009019594639539719, 0.008979689329862595, 0.008927151560783386, 0.008812959305942059, 0.008775101974606514, 0.00874369777739048, 0.0087329326197505, 0.008660034276545048, 0.008536800742149353, 0.008632885292172432, 0.008567223325371742, 0.008491380140185356, 0.008423090912401676, 0.00838590506464243, 0.008409960195422173, 0.008332598023116589, 0.008299793116748333, 0.00824365671724081, 0.008261684328317642, 0.008195459842681885, 0.008172968402504921, 0.008167000487446785, 0.008143302984535694, 0.008106241934001446, 0.008057229220867157, 0.008024469017982483, 0.008074301294982433, 0.007942868396639824, 0.007955990731716156, 0.007930285297334194, 0.007890572771430016, 0.007895019836723804, 0.007846756838262081, 0.00789299514144659, 0.007852230221033096, 0.007833749055862427, 0.007820422761142254, 0.00778555404394865, 0.007755599450320005, 0.007679047994315624, 0.007734089158475399, 0.007716645020991564, 0.007686038501560688, 0.007663688622415066, 0.007645091507583857, 0.007673153653740883, 0.00767433550208807, 0.007607400882989168, 0.007578540127724409, 0.007586192339658737, 0.007549358066171408, 0.007548286579549313, 0.00753876892849803, 0.007541098166257143], "mse": [0.0028816950507462025, 0.0018117332365363836, 0.0015982127515599132, 0.0014825391117483377, 0.0013328340137377381, 0.0012145868968218565, 0.0010817220900207758, 0.0009704371332190931, 0.0008926155278459191, 0.0008152063237503171, 0.0007363148615695536, 0.0006651391158811748, 0.0006034221150912344, 0.0005482381675392389, 0.0005052865017205477, 0.0004673361254390329, 0.0004331654927227646, 0.0004037603794131428, 0.0003774395736400038, 0.00035632168874144554, 0.0003353040083311498, 0.00031775320530869067, 0.0003015606489498168, 0.00028525805100798607, 0.0002711899287533015, 0.00025790889048948884, 0.00024652748834341764, 0.0002369874418945983, 0.00022520989296026528, 0.00021811018814332783, 0.0002094494557240978, 0.00020227897039148957, 0.00019686325686052442, 0.00019062886713072658, 0.00018565008940640837, 0.00018133543198928237, 0.0001783851912477985, 0.00017237733118236065, 0.0001715235848678276, 0.00016677677922416478, 0.0001631630293559283, 0.00016164609405677766, 0.00015660907956771553, 0.00015440866991411895, 0.00015075472765602171, 0.00014892969920765609, 0.0001467052206862718, 0.0001449346455046907, 0.00014317568275146186, 0.0001405314396834001, 0.00013863961794413626, 0.00013798584404867142, 0.00013725488679483533, 0.00013470406702253968, 0.00013221950212027878, 0.00013394416600931436, 0.00013190590834710747, 0.00012998143211007118, 0.0001280997967114672, 0.0001271513319807127, 0.00012719542428385466, 0.0001254018279723823, 0.00012414244702085853, 0.00012295885244384408, 0.00012302461254876107, 0.00012135140423197299, 0.00012064195470884442, 0.00012014019739581272, 0.00011982917203567922, 0.0001186007575597614, 0.00011711495608324185, 0.00011678443115670234, 0.00011742185597540811, 0.00011420841474318877, 0.00011440696835052222, 0.00011376175825716928, 0.00011255031131440774, 0.0001128362855524756, 0.0001114180195145309, 0.00011233445547986776, 0.00011141278082504869, 0.00011047917359974235, 0.00011032669863197953, 0.00010987107089022174, 0.0001088952922145836, 0.00010716204269556329, 0.00010791212116600946, 0.00010738326818682253, 0.00010699966514948756, 0.00010582512913970277, 0.00010583712719380856, 0.00010610639583319426, 0.00010571098391665146, 0.00010447133536217734, 0.00010405704961158335, 0.00010387831571279094, 0.00010342570021748543, 0.00010308750643162057, 0.00010251259664073586, 0.00010248883336316794],