{"sampleRate": 44100, "contextSize": 88, "trainNvalSize": 74862, "lstmUnits": 64, "learningRate": 0.0001, "trainEpochs": 100, "epochs": 100, "patience": 15, "batchSize": 64, "shuffle": true, "randomState": 25, "trainTime": 544.1147623062134, "gain": "High", "testESR": 0.035146843641996384}