{"loss": [0.731235682964325, 0.6426681280136108, 0.6137709021568298, 0.5911380648612976, 0.5510678291320801, 0.5105412602424622, 0.4844392240047455, 0.4662662744522095, 0.44362673163414, 0.4187048077583313, 0.39040517807006836, 0.36386650800704956, 0.3422407805919647, 0.3238024413585663, 0.30599504709243774, 0.288554310798645, 0.2690673768520355, 0.2561020851135254, 0.2419225126504898, 0.22942067682743073, 0.21663790941238403, 0.2059013694524765, 0.1957339197397232, 0.1889895498752594, 0.1824459284543991, 0.17458707094192505, 0.16982917487621307, 0.16558918356895447, 0.16219477355480194, 0.1580139845609665, 0.15385925769805908, 0.15086430311203003, 0.14995287358760834, 0.14586186408996582, 0.14589069783687592, 0.14344602823257446, 0.14070464670658112, 0.14092585444450378, 0.13821876049041748, 0.13679717481136322, 0.1356242299079895, 0.1344175785779953, 0.13313661515712738, 0.13158687949180603, 0.13203558325767517, 0.1308889240026474, 0.13073967397212982, 0.1290801614522934, 0.12830574810504913, 0.1290983408689499, 0.12737210094928741, 0.1287064552307129, 0.12693941593170166, 0.12485607713460922, 0.1254492700099945, 0.12510070204734802, 0.12343356013298035, 0.12324842065572739, 0.12492110580205917, 0.12239441275596619, 0.12337271124124527, 0.12246719002723694, 0.12148628383874893, 0.12104199826717377, 0.12084666639566422, 0.11951451748609543, 0.12114562839269638, 0.12021802365779877, 0.1195027083158493, 0.11981242150068283, 0.11925412714481354, 0.11889059096574783, 0.11816565692424774, 0.11872562766075134, 0.11904903501272202, 0.11717985570430756, 0.1179685890674591, 0.11665364354848862, 0.11773457378149033, 0.11648175865411758], "mae": [0.07101753354072571, 0.06571663916110992, 0.06371120363473892, 0.06218738108873367, 0.05985121428966522, 0.05717737600207329, 0.055313840508461, 0.05392216891050339, 0.05246704816818237, 0.05075732246041298, 0.04878358170390129, 0.04701586067676544, 0.04554334282875061, 0.04430270567536354, 0.04300098866224289, 0.041814252734184265, 0.040374405682086945, 0.03946547582745552, 0.03832247480750084, 0.03732261434197426, 0.03623287007212639, 0.03530430793762207, 0.03448479250073433, 0.033779326826334, 0.0331803560256958, 0.03245100378990173, 0.03207998350262642, 0.031703703105449677, 0.03130451589822769, 0.030840011313557625, 0.030542738735675812, 0.0302262082695961, 0.030107377097010612, 0.029712596908211708, 0.0296416524797678, 0.02943214401602745, 0.0291595458984375, 0.029123792424798012, 0.028872154653072357, 0.028659099712967873, 0.028558898717164993, 0.02840949408710003, 0.02821536920964718, 0.028093518689274788, 0.028082773089408875, 0.028033573180437088, 0.02796119824051857, 0.027796080335974693, 0.027677753940224648, 0.027771197259426117, 0.027603600174188614, 0.027753286063671112, 0.027523474767804146, 0.027372080832719803, 0.02733484096825123, 0.02734389714896679, 0.027193285524845123, 0.027171891182661057, 0.027244506403803825, 0.02700694091618061, 0.027111545205116272, 0.026945436373353004, 0.026888638734817505, 0.02687317132949829, 0.026765143498778343, 0.026700831949710846, 0.026831669732928276, 0.026776064187288284, 0.0266711488366127, 0.026687107980251312, 0.026593128219246864, 0.026575416326522827, 0.02649187669157982, 0.02659560553729534, 0.026618245989084244, 0.02641230821609497, 0.02648038975894451, 0.026334745809435844, 0.02653566375374794, 0.026316555216908455], "mse": [0.008015399798750877, 0.007027409505099058, 0.0067051369696855545, 0.006450894754379988, 0.006020468659698963, 0.005574942100793123, 0.005284502170979977, 0.0050735692493617535, 0.004834767896682024, 0.0045632910914719105, 0.004251569975167513, 0.003962947055697441, 0.003733460558578372, 0.00352654536254704, 0.0033297778572887182, 0.0031411817763000727, 0.0029264320619404316, 0.002786343451589346, 0.0026305746287107468, 0.002493329579010606, 0.00235074944794178, 0.002235356718301773, 0.0021263514645397663, 0.002052231226116419, 0.0019764485768973827, 0.0018900864524766803, 0.0018421853892505169, 0.0017942984122782946, 0.0017564304871484637, 0.0017121834680438042, 0.0016688155010342598, 0.0016346910269930959, 0.0016241406556218863, 0.001582701806910336, 0.0015782666159793735, 0.0015542476903647184, 0.0015224204398691654, 0.0015247963601723313, 0.001495668780989945, 0.0014803973026573658, 0.0014669103547930717, 0.0014542026910930872, 0.0014372012810781598, 0.0014224660117179155, 0.0014258616138249636, 0.0014171487418934703, 0.0014098652172833681, 0.0013952837325632572, 0.0013851335970684886, 0.0013976326445117593, 0.0013788656797260046, 0.0013901405036449432, 0.0013706412864848971, 0.0013505193637683988, 0.0013557435013353825, 0.0013527588453143835, 0.0013359589502215385, 0.0013369288062676787, 0.001346658798865974, 0.0013250581687316298, 0.0013350789668038487, 0.0013197555672377348, 0.0013112375745549798, 0.0013104610843583941, 0.001306001446209848, 0.00129286153241992, 0.0013059071497991681, 0.0012990671675652266, 0.0012885286705568433, 0.0012940471060574055, 0.0012858037371188402, 0.001283746212720871, 0.0012776553630828857, 0.0012821152340620756, 0.0012844656594097614, 0.0012658439809456468, 0.0012751838658005, 0.0012619419721886516, 0.0012728674337267876, 0.001256834133528173], "val_loss": [0.6572055816650391, 0.6211352944374084, 0.6025580167770386, 0.5728136897087097, 0.5275459885597229, 0.4876479208469391, 0.46560555696487427, 0.45172980427742004, 0.4287489354610443, 0.3986724317073822, 0.3783387541770935, 0.3557708263397217, 0.333368718624115, 0.3096378445625305, 0.28921398520469666, 0.2837919294834137, 0.2719581425189972, 0.25025179982185364, 0.23219075798988342, 0.23216328024864197, 0.20833611488342285, 0.19463470578193665, 0.18346717953681946, 0.1927546113729477, 0.17112109065055847, 0.16411995887756348, 0.16848553717136383, 0.16920679807662964, 0.15363794565200806, 0.14646334946155548, 0.15505562722682953, 0.15759149193763733, 0.1449984908103943, 0.14433500170707703, 0.14100873470306396, 0.14497333765029907, 0.1364080011844635, 0.13401229679584503, 0.1390690952539444, 0.13738849759101868, 0.13558542728424072, 0.13121989369392395, 0.13523270189762115, 0.12525032460689545, 0.12529441714286804, 0.1477154940366745, 0.14962372183799744, 0.1256381720304489, 0.12654496729373932, 0.12331490963697433, 0.12175621092319489, 0.129015251994133, 0.12416593730449677, 0.12086652964353561, 0.12482238560914993, 0.11904603987932205, 0.11638005822896957, 0.11614794284105301, 0.12271984666585922, 0.11694090813398361, 0.12692344188690186, 0.12642720341682434, 0.12630800902843475, 0.12138061225414276, 0.11417286843061447, 0.11856147646903992, 0.11573287099599838, 0.11624054610729218, 0.11781708151102066, 0.11506789922714233, 0.11607727408409119, 0.11856821924448013, 0.11533235013484955, 0.11782339215278625, 0.1171586811542511, 0.11704949289560318, 0.11691851913928986, 0.12257558107376099, 0.11579745262861252, 0.11581343412399292],