{"loss": [0.28061723709106445, 0.15932965278625488, 0.1381494402885437, 0.1320696324110031, 0.12791807949543, 0.11648786813020706, 0.0994291752576828, 0.0882515087723732, 0.07698521763086319, 0.06639846414327621, 0.05716421827673912, 0.050224993377923965, 0.04398752748966217, 0.038830023258924484, 0.03407333418726921, 0.030598295852541924, 0.027604924514889717, 0.025295734405517578, 0.023325344547629356, 0.02161438576877117, 0.020158682018518448, 0.018799016252160072, 0.017571236938238144, 0.016541654244065285, 0.015610089525580406, 0.014756962656974792, 0.014031891711056232, 0.013310888782143593, 0.012894070707261562, 0.01239818800240755, 0.012160632759332657, 0.011656711809337139, 0.011536817997694016, 0.011071954853832722, 0.010957278311252594, 0.010682440362870693, 0.010410545393824577, 0.010363100096583366, 0.010236850939691067, 0.010200799442827702, 0.009790709242224693, 0.009729381650686264, 0.009650914929807186, 0.009458460845053196, 0.009325706399977207, 0.009269402362406254, 0.009082320146262646, 0.009079254232347012, 0.009011059999465942, 0.008879638276994228, 0.008859674446284771, 0.008764730766415596, 0.008723554201424122, 0.008618789725005627, 0.008476569317281246, 0.008621877059340477, 0.008402503095567226, 0.008378870785236359, 0.0083455890417099, 0.008212044835090637, 0.008213319815695286, 0.008110478520393372, 0.00809924490749836, 0.008023998700082302, 0.00805698987096548, 0.007919852621853352, 0.007897252216935158, 0.007809196598827839, 0.007841404527425766, 0.007873701862990856, 0.00763260293751955, 0.007687820587307215, 0.007621952332556248, 0.007664445322006941, 0.007497019600123167, 0.00766315683722496, 0.007540351245552301, 0.007521126419305801, 0.007424403913319111, 0.0075089652091264725, 0.007381742354482412, 0.007417105138301849, 0.007357954513281584, 0.0074537345208227634, 0.007362233940511942, 0.007350458297878504, 0.007294530514627695, 0.0072219218127429485, 0.007197238504886627, 0.007281883154064417, 0.007127609569579363, 0.007152053993195295, 0.007189270108938217, 0.007082195486873388, 0.007231636438518763, 0.007141016889363527, 0.0070469011552631855, 0.007029075175523758, 0.007058187387883663, 0.007042159326374531], "mae": [0.0208735354244709, 0.015773847699165344, 0.014506778679788113, 0.014128503389656544, 0.0138294268399477, 0.013150917366147041, 0.011914169415831566, 0.01105551142245531, 0.010231194086372852, 0.009412727318704128, 0.00865757092833519, 0.008063876070082188, 0.007559347897768021, 0.007072636857628822, 0.0066472445614635944, 0.006339317187666893, 0.006033321376889944, 0.005797478836029768, 0.005551599431782961, 0.005360093433409929, 0.005197019781917334, 0.005041713360697031, 0.004871562588959932, 0.004758104216307402, 0.004604671616107225, 0.004506801720708609, 0.004409268032759428, 0.004337597172707319, 0.004255127627402544, 0.004156901501119137, 0.0041673448868095875, 0.004076060373336077, 0.004051888361573219, 0.003974966239184141, 0.003975353669375181, 0.003923863172531128, 0.003860056633129716, 0.003875482827425003, 0.0038575022481381893, 0.0038485126569867134, 0.003745806170627475, 0.0037574295420199633, 0.0037573687732219696, 0.0036874180659651756, 0.0036926257889717817, 0.0036955608520656824, 0.0036247612442821264, 0.0036311172880232334, 0.0036329159047454596, 0.003608324797824025, 0.0035966956056654453, 0.0035724472254514694, 0.0035755683202296495, 0.0035491958260536194, 0.0035129778552800417, 0.003572066081687808, 0.003494817530736327, 0.0034872605465352535, 0.003478323109447956, 0.003462656633928418, 0.00344602158293128, 0.0034446679055690765, 0.0034410967491567135, 0.003408449701964855, 0.003457849146798253, 0.003404342569410801, 0.0033947208430618048, 0.0033741313964128494, 0.0033933320082724094, 0.0033893538638949394, 0.003342240583151579, 0.0033735346514731646, 0.003328431863337755, 0.0033533629029989243, 0.0033184452913701534, 0.0033775903284549713, 0.003311761189252138, 0.003314114175736904, 0.003300030017271638, 0.0032997753005474806, 0.0032793718855828047, 0.0033094666432589293, 0.003289551706984639, 0.0033170112874358892, 0.0032856930047273636, 0.0032725816126912832, 0.0032673650421202183, 0.0032565759029239416, 0.0032499730587005615, 0.0032723743934184313, 0.0032401259522885084, 0.0032321640755981207, 0.0032475704792886972, 0.0032197702676057816, 0.0032651927322149277, 0.0032398465555161238, 0.003204796928912401, 0.0032177725806832314, 0.00320900185033679, 0.003200904233381152], "mse": [0.0009519398445263505, 0.0005436125211417675, 0.00046757954987697303, 0.0004469204577617347, 0.00043276353972032666, 0.0003950685204472393, 0.00033677698229439557, 0.0002970817149616778, 0.00025909519172273576, 0.00022373636602424085, 0.00019273876387160271, 0.00016920534835662693, 0.0001477042242186144, 0.00013018476602155715, 0.00011456991342129186, 0.00010270255006616935, 9.191804565489292e-05, 8.444204286206514e-05, 7.767984789097682e-05, 7.202781125670299e-05, 6.69608562020585e-05, 6.256759661482647e-05, 5.81163949391339e-05, 5.4925250879023224e-05, 5.183368193684146e-05, 4.87381148559507e-05, 4.6241657400969416e-05, 4.410762630868703e-05, 4.2576517444103956e-05, 4.090175934834406e-05, 4.0198443457484245e-05, 3.8604557630605996e-05, 3.787523019127548e-05, 3.666642805910669e-05, 3.6205979995429516e-05, 3.530799222062342e-05, 3.445505353738554e-05, 3.4299046092201024e-05, 3.370620834175497e-05, 3.3493390219518915e-05, 3.229044159525074e-05, 3.218644269509241e-05, 3.1880830647423863e-05, 3.121390182059258e-05, 3.092259066761471e-05, 3.0747676646569744e-05, 3.000501965289004e-05, 2.991105429828167e-05, 2.9773544156341814e-05, 2.9421069484669715e-05, 2.9204597012721933e-05, 2.893050987040624e-05, 2.8762247893610038e-05, 2.832872087310534e-05, 2.8024294806527905e-05, 2.834795304806903e-05, 2.7679943741532043e-05, 2.7648220566334203e-05, 2.736877286224626e-05, 2.7114623662782833e-05, 2.6924490157398395e-05, 2.6699790396378376e-05, 2.667910848686006e-05, 2.6414176318212412e-05, 2.650996611919254e-05, 2.6098272428498603e-05, 2.6040223019663244e-05, 2.5689116228022613e-05, 2.5801246010814793e-05, 2.5712884962558746e-05, 2.509422665752936e-05, 2.536878855607938e-05, 2.502693678252399e-05, 2.504277836123947e-05, 2.4709439458092675e-05, 2.5181630917359143e-05, 2.4771197786321864e-05, 2.4679702619323507e-05, 2.4473978555761278e-05, 2.446418693580199e-05, 2.4255828975583427e-05, 2.438531009829603e-05, 2.4202901840908453e-05, 2.443547418806702e-05, 2.4182054403354414e-05, 2.3999302356969565e-05, 2.392843998677563e-05, 2.3768427126924507e-05, 2.3711843823548406e-05, 2.3833832528907806e-05, 2.350288377783727e-05, 2.3537717424915172e-05, 2.3667491404921748e-05, 2.3350698029389605e-05, 2.3708780645392835e-05, 2.3384069208987057e-05, 2.3190363208414055e-05, 2.317685357411392e-05, 2.3180667994893156e-05, 2.3084734493750148e-05],