{"loss": [0.40441372990608215, 0.2557084858417511, 0.2363193780183792, 0.2246015965938568, 0.21421591937541962, 0.19810210168361664, 0.18672777712345123, 0.1764926165342331, 0.16568124294281006, 0.14708666503429413, 0.12673717737197876, 0.10835802555084229, 0.09155541658401489, 0.08065173029899597, 0.07103829830884933, 0.06305071711540222, 0.056722499430179596, 0.051560938358306885, 0.0470234714448452, 0.04291865974664688, 0.03917767107486725, 0.037450723350048065, 0.035442184656858444, 0.03353327140212059, 0.0319148488342762, 0.030532805249094963, 0.02939254604279995, 0.02837124839425087, 0.027320750057697296, 0.026932213455438614, 0.025873983278870583, 0.025150705128908157, 0.024809718132019043, 0.024393154308199883, 0.023813949897885323, 0.023342465981841087, 0.0229695625603199, 0.02309703268110752, 0.022427795454859734, 0.022399164736270905, 0.022015530616044998, 0.022110773250460625, 0.02174540050327778, 0.02120058611035347, 0.021653560921549797, 0.021246351301670074, 0.021088600158691406, 0.020891381427645683, 0.020601123571395874, 0.020408181473612785, 0.02044104039669037, 0.02030458301305771, 0.02035936899483204, 0.020113201811909676, 0.019686207175254822, 0.019751761108636856, 0.019682306796312332, 0.019556080922484398, 0.019318168982863426, 0.019290663301944733, 0.019218437373638153, 0.01902789995074272, 0.01899763196706772, 0.019080808386206627, 0.01873798482120037, 0.018706340342760086, 0.018784109503030777, 0.018513724207878113, 0.01846529357135296, 0.018398530781269073, 0.018353447318077087, 0.0185070913285017, 0.01805773563683033, 0.018189452588558197, 0.01812461018562317, 0.018094010651111603, 0.017953168600797653, 0.017884911969304085, 0.017854349687695503, 0.017749758437275887, 0.017658868804574013, 0.0176834799349308, 0.017492422834038734, 0.017676739022135735, 0.017491651698946953, 0.01749563217163086, 0.017467381432652473, 0.017296381294727325, 0.01741519570350647, 0.01735035330057144, 0.017232509329915047, 0.01708170957863331, 0.017076261341571808], "mae": [0.03619931638240814, 0.02812020480632782, 0.02693011984229088, 0.02620752342045307, 0.02555030770599842, 0.02446482889354229, 0.02367505058646202, 0.022948233410716057, 0.022206468507647514, 0.020850416272878647, 0.019276509061455727, 0.017693491652607918, 0.016182001680135727, 0.015120826661586761, 0.014135944657027721, 0.013351415283977985, 0.012684052810072899, 0.012079806998372078, 0.01157962903380394, 0.011073475703597069, 0.010586097836494446, 0.010386346839368343, 0.010126649402081966, 0.009893106296658516, 0.009663742035627365, 0.009488140232861042, 0.009316247887909412, 0.009141605347394943, 0.00900499802082777, 0.008929644711315632, 0.008761648088693619, 0.008632362820208073, 0.008627665229141712, 0.008527843281626701, 0.00843365304172039, 0.008339247666299343, 0.008269265294075012, 0.00833185575902462, 0.008186092600226402, 0.00818680040538311, 0.008091572672128677, 0.00814279355108738, 0.008070508018136024, 0.007946656085550785, 0.008064097724854946, 0.007960394956171513, 0.007945268414914608, 0.007895169779658318, 0.007824714295566082, 0.007807739544659853, 0.007840338163077831, 0.0078002517111599445, 0.007819482125341892, 0.007781969383358955, 0.00769023085013032, 0.007676686160266399, 0.007669044192880392, 0.007679415866732597, 0.007609012071043253, 0.007596363313496113, 0.007594922091811895, 0.007562297396361828, 0.007546774111688137, 0.007556543219834566, 0.007486782036721706, 0.007490332704037428, 0.007519446313381195, 0.007464458700269461, 0.007431676611304283, 0.0074281576089560986, 0.0074380869045853615, 0.007439110428094864, 0.007354433182626963, 0.007387839257717133, 0.007351770997047424, 0.00735216261819005, 0.0073313964530825615, 0.007307894993573427, 0.007308031897991896, 0.00728128757327795, 0.0072604017332196236, 0.007276741322129965, 0.007221766281872988, 0.007242163643240929, 0.007214635610580444, 0.0072218794375658035, 0.0072038485668599606, 0.007180066779255867, 0.007213877514004707, 0.007197934202849865, 0.007166499271988869, 0.007126335054636002, 0.00713722687214613], "mse": [0.0021971461828798056, 0.001379782217554748, 0.0012734656920656562, 0.0012127018999308348, 0.0011518480023369193, 0.0010665904264897108, 0.001007659244351089, 0.0009501258027739823, 0.0008889115997590125, 0.0007911056163720787, 0.0006824350566603243, 0.0005807176930829883, 0.0004910733550786972, 0.00043216630001552403, 0.0003798672987613827, 0.000337290606694296, 0.00030278871417976916, 0.00027489045169204473, 0.0002509018231648952, 0.00022943541989661753, 0.00020949129248037934, 0.000200161462998949, 0.00018889494822360575, 0.0001791066024452448, 0.0001700339198578149, 0.000162830256158486, 0.00015654333401471376, 0.00015104105114005506, 0.00014593270316254348, 0.00014328326506074518, 0.00013784015027340502, 0.00013401471369434148, 0.00013266057067085057, 0.0001298751449212432, 0.00012695790792349726, 0.00012450263602659106, 0.00012229580897837877, 0.00012306810822337866, 0.00011957922106375918, 0.00011936597002204508, 0.00011704734060913324, 0.0001177290323539637, 0.00011555924720596522, 0.00011306814121780917, 0.0001152932018158026, 0.0001129133888753131, 0.00011209464719286188, 0.00011121094576083124, 0.00010954566823784262, 0.0001085318363038823, 0.00010897695028688759, 0.00010812740947585553, 0.00010845123324543238, 0.00010711024515330791, 0.00010524229583097622, 0.00010501490032766014, 0.00010473882866790518, 0.00010410439426777884, 0.00010276991088176146, 0.00010272418148815632, 0.00010238740651402622, 0.00010142524843104184, 0.0001011423155432567, 0.00010138551442651078, 9.972920088330284e-05, 9.964707714971155e-05, 9.98941104626283e-05, 9.883505845209584e-05, 9.805201989365742e-05, 9.810137271415442e-05, 9.784774738363922e-05, 9.80920231086202e-05, 9.609481639927253e-05, 9.685559052741155e-05, 9.625614620745182e-05, 9.624529775464907e-05, 9.55781652010046e-05, 9.541345207253471e-05, 9.50913381529972e-05, 9.44606217672117e-05, 9.388323087478057e-05, 9.43922859732993e-05, 9.296806092606857e-05, 9.371853229822591e-05, 9.302593389293179e-05, 9.317314834333956e-05, 9.272682655137032e-05, 9.202805813401937e-05, 9.287288412451744e-05, 9.243175736628473e-05, 9.175917512038723e-05, 9.10405142349191e-05, 9.100169700104743e-05],