{"loss": [0.26656219363212585, 0.1047460213303566, 0.04798585921525955, 0.036950111389160156, 0.03081486001610756, 0.02726978063583374, 0.025553667917847633, 0.023971928283572197, 0.022746531292796135, 0.02187562920153141, 0.021710596978664398, 0.02079887129366398, 0.02127646654844284, 0.020912762731313705, 0.0199369415640831, 0.019468311220407486, 0.020009582862257957, 0.01962798833847046, 0.018885061144828796, 0.019120534881949425, 0.01914173737168312, 0.019196826964616776, 0.018484842032194138, 0.018371950834989548, 0.018295926973223686, 0.018287066370248795, 0.018285173922777176, 0.018510838970541954, 0.017975537106394768, 0.017848147079348564, 0.018133223056793213, 0.017691507935523987, 0.017797520384192467, 0.017574315890669823, 0.017781345173716545, 0.017471356317400932, 0.017524367198348045, 0.017301131039857864, 0.017738288268446922, 0.017180100083351135, 0.01717355102300644, 0.017274342477321625, 0.017274994403123856, 0.01711331494152546, 0.016971126198768616, 0.017185382544994354, 0.016867974773049355, 0.016920553520321846, 0.01701042242348194, 0.016946937888860703, 0.016605520620942116, 0.016675928607583046, 0.01668635569512844, 0.016437936574220657, 0.016576403751969337, 0.01637342758476734, 0.016675014048814774, 0.01609306037425995, 0.01628943532705307, 0.016218984499573708, 0.016370227560400963, 0.016168903559446335, 0.016281135380268097, 0.016374321654438972, 0.016050124540925026, 0.016108427196741104, 0.016153382137417793, 0.016111217439174652, 0.015890030190348625, 0.016276918351650238, 0.015926694497466087, 0.015796732157468796, 0.015952100977301598, 0.015810947865247726, 0.01586117595434189, 0.015888584777712822, 0.015792978927493095], "mae": [0.028499117121100426, 0.01729109138250351, 0.011884058825671673, 0.010442405939102173, 0.009526198729872704, 0.0089806467294693, 0.008684307336807251, 0.008440090343356133, 0.008212591521441936, 0.008041572757065296, 0.00801429059356451, 0.007856052368879318, 0.007911748252809048, 0.007836787961423397, 0.007677813526242971, 0.007600146345794201, 0.007702792063355446, 0.007597446441650391, 0.007477877661585808, 0.007500890176743269, 0.007514663971960545, 0.007515116594731808, 0.007391379214823246, 0.007363307289779186, 0.0073535204865038395, 0.00736614502966404, 0.007328657899051905, 0.00735592283308506, 0.007281302008777857, 0.007265291176736355, 0.007279055193066597, 0.007230839226394892, 0.007236533798277378, 0.007199502550065517, 0.0072053358890116215, 0.00716935470700264, 0.007178082596510649, 0.007126133423298597, 0.007226035930216312, 0.007121341768652201, 0.007097016554325819, 0.007116301450878382, 0.007135035004466772, 0.007095835637301207, 0.007066596765071154, 0.007101631723344326, 0.007041448727250099, 0.007049439940601587, 0.007088427897542715, 0.007040516007691622, 0.0069700609892606735, 0.006982136983424425, 0.006972848903387785, 0.006957864388823509, 0.006979616824537516, 0.006933940574526787, 0.0069856829941272736, 0.006887826137244701, 0.006933644413948059, 0.006901668384671211, 0.00692105945199728, 0.006886923685669899, 0.006897790357470512, 0.006940209306776524, 0.0068555306643247604, 0.006866878364235163, 0.0068726553581655025, 0.0068703810684382915, 0.006834261119365692, 0.006888515781611204, 0.006831607315689325, 0.006822689436376095, 0.00683719152584672, 0.0067974585108459, 0.006813973654061556, 0.006810378283262253, 0.0067940824665129185], "mse": [0.0014254417037591338, 0.0005567095358856022, 0.00025416442076675594, 0.0001955267071025446, 0.00016302244330290705, 0.00014396400365512818, 0.0001344851334579289, 0.00012683555542025715, 0.00012034688552375883, 0.00011562628787942231, 0.00011504106078064069, 0.00011014861956937239, 0.00011229089432163164, 0.00011037215153919533, 0.00010530409053899348, 0.00010333207319490612, 0.00010570661834208295, 0.00010370047675678506, 9.989853424485773e-05, 0.00010130363079952076, 0.00010105553519679233, 0.00010148826549993828, 9.803686407394707e-05, 9.75371731328778e-05, 9.697113273432478e-05, 9.668608254287392e-05, 9.670774306869134e-05, 9.795248479349539e-05, 9.507383947493508e-05, 9.442344162380323e-05, 9.55403593252413e-05, 9.367649181513116e-05, 9.414208761882037e-05, 9.303431579610333e-05, 9.402908472111449e-05, 9.240037616109475e-05, 9.277455683331937e-05, 9.146673255600035e-05, 9.394512017024681e-05, 9.098442387767136e-05, 9.048877836903557e-05, 9.129933459917083e-05, 9.129058162216097e-05, 9.038530697580427e-05, 8.989033085526899e-05, 9.085377678275108e-05, 8.908860763767734e-05, 8.963777509052306e-05, 8.993715164251626e-05, 8.953554788604379e-05, 8.778842311585322e-05, 8.81651503732428e-05, 8.808924030745402e-05, 8.714133582543582e-05, 8.761463686823845e-05, 8.649034862173721e-05, 8.814204193186015e-05, 8.530873310519382e-05, 8.638798317406327e-05, 8.584722672821954e-05, 8.645726484246552e-05, 8.564135350752622e-05, 8.59927968122065e-05, 8.670757961226627e-05, 8.48989948281087e-05, 8.513443754054606e-05, 8.520871779182926e-05, 8.507540042046458e-05, 8.410267037106678e-05, 8.57897030073218e-05, 8.386823901673779e-05, 8.379497739952058e-05, 8.428064757026732e-05, 8.330250420840457e-05, 8.383300882996991e-05, 8.400242950301617e-05, 8.323702058987692e-05], "val_loss": [0.16154132783412933, 0.06233837455511093, 0.037387456744909286, 0.030066147446632385, 0.02487328089773655, 0.025620384141802788, 0.023732468485832214, 0.022267695516347885, 0.020217537879943848, 0.02324352040886879, 0.019522307440638542, 0.028074150905013084, 0.022177329286932945, 0.017416371032595634, 0.0186037328094244, 0.01781334914267063, 0.018102165311574936, 0.019851544871926308, 0.021147238090634346, 0.01773780584335327, 0.02447262965142727, 0.018118347972631454, 0.019432714208960533, 0.017491189762949944, 0.02116159349679947, 0.017922796308994293, 0.018244462087750435, 0.020101621747016907, 0.017269061878323555, 0.017762692645192146, 0.018103502690792084, 0.01692403480410576, 0.02295275591313839, 0.01823212206363678, 0.016731375828385353, 0.01809687539935112, 0.016090475022792816, 0.017149759456515312, 0.01680747978389263, 0.01659504324197769, 0.01669316738843918, 0.01679047755897045, 0.01782914809882641, 0.0162382572889328, 0.015906451269984245, 0.016591917723417282, 0.017642823979258537, 0.017142411321401596, 0.01581720821559429, 0.016631148755550385, 0.017392974346876144, 0.015624163672327995, 0.016670485958456993, 0.01641034707427025, 0.015872808173298836, 0.015660764649510384, 0.01710057258605957, 0.016818758100271225, 0.017593225464224815, 0.015851769596338272, 0.01608419232070446, 0.015230224467813969, 0.015672355890274048, 0.015508037991821766, 0.016306085512042046, 0.015368524007499218, 0.015592709183692932, 0.0161606315523386, 0.016165927052497864, 0.015503209084272385, 0.01888558268547058, 0.016265906393527985, 0.016217950731515884, 0.016199197620153427, 0.015685804188251495, 0.015691349282860756, 0.015657130628824234],