{"sampleRate": 44100, "context": 44, "trainNvalSize": 75000, "lstmUnits": 64, "learningRate": 0.001, "epochs": 100, "patience": 15, "batchSize": 64, "shuffle": true, "randomState": 25, "trainTime": 329.6310408115387, "gain": "Mid", "testESR": 0.03350519761443138}