{"loss": [0.14432302117347717, 0.034207914024591446, 0.04279575124382973, 0.02682829461991787, 0.024557694792747498, 0.02171129547059536, 0.020292529836297035, 0.01865806058049202, 0.01758403517305851, 0.017191175371408463, 0.01677161641418934, 0.015295896679162979, 0.015372329391539097, 0.014577905647456646, 0.014843061566352844, 0.014170360751450062, 0.013879891484975815, 0.3031581938266754, 0.23352068662643433, 0.20293839275836945, 0.11179117858409882, 0.057663384824991226, 0.037292711436748505, 0.04144657403230667, 0.02721932716667652, 0.023311179131269455, 0.021778563037514687, 0.022772150114178658, 0.018909946084022522, 0.018275827169418335, 0.017463330179452896, 0.016968408599495888], "mae": [0.018783487379550934, 0.009976985864341259, 0.010542497970163822, 0.0088145537301898, 0.008467430248856544, 0.007956973277032375, 0.00773448683321476, 0.007408773060888052, 0.0071714590303599834, 0.007116236723959446, 0.007032961118966341, 0.006706617772579193, 0.006729199085384607, 0.006599408108741045, 0.006610216572880745, 0.006471794564276934, 0.006418344099074602, 0.028904251754283905, 0.027723373845219612, 0.025502478703856468, 0.018913354724645615, 0.013201377354562283, 0.01044343039393425, 0.010988577269017696, 0.009085624478757381, 0.008410407230257988, 0.008136835880577564, 0.008215242065489292, 0.007543701212853193, 0.007430067751556635, 0.007257565390318632, 0.007180170156061649], "mse": [0.000779520021751523, 0.00018276608898304403, 0.00023145934392232448, 0.00014242506586015224, 0.00013096754264552146, 0.00011546543100848794, 0.00010893361468333751, 9.975653665605932e-05, 9.3967690190766e-05, 9.1856527433265e-05, 9.002906881505623e-05, 8.173870446626097e-05, 8.229163358919322e-05, 7.810596434865147e-05, 7.921549695311114e-05, 7.565934356534854e-05, 7.417576125590131e-05, 0.001640109228901565, 0.0012581314658746123, 0.0010889646364375949, 0.000599116669036448, 0.0003094103594776243, 0.00020052140462212265, 0.00022179876395966858, 0.00014551013009622693, 0.00012458034325391054, 0.00011633745452854782, 0.0001221180136781186, 0.00010138768266187981, 9.780559048522264e-05, 9.337178926216438e-05, 9.080783638637513e-05], "val_loss": [0.08938765525817871, 0.05359738692641258, 0.022680070251226425, 0.024617522954940796, 0.02280859462916851, 0.03565498813986778, 0.017464930191636086, 0.020797165110707283, 0.017901169136166573, 0.013805651105940342, 0.015887079760432243, 0.014962966553866863, 0.014703718014061451, 0.014065710827708244, 0.013456936925649643, 0.014118577353656292, 0.013355620205402374, 0.34156620502471924, 0.1951736956834793, 0.18941836059093475, 0.07766339182853699, 0.04169556498527527, 0.03490117937326431, 0.029695505276322365, 0.02296685427427292, 0.020676353946328163, 0.019080493599176407, 0.018673693761229515, 0.015508483164012432, 0.02392459101974964, 0.019135506823658943, 0.014607810415327549], "val_mae": [0.01435945462435484, 0.013375171460211277, 0.008400097489356995, 0.00922241061925888, 0.00883703213185072, 0.011012619361281395, 0.00736622279509902, 0.008163779973983765, 0.007288317661732435, 0.006554528139531612, 0.006807011552155018, 0.006406876258552074, 0.006593633908778429, 0.006375234108418226, 0.0061188326217234135, 0.00641448050737381, 0.006096852011978626, 0.035719167441129684, 0.025265084579586983, 0.023837758228182793, 0.015529216267168522, 0.01117244828492403, 0.010386222042143345, 0.00937627162784338, 0.008401531726121902, 0.00794748030602932, 0.007804770488291979, 0.007546728942543268, 0.00663929246366024, 0.009248726069927216, 0.007854045368731022, 0.006410685367882252], "val_mse": [0.00047801609616726637, 0.0002871745091397315, 0.00012156383309047669, 0.00013152520114090294, 0.00012192699068691581, 0.00019084497762378305, 9.411789505975321e-05, 0.00011158617417095229, 9.644003148423508e-05, 7.398164598271251e-05, 8.561660797568038e-05, 8.009061275515705e-05, 7.890931010479107e-05, 7.531366281909868e-05, 7.24475976312533e-05, 7.610561442561448e-05, 7.177166844485328e-05, 0.001839876058511436, 0.0010545420227572322, 0.0010202982230111957, 0.00041745396447367966, 0.00022505091328639537, 0.00018858462863136083, 0.00016015744768083096, 0.00012382870772853494, 0.00011141901632072404, 0.00010254573135171086, 0.00010040698543889448, 8.35670143715106e-05, 0.00012797029921784997, 0.00010261558782076463, 7.864605140639469e-05]}