{"loss": [0.16546998918056488, 0.03427747264504433, 0.024228323251008987, 0.022694481536746025, 0.021370723843574524, 0.017115479335188866, 0.01647857204079628, 0.016192074865102768, 0.014823175966739655, 0.014898096211254597, 0.013661627657711506, 0.013382092118263245, 0.013348671607673168, 0.012839683331549168, 0.012779632583260536, 0.012444660067558289, 0.012686059810221195, 0.012167258188128471, 0.01193181797862053, 0.012133250012993813, 0.011700336821377277, 0.012036576867103577, 0.011581146158277988, 0.011415518820285797, 0.011615583673119545, 0.01160118356347084, 0.011333653703331947, 0.011233861558139324, 0.011189240962266922, 0.010934830643236637, 0.011010809801518917, 0.010864373296499252, 0.011001469567418098, 0.011061077937483788, 0.010856660082936287, 0.011014123447239399, 0.010633431375026703], "mae": [0.013950936496257782, 0.00740442331880331, 0.006287784315645695, 0.006129405461251736, 0.005940611939877272, 0.005320047494024038, 0.00522429496049881, 0.005093622952699661, 0.0049338252283632755, 0.004918842576444149, 0.004728049039840698, 0.004680048208683729, 0.004707516636699438, 0.0045996070839464664, 0.004602010361850262, 0.004494972061365843, 0.004568864591419697, 0.00443735858425498, 0.004411644767969847, 0.004476739093661308, 0.0043602860532701015, 0.004468829371035099, 0.004353157710283995, 0.004298948682844639, 0.004363724496215582, 0.00436443043872714, 0.004326246213167906, 0.00429803691804409, 0.0042731063440442085, 0.004221552517265081, 0.0042572529055178165, 0.004217825829982758, 0.0042230612598359585, 0.004223479423671961, 0.004195471294224262, 0.004260439891368151, 0.004161028191447258], "mse": [0.0005550880450755358, 0.00011252117110416293, 8.002262620721012e-05, 7.529085269197822e-05, 7.02754405210726e-05, 5.65058653592132e-05, 5.432114994619042e-05, 5.326219252310693e-05, 4.883861402049661e-05, 4.938173879054375e-05, 4.528650606516749e-05, 4.447780884220265e-05, 4.433037975104526e-05, 4.2579056753311306e-05, 4.2429401219123974e-05, 4.1143248381558806e-05, 4.1692019294714555e-05, 4.014679871033877e-05, 3.934577398467809e-05, 4.0139788325177506e-05, 3.8838701584609225e-05, 3.9775113691575825e-05, 3.814115552813746e-05, 3.7781752325827256e-05, 3.8257672713370994e-05, 3.8358168239938095e-05, 3.748774906853214e-05, 3.714755075634457e-05, 3.6950215871911496e-05, 3.607477628975175e-05, 3.639718852355145e-05, 3.581766941351816e-05, 3.625932731665671e-05, 3.638290581875481e-05, 3.5708511859411374e-05, 3.63204198947642e-05, 3.513000410748646e-05], "val_loss": [0.03246982395648956, 0.02093137428164482, 0.022608762606978416, 0.013853776268661022, 0.020486930385231972, 0.019978586584329605, 0.013751247897744179, 0.012734457850456238, 0.013529221527278423, 0.023389369249343872, 0.016697920858860016, 0.013062210753560066, 0.012342668138444424, 0.012244143523275852, 0.012946277856826782, 0.012233547866344452, 0.017808325588703156, 0.011031409725546837, 0.01203435193747282, 0.01173363160341978, 0.015556668862700462, 0.010521411895751953, 0.012959949672222137, 0.011097489856183529, 0.012250601314008236, 0.016459468752145767, 0.011422311887145042, 0.01623448170721531, 0.011933594010770321, 0.010701482184231281, 0.011405006051063538, 0.010548652149736881, 0.010691221803426743, 0.010967080481350422, 0.012698378413915634, 0.017993828281760216, 0.013419290073215961], "val_mae": [0.0076138935983181, 0.005613112356513739, 0.00642428221181035, 0.004749417304992676, 0.006083764601498842, 0.005432336125522852, 0.004437977913767099, 0.004223189316689968, 0.004372051917016506, 0.005197806749492884, 0.004911425523459911, 0.004946270491927862, 0.00406706053763628, 0.0048160008154809475, 0.004225640557706356, 0.0043669105507433414, 0.005080195609480143, 0.004125460051000118, 0.003982568625360727, 0.004152126610279083, 0.005708904005587101, 0.003823180915787816, 0.0045264121145009995, 0.004418547730892897, 0.004077047575265169, 0.005486310925334692, 0.004027937073260546, 0.005885758902877569, 0.004287316929548979, 0.0038409922271966934, 0.004156708251684904, 0.004277701489627361, 0.004389671143144369, 0.004020169377326965, 0.00508726853877306, 0.00584711879491806, 0.004832399543374777], "val_mse": [0.00010616576764732599, 6.851225043646991e-05, 7.348085637204349e-05, 4.5854580093873665e-05, 6.714108167216182e-05, 6.688402936561033e-05, 4.568605072563514e-05, 4.179903044132516e-05, 4.430145781952888e-05, 8.033453195821494e-05, 5.4697309678886086e-05, 4.2715582821983844e-05, 4.051425639772788e-05, 4.008143878309056e-05, 4.2649673559935763e-05, 3.9935930544743314e-05, 5.8950572565663606e-05, 3.616946196416393e-05, 3.9861377445049584e-05, 3.839737837552093e-05, 5.10654499521479e-05, 3.447232666076161e-05, 4.263985829311423e-05, 3.6201152397552505e-05, 4.0096445445669815e-05, 5.382508970797062e-05, 3.735355494427495e-05, 5.29553581145592e-05, 3.896713678841479e-05, 3.501605533529073e-05, 3.7322297430364415e-05, 3.4425862395437434e-05, 3.486793502815999e-05, 3.5834425943903625e-05, 4.148109655943699e-05, 5.859213706571609e-05, 4.467083635972813e-05]}