{"loss": [0.17064042389392853, 0.04220161586999893, 0.03438209742307663, 0.03077682852745056, 0.030015289783477783, 0.03755072131752968, 0.025320079177618027, 0.023967565968632698, 0.023617558181285858, 0.02272528037428856, 0.022403698414564133, 0.021664343774318695, 0.02122577652335167, 0.02138502709567547, 0.020232805982232094, 0.01962650939822197, 0.019910844042897224, 0.018908081576228142, 0.01906723342835903, 0.019056156277656555, 0.01877019554376602, 0.018511343747377396, 0.018196623772382736, 0.018109140917658806, 0.017838846892118454, 0.017674634233117104, 0.026605986058712006, 0.09256217628717422, 0.025105955079197884, 0.02302619069814682, 0.021758945658802986, 0.020629217848181725, 0.020158899948000908, 0.019772717729210854, 0.01921631395816803, 0.018927833065390587], "mae": [0.02229570783674717, 0.011786981485784054, 0.010702285915613174, 0.0101552102714777, 0.009956659749150276, 0.010654059238731861, 0.009248198941349983, 0.009017344564199448, 0.008901628665626049, 0.008798440918326378, 0.008698931895196438, 0.008559225127100945, 0.008481753058731556, 0.00849082786589861, 0.008287878707051277, 0.008193125016987324, 0.008201337419450283, 0.00801960751414299, 0.00803857296705246, 0.008028176613152027, 0.007969805970788002, 0.007931467145681381, 0.007868415676057339, 0.007837188430130482, 0.0077811419032514095, 0.007723493501543999, 0.008557979017496109, 0.017084751278162003, 0.009273659437894821, 0.00890437699854374, 0.008657499216496944, 0.008425753563642502, 0.008303704671561718, 0.008231843821704388, 0.008143886923789978, 0.008086709305644035], "mse": [0.0010274597443640232, 0.0002521091955713928, 0.00020587835751939565, 0.00018475804245099425, 0.0001790049864212051, 0.0002240403409814462, 0.0001512782764621079, 0.00014360537170432508, 0.000140882475534454, 0.00013556625344790518, 0.00013405299978330731, 0.00012934931146446615, 0.00012641910871025175, 0.00012756824435200542, 0.00012093988334527239, 0.0001174111312138848, 0.00011906954023288563, 0.00011290366819594055, 0.0001140139065682888, 0.00011368973355274647, 0.00011235250713070855, 0.0001107114294427447, 0.00010878032480832189, 0.00010799527808558196, 0.00010662343993317336, 0.0001050927021424286, 0.00015883591549936682, 0.0005551034701056778, 0.0001501500082667917, 0.0001374371349811554, 0.0001299545547226444, 0.00012342042464297265, 0.00012003608571831137, 0.00011771522258641198, 0.00011473204358480871, 0.00011344302765792236], "val_loss": [0.042475830763578415, 0.03165404498577118, 0.02538337931036949, 0.03325260058045387, 0.026874784380197525, 0.030201006680727005, 0.02608479931950569, 0.021716410294175148, 0.02144741453230381, 0.02119208499789238, 0.02328205481171608, 0.021466286852955818, 0.018892792984843254, 0.026743123307824135, 0.01783066801726818, 0.01947779394686222, 0.020827025175094604, 0.02472127042710781, 0.0178192351013422, 0.019702255725860596, 0.017644671723246574, 0.01885993964970112, 0.018833862617611885, 0.019112836569547653, 0.01929243467748165, 0.018605895340442657, 0.24583712220191956, 0.02805386111140251, 0.02687109261751175, 0.021558916196227074, 0.02234857901930809, 0.02058429829776287, 0.019027823582291603, 0.021916856989264488, 0.018327368423342705, 0.018251441419124603], "val_mae": [0.012068810872733593, 0.010761027224361897, 0.00907054916024208, 0.009821704588830471, 0.00965062715113163, 0.010371152311563492, 0.009566910564899445, 0.00838493462651968, 0.008671484887599945, 0.008393133990466595, 0.008518308401107788, 0.00863535888493061, 0.007945019751787186, 0.010158832184970379, 0.007657469250261784, 0.007961109280586243, 0.008201261050999165, 0.009287813678383827, 0.00781429372727871, 0.00797348003834486, 0.0075215850956737995, 0.007959953509271145, 0.007981372997164726, 0.007903950288891792, 0.00799295399338007, 0.007938671857118607, 0.028566395863890648, 0.00961243361234665, 0.009973636828362942, 0.008640921674668789, 0.009010556153953075, 0.008194902911782265, 0.00806951429694891, 0.008603299967944622, 0.00780757749453187, 0.007768102455884218], "val_mse": [0.0002543785667512566, 0.00018961072782985866, 0.00015243294183164835, 0.00020011495507787913, 0.0001605119468877092, 0.00018099052249453962, 0.00015646425890736282, 0.00012977508595213294, 0.00012800631520804018, 0.00012647233961615711, 0.00013989607396069914, 0.00012882349255960435, 0.00011318136239424348, 0.00015916168922558427, 0.00010665888112271205, 0.0001166601650766097, 0.00012421915016602725, 0.00014709102106280625, 0.00010662857675924897, 0.00011745954543584958, 0.00010550439765211195, 0.00011274468852207065, 0.00011231590178795159, 0.00011400676885386929, 0.00011536929378053173, 0.00011085112782893702, 0.0014674190897494555, 0.0001678654080023989, 0.0001607471494935453, 0.00012881610018666834, 0.0001333139225607738, 0.00012276465713512152, 0.00011351874127285555, 0.00013061043864581734, 0.0001093944301828742, 0.00010907460818998516]}