{"sampleRate": 44100, "chunkSize": 66, "trainNvalSize": 74862, "lstmUnits": 96, "learningRate": 0.01, "epochs": 100, "patience": 15, "batchSize": 64, "shuffle": true, "randomState": 25, "trainTime": 247.27478051185608, "gain": "High", "testing": 0.03853804990649223}