{"loss": [0.5251105427742004, 0.30628517270088196, 0.26294779777526855, 0.23894043266773224, 0.2306879609823227, 0.22627107799053192, 0.21849821507930756, 0.21131746470928192, 0.2114643156528473, 0.20930662751197815, 0.20457015931606293, 0.20317015051841736, 0.1999845802783966, 0.1977502554655075, 0.19684232771396637, 0.19576410949230194, 0.19318386912345886, 0.1933775693178177, 0.1906317174434662, 0.19127747416496277, 0.1911841481924057, 0.18879781663417816, 0.1875290721654892, 0.18824522197246552, 0.18687549233436584, 0.18620626628398895, 0.18441742658615112, 0.1839424967765808, 0.1838282346725464, 0.18362390995025635, 0.18260391056537628, 0.18057754635810852, 0.18118059635162354, 0.18062332272529602, 0.18865352869033813, 0.18247728049755096, 0.3218453526496887, 0.5816578269004822, 0.5720475316047668, 0.5737525820732117, 0.571382462978363, 0.5697103142738342, 0.5703906416893005, 0.5672005414962769, 0.5640375018119812, 0.5564523935317993, 0.5525104999542236, 0.5469052791595459, 0.5172937512397766, 0.5485746264457703, 0.5813080072402954], "mae": [0.06562350690364838, 0.04896828904747963, 0.04490436986088753, 0.04262923821806908, 0.041805971413850784, 0.04128839075565338, 0.0406530424952507, 0.039958655834198, 0.039977241307497025, 0.03975836932659149, 0.039256248623132706, 0.039092257618904114, 0.03875384107232094, 0.03849057853221893, 0.038409486413002014, 0.03835614025592804, 0.038141053169965744, 0.03808828815817833, 0.03784659877419472, 0.0378485731780529, 0.03790238872170448, 0.03759772703051567, 0.03748377785086632, 0.03758002445101738, 0.03744976222515106, 0.03737926110625267, 0.03715544939041138, 0.03715437278151512, 0.03714269399642944, 0.03709213808178902, 0.03700079768896103, 0.03672857582569122, 0.036854613572359085, 0.03684898838400841, 0.03751450777053833, 0.03704845532774925, 0.04657299816608429, 0.07014348357915878, 0.06944701075553894, 0.0694124773144722, 0.06918379664421082, 0.06901516765356064, 0.06893941015005112, 0.0687093585729599, 0.06839355826377869, 0.0678330510854721, 0.06780768185853958, 0.06720210611820221, 0.06475027650594711, 0.06678389757871628, 0.07004094123840332], "mse": [0.00729441037401557, 0.004235762171447277, 0.0036399115342646837, 0.003307744860649109, 0.003183448687195778, 0.0031220244709402323, 0.003011340042576194, 0.002922937972471118, 0.002922462997958064, 0.002892590593546629, 0.0028308068867772818, 0.002808318240568042, 0.0027567341458052397, 0.002731281565502286, 0.0027122367173433304, 0.0026995057705789804, 0.002665104577317834, 0.002667926484718919, 0.0026343916542828083, 0.002634198870509863, 0.0026369637344032526, 0.00260011269710958, 0.0025872080586850643, 0.0025975238531827927, 0.002574181417003274, 0.0025705404113978148, 0.0025393252726644278, 0.0025372649542987347, 0.0025394160766154528, 0.0025334907695651054, 0.002517984015867114, 0.0024884704034775496, 0.002497018314898014, 0.002492831787094474, 0.0026057681534439325, 0.002514675259590149, 0.004431752022355795, 0.008086672984063625, 0.007954761385917664, 0.00797379482537508, 0.00793764740228653, 0.007913758978247643, 0.00792653113603592, 0.007886866107583046, 0.007827992551028728, 0.007733747363090515, 0.007671339437365532, 0.007594330236315727, 0.007185003254562616, 0.007623454090207815, 0.008084769360721111], "val_loss": [0.3502938449382782, 0.2387532740831375, 0.22344014048576355, 0.2186361700296402, 0.23443543910980225, 0.2100507915019989, 0.222940132021904, 0.2073802351951599, 0.20418484508991241, 0.21457569301128387, 0.19796210527420044, 0.2207176834344864, 0.22044610977172852, 0.20841166377067566, 0.1882925033569336, 0.19478657841682434, 0.22000643610954285, 0.19858622550964355, 0.1847923994064331, 0.22126668691635132, 0.20048969984054565, 0.18748033046722412, 0.18777745962142944, 0.19930002093315125, 0.19050921499729156, 0.19725286960601807, 0.1876421570777893, 0.18790030479431152, 0.1833370476961136, 0.19732706248760223, 0.1818474978208542, 0.1815660148859024, 0.1883375197649002, 0.18054181337356567, 0.19640254974365234, 0.17636361718177795, 0.5971802473068237, 0.5732976198196411, 0.5683975219726562, 0.577124834060669, 0.5681514143943787, 0.5787736773490906, 0.5656045079231262, 0.5861256718635559, 0.5553278923034668, 0.5712986588478088, 0.6068404316902161, 0.5335642099380493, 0.49493271112442017, 0.6258059144020081, 0.5426738262176514], "val_mae": [0.05323164537549019, 0.04296952113509178, 0.040897566825151443, 0.04055082052946091, 0.04310409724712372, 0.04006851837038994, 0.041335735470056534, 0.039538007229566574, 0.03896915167570114, 0.04034716635942459, 0.03803643211722374, 0.04078097641468048, 0.040492910891771317, 0.03989208862185478, 0.03717392310500145, 0.03782908618450165, 0.039621658623218536, 0.038778576999902725, 0.037176523357629776, 0.04020894691348076, 0.03824905678629875, 0.03681757673621178, 0.037264563143253326, 0.03877009078860283, 0.037529610097408295, 0.03798002749681473, 0.03706016764044762, 0.03681398183107376, 0.036696624010801315, 0.03816211596131325, 0.036180369555950165, 0.03635207563638687, 0.037450678646564484, 0.036658208817243576, 0.03826124593615532, 0.03594420477747917, 0.07114032655954361, 0.06952608376741409, 0.0688989982008934, 0.06934189796447754, 0.06856957077980042, 0.06963656842708588, 0.06852623075246811, 0.07006953656673431, 0.06762553751468658, 0.06882832944393158, 0.07169298082590103, 0.06568253040313721, 0.06297536939382553, 0.07265643030405045, 0.06636771559715271], "val_mse": [0.00482027605175972, 0.003272757865488529, 0.0030686589889228344, 0.0029941629618406296, 0.003214417025446892, 0.002875740872696042, 0.003062480827793479, 0.002838366199284792, 0.002808574354276061, 0.00294919079169631, 0.0027191354893147945, 0.003012439701706171, 0.0030202683992683887, 0.002851339988410473, 0.0025825095362961292, 0.0026613494846969843, 0.0030287967529147863, 0.00272201094776392, 0.0025344339665025473, 0.0030215212609618902, 0.002755476627498865, 0.002564158523455262, 0.0025776170659810305, 0.002737913280725479, 0.0026101802941411734, 0.002699097851291299, 0.002566817682236433, 0.0025762557052075863, 0.0025121024809777737, 0.0027007944881916046, 0.0024937386624515057, 0.0024899423588067293, 0.002582384506240487, 0.0024744197726249695, 0.0026898335199803114, 0.0024146807845681906, 0.008246050216257572, 0.007916847243905067, 0.007842719554901123, 0.007952982559800148, 0.007837451994419098, 0.007978475652635098, 0.007805309724062681, 0.00808014627546072, 0.007671460509300232, 0.007872065529227257, 0.0083547942340374, 0.007364119403064251, 0.006836310960352421, 0.00865047238767147, 0.007475632708519697]}